id,MedHouseVal
37137,0.4114501577379066
37138,0.960463537793931
37139,3.7050369333300104
37140,3.370659696771302
37141,2.161543958521637
37142,3.305056446480851
37143,1.7133035085621522
37144,2.012799765370776
37145,1.0038210941839942
37146,0.71296721335165
37147,2.19259340629657
37148,1.8143363265160168
37149,1.3967153727041683
37150,1.7325106382497246
37151,1.8381183545975865
37152,3.5090417607305575
37153,1.6178753652382092
37154,2.0590106792322764
37155,1.9250062062568567
37156,0.6583786438695576
37157,2.93703491495069
37158,1.5272359686949848
37159,1.1933045094113233
37160,0.813421852381655
37161,2.553443967466965
37162,2.698509713064144
37163,2.7189379929497512
37164,1.844807683247982
37165,3.0114155761537553
37166,1.9549892166506915
37167,5.106651675462448
37168,6.2391572859573365
37169,1.28670446426813
37170,0.794427996394294
37171,3.1521486906800114
37172,4.366681158892906
37173,2.5859000688422533
37174,1.5423647981465969
37175,1.2629304032796576
37176,2.305595543434155
37177,2.131959600590651
37178,1.535373851199882
37179,2.008032329489371
37180,3.666559758549173
37181,2.2026410596263055
37182,0.8954142245499135
37183,2.7361321518926083
37184,2.8458611350810976
37185,2.869521081198915
37186,1.8187084033745045
37187,1.6495861206079248
37188,2.954690793172521
37189,0.9082075283863595
37190,2.248765826977152
37191,2.3083207686202663
37192,0.9905909403127033
37193,3.344850814779509
37194,1.0735183650243165
37195,2.101962440603362
37196,1.461617953444577
37197,1.2449963604271552
37198,1.9942135170593112
37199,2.1802404198271326
37200,3.528588901362699
37201,3.1152831584651643
37202,2.372985694251387
37203,2.253652739011674
37204,2.097276890515989
37205,2.7181226739417106
37206,2.413964416040674
37207,2.1699596627239295
37208,1.0366400762034438
37209,2.8414006148489968
37210,3.651042412707117
37211,3.8463327890445136
37212,1.4468928011227185
37213,3.083979961855082
37214,1.394026501602756
37215,0.7833436243365703
37216,1.771659048584585
37217,1.419788921042855
37218,2.7927484549418047
37219,1.1404552056431818
37220,2.214358345704742
37221,1.0362628133911507
37222,1.4791057408798771
37223,1.8651800335604811
37224,3.0198256512108266
37225,1.894025314300226
37226,4.536502376640275
37227,2.1441737703866615
37228,0.4843176598352308
37229,2.079879667464386
37230,2.3023788646420407
37231,0.6537399435206943
37232,3.443678473523736
37233,0.9419756841387574
37234,0.6147060982754375
37235,2.03366932596467
37236,2.919769889150505
37237,2.5668137581012935
37238,3.429165678531721
37239,1.161762233185744
37240,0.9128452478985771
37241,2.268283822272341
37242,2.7009247817042628
37243,2.8811293517006256
37244,0.9155643151577273
37245,2.789063903878745
37246,1.4572429566299299
37247,1.4259696971541338
37248,1.7443639196082223
37249,3.3023183075648923
37250,0.5993681024898798
37251,2.2945986894847614
37252,1.786325702928
37253,2.4821237542064445
37254,1.7598960390841718
37255,1.8120006288788808
37256,2.6304228755322505
37257,4.459333133862518
37258,1.309162450112698
37259,3.445220277015668
37260,1.7421748612798957
37261,2.087843564604416
37262,2.2855564897182354
37263,1.5399982761915574
37264,1.4377718508606314
37265,3.1583272221716108
37266,1.749718233669487
37267,2.866108497741326
37268,1.1581896379756564
37269,1.0375945015611059
37270,1.766716512737478
37271,2.4859706204558485
37272,0.9388428956981762
37273,1.9736777017310239
37274,0.7322013172491815
37275,2.9847493727846803
37276,0.9313111434025281
37277,1.807951774781376
37278,1.7727922138665981
37279,2.9760890860307008
37280,2.9038956165420338
37281,4.989849618094386
37282,2.0254347911797232
37283,2.41050611088858
37284,3.9893955121303897
37285,2.4416282460841963
37286,2.7666042710548346
37287,2.467174222529483
37288,0.7575493328634515
37289,1.180561277507966
37290,0.9318392342148236
37291,1.869327815379794
37292,1.7576100928801317
37293,1.2696763540360543
37294,1.6582584376071772
37295,0.7357028549683413
37296,0.7545798592908604
37297,0.7875151425308538
37298,1.889238407965312
37299,2.798411720132666
37300,1.7140838874995588
37301,2.3736915320935488
37302,0.5018311366321804
37303,3.431479243933641
37304,2.864742138535096
37305,1.1106005272778567
37306,1.9488079114815697
37307,2.2280931149561276
37308,5.152977988259753
37309,2.790020663965837
37310,1.975268575968986
37311,1.6868029044657966
37312,1.4665214018966175
37313,2.585516696329737
37314,3.1746258206945477
37315,0.8062716965691017
37316,0.9590687754451075
37317,3.7040768853769386
37318,2.2465925545816425
37319,1.7103118999048412
37320,1.088656739711272
37321,1.783141257624866
37322,1.7079705907326321
37323,2.458647102042338
37324,1.1517249774666176
37325,2.497387994633886
37326,1.2653964026574336
37327,2.2080466239628755
37328,1.5353285329532902
37329,1.3623779071751336
37330,1.1766556150428507
37331,2.5295644327578124
37332,0.9079245076292786
37333,2.3548755301432927
37334,1.8572191964115952
37335,1.7759492848954928
37336,1.6462128960490112
37337,0.767776290436391
37338,1.7813121686095919
37339,1.2930060579748819
37340,1.8150185838531918
37341,2.660821700889958
37342,2.0048986870287173
37343,1.0942973518114378
37344,2.1365084790349194
37345,5.521199792049632
37346,1.6452067167463618
37347,2.002587715281951
37348,1.2039702040827969
37349,1.1961618539530186
37350,1.8370360047802343
37351,2.5558949492592014
37352,2.1735246880700494
37353,1.9031406042991001
37354,3.1467782816539263
37355,1.5663557689696326
37356,0.7720960216491939
37357,2.8110345577740112
37358,3.90987676884237
37359,3.351107527805315
37360,1.0187690236744267
37361,2.648872784604098
37362,0.1667450657384002
37363,0.5642829499459516
37364,3.2160186459309195
37365,2.768176760126469
37366,0.966745058564701
37367,1.6560385760608973
37368,1.3823670510423973
37369,1.631744105148048
37370,1.0289751228724562
37371,1.0053191956580783
37372,0.9549346219358803
37373,0.5939177312793795
37374,0.7160931090783471
37375,1.538897671674622
37376,2.8302912947531276
37377,2.536610579007519
37378,2.0690730747562363
37379,1.108982925998422
37380,0.8474256742801494
37381,0.8753195466561898
37382,0.8535642968990977
37383,3.787371076656658
37384,2.114174671414279
37385,2.6053725508018353
37386,1.2686892422223401
37387,1.8331633778430252
37388,3.4925625639455724
37389,2.920024785956432
37390,3.146828116492973
37391,2.766074163466019
37392,0.8542330161895428
37393,4.625120487188955
37394,3.2320818291907507
37395,1.6368964229488405
37396,2.632722101669348
37397,1.3415098804594585
37398,1.4694257108686948
37399,1.2957725781038114
37400,2.2292707413203665
37401,1.0256321668409534
37402,1.081743345660815
37403,1.6288972115013998
37404,2.36531473825821
37405,0.8290979072863287
37406,3.107324281808193
37407,1.6236307609606264
37408,2.179467257565765
37409,2.1095362259651473
37410,1.5460566389369923
37411,1.4164990917950355
37412,1.2337229629021103
37413,4.86937989570902
37414,0.5977836194571786
37415,1.4944962024494863
37416,1.6748662448844875
37417,3.5551675716212436
37418,2.650891821162194
37419,4.308272846302206
37420,2.8212896084247383
37421,1.4674105299340603
37422,3.744819492136944
37423,2.82787796261832
37424,1.520563026075454
37425,2.6218326549071413
37426,1.7200157825746238
37427,2.7660781325175243
37428,1.6126921940160663
37429,0.7202923011302182
37430,1.4694849211777843
37431,3.0801557894824647
37432,1.9825317766400907
37433,4.25862217459019
37434,2.0678382254494103
37435,1.5088555016446072
37436,1.9102262303301565
37437,2.0435963731197013
37438,1.966002669645409
37439,2.5433994086591873
37440,0.6437185394100347
37441,2.0229012989261754
37442,3.384572311601463
37443,1.1875574161697706
37444,2.4669718998788177
37445,2.3200336515969333
37446,3.129176149948538
37447,2.4297979724266305
37448,3.284148226242909
37449,1.0744508498273753
37450,1.6404479084113213
37451,2.6783937664686768
37452,2.807309902099295
37453,1.8621048968888125
37454,1.5685352675499082
37455,1.9091487043855047
37456,1.0559888699145894
37457,1.0738063896976406
37458,1.0824466822989542
37459,1.2670102222896311
37460,1.925751991867319
37461,1.3445012203357045
37462,2.9433675276119153
37463,2.7457050438789032
37464,1.6517119019399082
37465,1.6376786452597152
37466,1.1493607677565514
37467,1.5880059972276719
37468,4.34640485637377
37469,2.124534304177107
37470,3.1465158228380155
37471,2.4900961262675345
37472,3.250390132662492
37473,1.3335085339120987
37474,1.1339349437327861
37475,1.023801685439512
37476,1.5008777930650332
37477,1.393760275132312
37478,1.3478645021286333
37479,1.9343947182522108
37480,1.2301289632171724
37481,1.807237818397656
37482,1.338551366353304
37483,4.63430108556793
37484,1.1782250395410792
37485,3.6281877923638923
37486,2.703765491115721
37487,3.4669626206915645
37488,2.1639428959149463
37489,2.0122825550654433
37490,1.7247408873180383
37491,1.678594152430751
37492,2.341840633767422
37493,0.9283432180397746
37494,1.625491050675496
37495,2.6800026280433293
37496,1.1275910731561716
37497,1.6617532902547545
37498,0.9926961775575514
37499,0.9536215125732532
37500,2.533389352834039
37501,2.730209793065061
37502,3.345226549234045
37503,1.713777564111016
37504,2.5557833439970956
37505,2.3822455968560554
37506,3.381632683381927
37507,1.0677210917527056
37508,1.8484748875208545
37509,1.8810355768114029
37510,1.111770713051218
37511,1.7023642414617406
37512,2.7152168750487
37513,1.1048383073249148
37514,2.66141041507473
37515,2.2177110184453035
37516,1.9671055909696271
37517,4.857789649436487
37518,1.2263308418988608
37519,2.0305551200431786
37520,2.13175392001526
37521,1.143151318627961
37522,3.2107187763691662
37523,2.924265691748193
37524,2.5655744992868996
37525,1.2763885111602953
37526,1.5855576550423542
37527,4.021391363173226
37528,2.955526334893566
37529,2.459259118756055
37530,1.957379684271789
37531,1.4811305887080017
37532,2.235278042329842
37533,3.5294595398192463
37534,3.089676911258241
37535,2.1506350743627287
37536,2.14615228461739
37537,1.3777238340544251
37538,1.14695024638252
37539,1.5885120570945084
37540,3.5886792135078487
37541,1.9258856903711354
37542,1.6683065140772904
37543,2.8191205000012225
37544,1.7452681276722934
37545,0.2873462004482725
37546,1.2773051877641741
37547,3.9273146100894714
37548,0.844570791964177
37549,2.0908736802243233
37550,3.2755414489854537
37551,0.5194485120608938
37552,3.2214839493939884
37553,1.8191932691200385
37554,2.0621414430416145
37555,0.1466083550216304
37556,1.1551982318762306
37557,1.4156476533382296
37558,1.1371924227150352
37559,1.968886204776485
37560,2.300616039503982
37561,3.031617717261131
37562,1.8333138492240586
37563,2.002479079072746
37564,1.4436199336918811
37565,3.7155535167433733
37566,1.4567314188940692
37567,3.0897983259166075
37568,2.3218129270333954
37569,0.6561777508241313
37570,3.488320304974284
37571,2.772259434297812
37572,3.841450753677183
37573,1.6156967853871187
37574,3.8175192176579777
37575,1.2009692782507564
37576,3.42256299004433
37577,1.6143126093968512
37578,1.0028114340547383
37579,2.124888740355974
37580,1.78096514061534
37581,0.40646162113813844
37582,2.5682349012325894
37583,0.5704124517944287
37584,1.5525497950677085
37585,2.325295915694884
37586,0.6519465815562491
37587,1.2436383714020032
37588,2.180844299373721
37589,2.4876904329686376
37590,2.14256550851454
37591,3.0920892703201197
37592,0.8072699581519238
37593,4.808262206879537
37594,1.4078753280896628
37595,0.5243616991740971
37596,2.856911039712859
37597,1.66437464532547
37598,2.7645319563821182
37599,2.2255261712907988
37600,1.8076385461937754
37601,0.9961671476990013
37602,1.58458362845278
37603,2.3477560078394824
37604,1.387037717613655
37605,1.2262880399409575
37606,2.9020181594345367
37607,1.9496282277866364
37608,1.5962879270546786
37609,1.2254817270740297
37610,1.3200269113800154
37611,2.290779919065958
37612,1.7477601368955256
37613,1.4940828287942374
37614,1.5677895762613652
37615,1.0141634049823587
37616,2.0315461042963285
37617,1.464469033109797
37618,2.1464764722304928
37619,1.776089863595761
37620,1.2933853701687248
37621,1.694606614292784
37622,2.052448518539567
37623,1.5231744848959217
37624,4.626255941409855
37625,3.139875489003831
37626,1.4851662623545145
37627,3.212239116010867
37628,2.4456229348201113
37629,1.6014080684067018
37630,1.7947529687868702
37631,2.220177442563031
37632,2.018244782206583
37633,1.938048949844248
37634,1.570941187605488
37635,1.622599658930941
37636,1.3835128904502234
37637,1.9297911212703447
37638,2.1296118532969253
37639,1.8955328520679622
37640,1.5357840585993223
37641,1.281189786207623
37642,1.9399325884749068
37643,1.4073164047011666
37644,1.1211777538897287
37645,1.1996853238653422
37646,0.6884959968242903
37647,1.1195222983592465
37648,2.091435150277565
37649,3.0238445271946013
37650,1.4416596036940668
37651,2.887995223679841
37652,2.2705591003344843
37653,2.8200352847731303
37654,2.8012463485668526
37655,2.442407263792976
37656,2.31805058478378
37657,0.6301880314114534
37658,1.6678022792901892
37659,2.635518344946238
37660,1.5176513766217603
37661,1.7800562790357368
37662,2.2286367124013147
37663,1.8634933822509403
37664,1.093699012880112
37665,1.6457049051510388
37666,2.128009735724394
37667,2.7427059936391665
37668,1.7324292836827375
37669,2.0945102434958223
37670,2.3394163955285343
37671,2.4535392715157833
37672,1.6853036311100347
37673,1.794276439776528
37674,2.1279327396340513
37675,1.2761837511745888
37676,1.0211542676778755
37677,0.7702291246680808
37678,1.1086683128230597
37679,1.2620972484566302
37680,3.295625879140008
37681,1.4403962825273915
37682,2.4474409965155566
37683,3.038885915751397
37684,1.4789787945761113
37685,1.0925438482268284
37686,1.1612368213691617
37687,3.39198546257359
37688,1.4280720433444607
37689,1.1926813600649986
37690,3.0092280862720067
37691,4.77546330008602
37692,4.162090468536409
37693,1.641448705805093
37694,1.5415505194477
37695,2.754728121772164
37696,1.9451072959352906
37697,2.5551085010724286
37698,2.3920774979619956
37699,1.3110775053494628
37700,0.9483017429545875
37701,3.269512591980604
37702,4.484795297868349
37703,0.8812019575349872
37704,1.1331488855025817
37705,2.480867539818153
37706,3.390198154074742
37707,3.169206560433512
37708,1.6688941284184615
37709,5.004973853645996
37710,5.317111048741939
37711,2.2953970699152855
37712,3.4863957811783486
37713,2.3335117044027847
37714,1.1967244301067446
37715,2.6765057788184983
37716,2.126173849350412
37717,2.2467584200900923
37718,2.858773389016168
37719,2.660309857181719
37720,2.380215595330842
37721,2.910775020312233
37722,1.854760062033538
37723,2.7419901149919816
37724,2.7812334979133233
37725,2.643186765693944
37726,1.6537234627119268
37727,4.614760813795673
37728,0.867524061365831
37729,5.704211968635551
37730,1.4747076273878612
37731,1.2617795921607389
37732,1.3126136815544136
37733,2.9056375731287893
37734,2.3290477206092
37735,0.9392573722360602
37736,4.480451211262821
37737,1.3778011021728993
37738,1.3587894648667636
37739,1.3770829272882033
37740,1.8591078862480153
37741,1.6876246123324314
37742,2.3420707223980948
37743,1.6278711180437462
37744,1.2984225171067614
37745,3.0460504119985536
37746,1.4607496706505039
37747,2.575556307107636
37748,0.9049537313822249
37749,1.0055623953212809
37750,1.1991999884267877
37751,3.2645003850233003
37752,1.1326271309955338
37753,3.8011953718273936
37754,2.31531277119635
37755,3.7320500860006725
37756,1.3925724823293741
37757,1.2295739113879485
37758,1.6147375322608504
37759,1.4459951167557286
37760,3.1268538157731918
37761,1.0341038139249328
37762,0.44526152500066374
37763,1.7005977917225756
37764,5.300407628933673
37765,2.035672009907163
37766,1.165880160442331
37767,2.4979230929926963
37768,2.726006013133631
37769,2.393987127097976
37770,0.7184506983393568
37771,0.7391372928404714
37772,2.0356286132641834
37773,2.980624225389281
37774,4.581338250400396
37775,1.1388069444209101
37776,2.743204661982791
37777,0.8448185115309208
37778,1.8988640318627326
37779,3.585391734026988
37780,1.6706638579929667
37781,2.2260908510834305
37782,3.3158290636538688
37783,3.027558025939502
37784,0.7594069562957237
37785,1.9604795092653724
37786,2.537498455974802
37787,2.1507820435368536
37788,2.017751496016249
37789,3.2111354756519326
37790,3.0300614448883074
37791,4.090859728929818
37792,2.533242879478042
37793,0.7684645020228835
37794,1.9567453242985415
37795,2.5235358949124738
37796,1.8268039475722766
37797,1.9274407901366182
37798,3.6817618329665756
37799,2.228795096924106
37800,3.2532965911987084
37801,2.680601655453561
37802,3.6364906033318256
37803,2.825477955942578
37804,2.200288722304183
37805,2.183957489245959
37806,2.4597813426217137
37807,3.3773651028113285
37808,1.255031097822215
37809,1.7566092781382885
37810,0.2900629124284855
37811,1.7688847482181735
37812,1.534873151689883
37813,2.514004612645042
37814,1.600140863209365
37815,2.355053033465314
37816,2.3508098996499065
37817,1.3108113663525423
37818,2.3853214828572824
37819,0.4473644659932212
37820,1.4999141949249157
37821,3.181254466574334
37822,2.3366989840076577
37823,2.8470666608540434
37824,0.9202906084227926
37825,2.086360290195163
37826,0.7537654192055392
37827,1.452688115413057
37828,2.567976111593996
37829,2.694588209108165
37830,2.3231178391396874
37831,1.9226093893116776
37832,1.6238509509402128
37833,3.1785993406060733
37834,1.1021325083498006
37835,3.3248491211513773
37836,1.9194570703091678
37837,1.5632973376311448
37838,0.8888952920945918
37839,2.6511255980363764
37840,1.1902858950116446
37841,2.3662265711393253
37842,0.7806185288081089
37843,4.66043480174503
37844,1.2631876523518066
37845,2.211649112418744
37846,0.8879805629219284
37847,2.2315375874749073
37848,2.769657806914328
37849,2.8457211161145928
37850,1.744473302284323
37851,1.0439850719994048
37852,2.65821788314506
37853,3.5834850408189176
37854,2.163167430502316
37855,2.8038209127588267
37856,0.2725925922343073
37857,1.0932834676606582
37858,2.3595385579314474
37859,2.2789668560959093
37860,3.0423175048835596
37861,2.36405244269827
37862,0.838169127568424
37863,2.8915396591858418
37864,1.7851877023983924
37865,1.0533037065442876
37866,2.025573260373651
37867,2.375786479014696
37868,2.5439850361828498
37869,3.316233438974738
37870,2.497082901450998
37871,0.8778368162079211
37872,2.8345945161838735
37873,1.4744584396594043
37874,1.3245687520394007
37875,2.0023491434175504
37876,2.445842499595532
37877,5.051813465670936
37878,1.9187072896430415
37879,2.824674564039956
37880,0.9698763222285471
37881,2.293095408579507
37882,2.306817409712213
37883,1.456214837575235
37884,1.7156994213713155
37885,3.2194038474457365
37886,1.7014610336476075
37887,1.2007899604928163
37888,1.1903968218394745
37889,2.723583071282693
37890,1.4475054279626285
37891,2.103345285368011
37892,1.5126589990242003
37893,0.9394784370764491
37894,4.2484859128620975
37895,2.2165598479692257
37896,2.5232658374443737
37897,2.1085079084817018
37898,3.060100145046622
37899,2.038835557855325
37900,3.7901386566972555
37901,0.5713128782177854
37902,0.8395225868450247
37903,4.411834590310409
37904,2.893289109855804
37905,4.431526011717697
37906,2.6490459221842038
37907,1.5113685291003698
37908,1.7457165562987065
37909,2.3606462384634064
37910,2.575199750720177
37911,3.0057264790766602
37912,1.2356635711765342
37913,1.9275862256586187
37914,2.5473217338833685
37915,1.9021741955536733
37916,1.4617876086609591
37917,2.1771160522703816
37918,1.0343040019872696
37919,2.527284576388471
37920,5.519862594195164
37921,1.2439176395891458
37922,2.021212241099793
37923,1.1860401307148187
37924,1.0508134475098139
37925,1.3105254090051552
37926,2.0666036478488117
37927,0.994488134720175
37928,0.9826506120183076
37929,1.3862898788222004
37930,1.2802547518929295
37931,2.1052536954632934
37932,2.797740308629134
37933,1.2199316650349807
37934,3.621419444011199
37935,1.5003951605587567
37936,1.9044661774026146
37937,0.8362803341075598
37938,1.6266078054745812
37939,2.1068083395707085
37940,2.296714440858228
37941,3.4760917578720445
37942,1.264452407933394
37943,2.218372786371507
37944,2.4139624092400744
37945,2.7430491945616247
37946,1.2330501872101571
37947,1.922583711482762
37948,2.2209146791967136
37949,3.6624212897554607
37950,2.032976441605175
37951,1.1530468161919636
37952,1.3701446947111613
37953,0.8645481225707421
37954,2.366365562855055
37955,1.7012782661815358
37956,0.660761967642518
37957,1.829635097182294
37958,2.8429477122834363
37959,1.375911094879715
37960,2.1475853238194738
37961,1.3788401217839414
37962,1.3364070521861358
37963,3.867358964231247
37964,1.1694145785178058
37965,2.48143909077314
37966,2.8254013412527037
37967,2.8923819806585165
37968,2.734824295140246
37969,1.6072388819623065
37970,1.2860335219868695
37971,2.6643222862691154
37972,2.7445975398476357
37973,1.2098970328055465
37974,1.4839067053555404
37975,2.1263504580748
37976,1.7915786888899312
37977,2.9810172324974396
37978,1.4154182497869705
37979,1.437950094924748
37980,1.095528409493486
37981,0.561640648057395
37982,2.4944101439123223
37983,2.5399075821195574
37984,0.9714645304631553
37985,2.7733299789660784
37986,0.7685967665638067
37987,0.6343824753187199
37988,2.9288630320343465
37989,1.211530419851929
37990,2.5654384702634196
37991,1.9113844896105583
37992,2.155044327634844
37993,1.565678809024181
37994,0.21095075014233444
37995,1.3750024611408271
37996,2.5302717723105594
37997,2.9462664722509295
37998,0.7823607406221278
37999,2.2537242896650618
38000,1.8732478518539928
38001,3.5927107793195923
38002,1.5298160764409694
38003,2.2560072892078473
38004,2.287585713563292
38005,0.5404416900073592
38006,2.7649516051208174
38007,2.39543525364326
38008,1.0659782787357734
38009,2.696361690346013
38010,1.5760033487415832
38011,1.166474839877143
38012,1.394693559804697
38013,4.57964615322533
38014,3.2233478226598073
38015,1.685043583113245
38016,1.4917100525145237
38017,2.345403938808463
38018,1.7642438089313863
38019,3.780837314433658
38020,1.755258021332569
38021,0.8727928520825436
38022,0.8300529098155529
38023,2.911525128796743
38024,3.8376142206523163
38025,1.7321652642536414
38026,1.276160767913641
38027,1.6224549548588278
38028,1.466567157784997
38029,2.6757089095364712
38030,2.361931376035816
38031,2.267591122192929
38032,0.8099928019815401
38033,1.6457590379654086
38034,2.4307834960464767
38035,1.002910573100511
38036,0.4870103091851412
38037,2.847508228355398
38038,1.9022742547987015
38039,1.5017876238559928
38040,1.2592241133448034
38041,1.3408277223460665
38042,2.171656964689195
38043,2.0278591892537214
38044,2.898170340359915
38045,0.9469796904338104
38046,1.7172222394017105
38047,1.6893347815945141
38048,1.7516646352752652
38049,1.8237749414203428
38050,1.615135073287977
38051,1.3912640627334305
38052,0.7758339110653516
38053,-0.36718826855365805
38054,0.6668337843675012
38055,1.2322575147632655
38056,1.6722401317507014
38057,2.3796291137440484
38058,1.936843287529232
38059,2.422329961143763
38060,1.9160502622323214
38061,1.7253712290072123
38062,3.133368878107948
38063,2.0980942495124317
38064,3.5087998401656115
38065,3.043186693900058
38066,2.4167557666797883
38067,1.8162722833738805
38068,1.0125275780911558
38069,1.7210996020522238
38070,2.391604483948104
38071,2.0759390060771388
38072,3.13831016124988
38073,2.4153954396518067
38074,1.694960015078042
38075,2.0028503175071286
38076,1.2377456035730496
38077,2.4461466390943123
38078,2.1450175876124753
38079,4.598684662527209
38080,1.9856600762532004
38081,2.7944241871827025
38082,2.6253829583776884
38083,1.6740792885464977
38084,3.543250555290573
38085,2.3719409225055337
38086,0.8862250614964502
38087,0.7536130745224945
38088,2.2789936540548332
38089,2.172061677726564
38090,2.611207154175961
38091,1.0790947308498922
38092,2.0024026861344772
38093,2.662599689208438
38094,1.956606918533712
38095,2.401561751534164
38096,4.066749628073982
38097,1.2460116975848372
38098,1.5308933236424913
38099,1.4184401292795918
38100,4.058483984666854
38101,3.5953606462774736
38102,1.9005376076087863
38103,1.9724527739215354
38104,1.9240211586507918
38105,2.0387096325093275
38106,3.154727815837166
38107,2.1811234172667504
38108,2.6398635452632426
38109,1.3326017756360962
38110,2.1587460827026383
38111,2.0699798145035437
38112,4.917022532403738
38113,2.9344563248985516
38114,2.962250706942374
38115,2.705180559350598
38116,1.5252889211625593
38117,4.550081614880131
38118,1.9014537000773863
38119,1.9625028675410796
38120,1.7976129661875042
38121,2.1439148991403876
38122,1.0686033343949681
38123,3.190778397147799
38124,1.0344806106885933
38125,1.820870215719598
38126,0.9809390059541023
38127,1.1027581950149319
38128,3.2777640727517827
38129,1.4019696946609237
38130,0.6670325441803051
38131,1.3986652413977971
38132,0.310464585604425
38133,0.8472759268083827
38134,1.3902148825514793
38135,1.745227813378822
38136,1.5625167458258353
38137,2.7604861662761984
38138,2.178454526655859
38139,2.6406481043823398
38140,3.3177740358567043
38141,2.460520009693827
38142,1.067775237762337
38143,2.665342218355992
38144,1.739857890075374
38145,0.958265957225624
38146,2.0346014219655366
38147,1.5795836622749313
38148,1.281026955386043
38149,2.8291158790754345
38150,2.7773067333684516
38151,3.173754700706244
38152,1.048883318901776
38153,3.8814874326290614
38154,2.0827739807743804
38155,3.3840696717312007
38156,1.708664836886701
38157,1.9333291999714994
38158,0.9457289366655779
38159,1.0527960911682364
38160,1.5016275185364414
38161,2.180959012731936
38162,1.4342560527237573
38163,1.193652257426269
38164,2.0867616314882618
38165,2.7520957718367676
38166,2.4284871156257033
38167,0.8713658404841631
38168,0.4068198369003717
38169,2.0718669135818324
38170,1.0498888869738927
38171,1.2800968398407555
38172,1.3297713136371136
38173,3.878779399402905
38174,2.0151679765656674
38175,1.4739398496791445
38176,1.4923968041860327
38177,3.49527877150965
38178,2.4843483807978295
38179,1.5953579587270248
38180,1.6345678823277332
38181,1.05004214123608
38182,2.7741808068820752
38183,2.261085389071045
38184,1.151798814539763
38185,2.513896580151485
38186,5.243295317635162
38187,2.81585686218094
38188,0.8873330820829359
38189,0.9581672152252771
38190,1.9758284341910475
38191,1.3193934304966355
38192,1.624633208736018
38193,2.102794688728327
38194,2.5522064662572497
38195,1.6842664150912192
38196,2.0929354731659977
38197,2.493411719886158
38198,4.006971987338321
38199,0.9899920242409372
38200,1.7707852256981518
38201,1.4484262014691218
38202,1.9252540552167012
38203,2.3021945904141923
38204,1.3933866026789765
38205,2.2515444914374463
38206,2.129263423119003
38207,2.168894113062695
38208,2.6593725031274893
38209,1.4962015990537516
38210,1.9187956132653348
38211,0.7456361840459387
38212,2.11542008837802
38213,3.203987977556583
38214,1.363191627888515
38215,1.3142692878851143
38216,2.383870090340256
38217,3.417184425714769
38218,0.702062088410262
38219,2.1481151688664433
38220,1.562274728935595
38221,1.2466139678790888
38222,1.9874762913403323
38223,2.7196374941278556
38224,0.667869676865994
38225,1.1101633966663833
38226,2.029248724552591
38227,3.523719003016968
38228,2.2584101948461672
38229,2.353465088293124
38230,1.0184766033208952
38231,2.068622002580387
38232,1.7377043026533023
38233,3.4322008577423198
38234,3.638572349225317
38235,1.4741639716309898
38236,2.8173034837024638
38237,2.599045347783292
38238,2.3882009554862726
38239,3.001898987736187
38240,3.294520909921065
38241,1.2902404332872983
38242,1.407655088936938
38243,1.9152385666690215
38244,1.9283787728162203
38245,1.9518715363709056
38246,2.441425250325299
38247,0.9069451574663709
38248,4.269121021527727
38249,2.382368572884676
38250,3.421277816713147
38251,0.857904118562832
38252,2.7540791247475376
38253,2.2364655844561447
38254,2.101217164704625
38255,0.8789181178018204
38256,1.974148466406806
38257,1.053341893951714
38258,3.2954654316584175
38259,1.804173982310008
38260,1.2753496963749207
38261,1.8236159152288884
38262,1.164409798444101
38263,2.8100815128494254
38264,3.6967462557967146
38265,1.420048349104409
38266,2.154425041290498
38267,1.2032460084850705
38268,0.7165935163388077
38269,1.7443778712297195
38270,1.846879351770074
38271,4.40534738912601
38272,1.9217885803613264
38273,4.623362947534989
38274,2.9167471488796117
38275,2.0982707657814537
38276,3.3171289970933664
38277,1.2441652213543684
38278,1.963745763358805
38279,1.845012907622678
38280,1.782051433664524
38281,1.6471252492074235
38282,0.6254635153390815
38283,3.035637483831639
38284,1.6664244757465418
38285,0.833383341051789
38286,1.5541111046127618
38287,2.361743999826505
38288,1.4862210304332315
38289,1.6934086022566852
38290,3.408277013137198
38291,1.483759806193067
38292,1.0171462448857405
38293,1.9633058049139471
38294,0.8680317174840617
38295,2.82851677473872
38296,0.3887183815915911
38297,2.1082204180127384
38298,1.4262735411042264
38299,2.621574484289912
38300,1.939991867881762
38301,1.4923982400843592
38302,3.0303320171966597
38303,1.6527677688458233
38304,2.164659888042653
38305,2.1846495297821242
38306,1.3836378274944856
38307,3.22704105688641
38308,1.8349125406537645
38309,2.466659059549361
38310,1.1731665458385727
38311,2.9761164094852894
38312,2.8188998566396926
38313,1.7218644794915896
38314,2.9398456591540914
38315,1.577995301736113
38316,1.860600473931843
38317,2.943964676810541
38318,1.5155593562695948
38319,2.030798958558737
38320,1.9450032823505161
38321,2.8798367344801115
38322,2.786401333591588
38323,1.2483094428709798
38324,0.7727228136357134
38325,1.7653074449836232
38326,1.2828461885705202
38327,3.3789327221779253
38328,2.3697095223016653
38329,2.456175611550666
38330,1.8165231585934727
38331,3.262153500291479
38332,2.4525668543940107
38333,1.612898686373061
38334,2.705488836298489
38335,1.721374775077809
38336,3.395197404994125
38337,1.2330658510833281
38338,1.3885927692669249
38339,0.6840072214490682
38340,1.669097954660348
38341,2.334550023067525
38342,1.6453690726677372
38343,2.096131064317664
38344,2.085038371203783
38345,1.051455844050711
38346,1.8857783046832175
38347,1.942265396701206
38348,2.8228801000178443
38349,2.2005166253623294
38350,2.366897130967292
38351,0.4164777299492961
38352,0.5094985258795681
38353,1.1754795815026036
38354,1.1013933865741627
38355,2.983062033259362
38356,0.6159877553668913
38357,3.1022823504074246
38358,4.223853538369131
38359,1.7665132272986206
38360,2.4052553729835644
38361,1.6771230864496296
38362,3.370935199683519
38363,2.054224346327974
38364,2.655548071231241
38365,4.8263655771126
38366,0.9689737145485573
38367,2.414494001861417
38368,2.08072012876082
38369,2.782364034340052
38370,3.296104557712173
38371,2.182115920030018
38372,1.5677940368757994
38373,1.5978188588541435
38374,0.9958660931998828
38375,2.342345198300425
38376,0.6578485000774243
38377,2.186031568703303
38378,0.6223189893357564
38379,0.9246365205260823
38380,1.585804282680531
38381,2.04595159648969
38382,1.3413704718634882
38383,2.160102401012953
38384,1.268864858113691
38385,1.904369456434953
38386,2.062900567495152
38387,3.495729358493893
38388,2.6489454124657392
38389,2.495377668651006
38390,4.053939648658915
38391,4.582069805861526
38392,0.5909172216886454
38393,1.5237415426288727
38394,0.36019518052188815
38395,2.5810504780526777
38396,1.0316344501922323
38397,1.5812654966054573
38398,2.50956145700815
38399,1.4485994570050345
38400,2.482063580336561
38401,1.291310403128282
38402,2.234325240406779
38403,1.5071424644373828
38404,3.4056353778457016
38405,3.313987909484954
38406,2.343693449677918
38407,1.1840586582800974
38408,2.6586153476875474
38409,3.1295497222495534
38410,3.1011655966456466
38411,3.855016617384454
38412,1.4363364317775655
38413,1.7375140472781574
38414,1.0041346082399123
38415,2.362935836921256
38416,2.6813479517917678
38417,2.5421285739798556
38418,1.2720110429423421
38419,2.6233342579642205
38420,2.9893526430538238
38421,2.697140290132271
38422,0.8971100747235745
38423,0.98810515880783
38424,1.1631858029335014
38425,3.416391765027786
38426,2.0354275405508453
38427,2.3737618567501535
38428,1.3427585046773949
38429,1.5267926989795804
38430,2.2192432998197127
38431,1.5949620102418613
38432,1.0242074040928948
38433,3.178186424471196
38434,1.5862831158583823
38435,2.448929834623417
38436,2.3722450680539033
38437,2.701859639280091
38438,3.2061700719243085
38439,3.9506535897892014
38440,1.71472075767581
38441,3.6967408689637047
38442,3.1803935228736044
38443,2.7109504147191537
38444,-0.8081790624747747
38445,3.635842510188784
38446,1.931295089342914
38447,1.8615431397489637
38448,1.439944753598514
38449,1.4726856348974344
38450,2.0749036005253494
38451,2.032377690680594
38452,3.3277691476591293
38453,1.3076729943343857
38454,2.3654995576171736
38455,2.5872060090885647
38456,3.0713672923803053
38457,1.1287387283785826
38458,2.3880164761754124
38459,3.619325933637871
38460,0.8580995171271901
38461,0.7929437139556548
38462,0.9963176501447641
38463,1.2427005371369582
38464,1.4416901995343245
38465,1.1500376630512967
38466,1.9229857026603305
38467,0.4074971807379235
38468,1.1632523053206292
38469,1.8700716649432003
38470,1.849351665983054
38471,1.022954804845174
38472,2.7876926895455973
38473,1.1446610268736812
38474,2.00225724227386
38475,2.0005579632831605
38476,1.6756488717219078
38477,1.6034100382066505
38478,0.8831743239899801
38479,0.7235343573648869
38480,1.004354170572089
38481,2.112802209830736
38482,1.636779397091349
38483,2.588598252019356
38484,0.6388145814132891
38485,1.3823127714217414
38486,0.8233423365081229
38487,2.5485360119515725
38488,1.4997638104349598
38489,1.760667854617143
38490,2.7191768560055074
38491,0.7890414490808588
38492,0.9245650653224153
38493,0.7899089621194015
38494,1.2548574945833515
38495,2.5311904902095
38496,2.302231026303648
38497,0.8549123408163588
38498,1.2310747860450597
38499,2.1690963640127485
38500,1.5119380938819553
38501,1.8286026153726915
38502,1.7585607400855885
38503,1.3108478189847723
38504,2.1432591268783234
38505,1.3906050204907423
38506,3.1163484444541076
38507,1.5312956867370566
38508,0.938023390722325
38509,1.193724210281804
38510,2.019328587008875
38511,1.8955376625183114
38512,1.3620727275451152
38513,2.5557826660418392
38514,1.4330488661981668
38515,3.01186089189736
38516,1.2393672419547705
38517,0.7544902173494599
38518,1.383229333423234
38519,2.5272298118744665
38520,2.406567115540046
38521,1.240964497681265
38522,2.8834096326031933
38523,3.1283567974521738
38524,3.2356210925399616
38525,1.3231308530409684
38526,3.511316392948519
38527,3.515852899208401
38528,2.164303519665996
38529,2.220585896377745
38530,1.7298099087907737
38531,2.5919506771700505
38532,2.3220041366342095
38533,3.0692798494915827
38534,1.2972797482330556
38535,1.3893735265589875
38536,3.6973001410328585
38537,1.8714667803644467
38538,1.2385994906915165
38539,2.632056994966778
38540,1.8185125207085413
38541,1.8627820249925726
38542,1.0983744218199867
38543,1.8083551064283405
38544,1.2064537280877836
38545,1.7935676863415928
38546,1.683909698767767
38547,2.9993378037610547
38548,2.7768975931351214
38549,2.6297760595273907
38550,1.5763539907370365
38551,4.924363316905332
38552,1.6131772689577168
38553,2.0644022606651653
38554,0.9332269350111382
38555,1.2180043979663004
38556,1.4272233103441785
38557,3.350263198304365
38558,2.158336243300486
38559,3.1068422257228328
38560,0.9341718580020633
38561,0.21948248053198327
38562,2.780810920190053
38563,2.7724024626118116
38564,0.5164942011499853
38565,-0.017856030066450757
38566,1.5661161674096356
38567,1.1695764480867332
38568,3.342633834612915
38569,1.3083349265875803
38570,2.3589083300434233
38571,2.305609258880228
38572,0.5144982159479419
38573,2.3401711677313735
38574,1.8249146042206128
38575,0.9698960180415419
38576,1.5796280483101306
38577,1.3014714819191262
38578,1.148415378704815
38579,1.5253708700036164
38580,0.3614577764973923
38581,3.2893843218419114
38582,1.7873720674335551
38583,2.656855489475337
38584,2.5268814736194294
38585,1.5080259468003625
38586,4.146801850430396
38587,1.6173733790133333
38588,3.094787401771871
38589,1.4730558166600964
38590,0.890822353982859
38591,1.3173090865741166
38592,3.67783021197744
38593,1.63774850106336
38594,0.7734368198616473
38595,2.889850503717046
38596,2.1277587102619044
38597,3.629432381915965
38598,0.679337875905734
38599,2.5919928970978425
38600,2.9115954560619777
38601,1.285495078784951
38602,1.3103818232863809
38603,2.0923631865634924
38604,2.5757031110341053
38605,0.7571765705586735
38606,2.542082584607531
38607,1.7172028006272093
38608,1.5536011289128488
38609,2.782805036995942
38610,0.45697883159502695
38611,1.4038304627257538
38612,1.0727112001350498
38613,2.5280565586556953
38614,1.253611992362469
38615,3.67557617909549
38616,1.3052585821971299
38617,0.8223280323618134
38618,1.0763389560377767
38619,3.0688543200555536
38620,0.9531634084133067
38621,1.7923482080532303
38622,1.9157467447407477
38623,1.1386814805593737
38624,1.2668856046902057
38625,1.2955169403227025
38626,1.9608904328045789
38627,1.764724992149585
38628,2.105431383487261
38629,2.110827048231048
38630,2.45324354450344
38631,2.3202381034373083
38632,1.3616267907873727
38633,1.5595924892028599
38634,2.0215544126982685
38635,1.4039163195805635
38636,2.234925039513687
38637,1.6785889533131844
38638,3.214940046263397
38639,0.9509058664980934
38640,2.959366254649016
38641,3.6307972371529083
38642,1.49091619190418
38643,3.442030079275643
38644,2.832263978245951
38645,1.6155911931255993
38646,2.5571296666909724
38647,1.7693507075192123
38648,2.649157050076017
38649,2.487714708300931
38650,1.3880277274172137
38651,3.1731203071163385
38652,1.5350784360803154
38653,3.579934245175597
38654,1.3223168099701503
38655,2.1798546350690096
38656,1.4213943437991965
38657,1.0735718197993869
38658,1.8890838758433155
38659,1.3701596864016246
38660,2.9355390669376256
38661,1.6226533842768767
38662,2.2451479379397234
38663,3.0988012216062977
38664,2.5746134478453406
38665,1.3772251679643297
38666,2.2080934397092484
38667,1.966501373617806
38668,1.0687323576840164
38669,1.8160659383627298
38670,1.7170955860896733
38671,1.082787109539229
38672,1.3772728415976907
38673,1.49638634432333
38674,0.7187997715951475
38675,3.9105192887042257
38676,0.792285591860665
38677,0.8539367319577345
38678,2.6511294038041946
38679,2.7420879331038215
38680,2.175244595307934
38681,2.954561024326299
38682,2.3794596601589184
38683,1.7791346844178868
38684,2.1886313984963444
38685,3.183099147490143
38686,1.7208492299489855
38687,2.2239095016156547
38688,1.5115332971491604
38689,1.8177197449842346
38690,1.4687807227849454
38691,1.1149629675657913
38692,0.7593900218981311
38693,1.7957561873055603
38694,0.8305413698967961
38695,0.5910652578255373
38696,1.8473559452468784
38697,0.689842682242034
38698,1.2664843047815602
38699,1.0796226440826082
38700,1.1478504828782299
38701,2.2563025215881147
38702,2.7542953740983513
38703,1.2591920412646154
38704,1.1175112755577494
38705,1.1608031044397684
38706,3.053234822937444
38707,1.347547556090948
38708,1.0184119010331507
38709,1.3109809105401418
38710,2.3690626263680805
38711,1.3949842599766704
38712,2.2690695960139102
38713,4.477262187391293
38714,1.942595145973062
38715,2.7315590774524345
38716,1.4124200392530248
38717,2.166782309807079
38718,2.404573007918433
38719,2.2613501442762107
38720,1.5626889126950267
38721,3.258459396675338
38722,2.2021703673200683
38723,0.6869050497805951
38724,1.4637346749514712
38725,1.1245471565784477
38726,1.2849228363225258
38727,2.4089336148225904
38728,2.619718376065581
38729,1.1644754055916486
38730,2.6866424717601127
38731,3.446227794985621
38732,1.9110735362386357
38733,2.1401759919079986
38734,2.5413109926471726
38735,4.850482406381051
38736,3.4547590063201916
38737,2.2911872684650554
38738,2.8875296806305677
38739,0.9406761089256612
38740,1.6977963415262174
38741,3.5226085931738034
38742,0.734952820907953
38743,0.7403343198832069
38744,1.5444240445722563
38745,2.785805583675103
38746,1.3058319578450757
38747,1.3380518448486534
38748,2.2173801812240335
38749,1.1330548043444288
38750,2.142911158939686
38751,2.7890610395049897
38752,2.1587740346290083
38753,1.6093273680135702
38754,1.8515658707019078
38755,2.2133396203724978
38756,0.551881280447251
38757,3.1047247728927836
38758,0.9550641080371385
38759,1.5040436150320637
38760,3.5716974241985646
38761,3.422718769402511
38762,0.9208125654096229
38763,2.0574940121123895
38764,1.7211419897819589
38765,2.654418887300327
38766,1.2675660430676352
38767,0.7499673105500086
38768,1.8458057058855424
38769,1.4716982574661905
38770,4.185493595544475
38771,2.0382826606968685
38772,1.778481435929539
38773,1.9481837017521606
38774,0.9885498924587672
38775,1.061514233610044
38776,1.589295439558331
38777,1.95390651025318
38778,1.1699705279736783
38779,3.2452230000286058
38780,2.772772427372619
38781,1.9383092318244657
38782,1.2297322403949558
38783,2.95916198722745
38784,2.12322302588473
38785,2.855327953556017
38786,1.1326037239118456
38787,2.809974293221277
38788,3.0464720100885394
38789,0.7742609900711592
38790,0.9969249993706377
38791,2.071555523070689
38792,2.1708762585598187
38793,0.7057429391407233
38794,2.790309921058938
38795,2.7774832795832403
38796,3.1914518502782165
38797,1.3229035703337253
38798,0.43072830887539126
38799,2.1496550517415933
38800,1.4539400411435714
38801,2.578784538265044
38802,2.4913888611880033
38803,1.4009790412908423
38804,2.163179721548861
38805,0.9946024097700992
38806,3.244002485485968
38807,3.3604077345308703
38808,2.638379073046682
38809,2.457203878298575
38810,1.6032192609147309
38811,3.5374755065547596
38812,3.1186658676478523
38813,1.089558723940062
38814,3.451490054151723
38815,1.6728685777281989
38816,1.2540139704420632
38817,1.4661216944007869
38818,1.0042122242718996
38819,2.572624015100562
38820,2.682276558676282
38821,1.6128659916402093
38822,1.3216393171699998
38823,2.431140045512965
38824,0.35977224618617143
38825,3.0033792889895814
38826,1.5702526483238195
38827,2.443465051172698
38828,1.0670323325072992
38829,2.749448188803516
38830,1.928679215353359
38831,3.2870594529657957
38832,2.0054156860683783
38833,2.0847582402911407
38834,1.383290791937501
38835,0.9123348013019701
38836,3.5500457706181727
38837,1.7965099445582986
38838,1.2158115371782436
38839,1.220775598526874
38840,2.447838093601664
38841,0.8576614681328216
38842,2.7101427675874596
38843,1.293049950086374
38844,2.312069363360056
38845,1.553261862215141
38846,3.531409066172163
38847,1.9884717962504261
38848,1.8891102579216188
38849,2.1307634451097535
38850,2.657490907211585
38851,1.9198159488823343
38852,1.530875882240597
38853,0.8383485914859001
38854,2.5322774009244178
38855,2.749740099377906
38856,2.2484240365792267
38857,3.0257912223621055
38858,1.4430449320825893
38859,1.4973756085753998
38860,0.348462304211413
38861,2.698658518941162
38862,1.1225479428086125
38863,1.875305805175433
38864,1.206977575328981
38865,2.241518383322788
38866,3.5399491686431794
38867,2.7051474337135666
38868,2.445096070857094
38869,1.068460545628401
38870,2.004683621567839
38871,1.6415456594982096
38872,1.485791464071898
38873,1.6164861199455665
38874,1.1585291421423314
38875,2.3045160361797095
38876,2.200775961986725
38877,2.5731716316449003
38878,0.6847882115784252
38879,1.7007634565598302
38880,2.7139147797510113
38881,2.7311538449826323
38882,3.2021733040213896
38883,1.8160487649019537
38884,3.128103830599972
38885,1.3207884119994198
38886,3.948293942521449
38887,1.8496842517650443
38888,4.077726700343906
38889,2.098636744053497
38890,2.4992316073951066
38891,2.1777798280710137
38892,2.8916657472525777
38893,1.4401229114625416
38894,2.004532947510487
38895,2.7513738428728836
38896,1.8270474951581868
38897,1.7181950391856482
38898,4.864325288485819
38899,3.64828830163626
38900,0.8193184515075451
38901,3.094157140365585
38902,-0.6166656111635085
38903,1.4355114327852938
38904,0.7707419170368617
38905,0.6059691628469217
38906,1.8175414135573682
38907,3.960610850472566
38908,1.5269631091796363
38909,1.6324954777701386
38910,1.1763418390803118
38911,2.5278105327653897
38912,1.1420554461856263
38913,2.6997634423557635
38914,1.8193124117596007
38915,3.339050358342721
38916,1.0676764611467355
38917,1.5183203602919129
38918,1.1142097475869583
38919,0.9613302153426595
38920,2.672927296525362
38921,1.0013471968200953
38922,1.6196341325958237
38923,1.1595722786281648
38924,1.67782315390318
38925,2.7797597232374507
38926,1.770258111115627
38927,2.9792841678764184
38928,1.9158815770566697
38929,1.6231613173957307
38930,3.5953448182712613
38931,2.8158622142519825
38932,3.185356298344633
38933,1.3126748478909214
38934,0.9846338751023929
38935,1.1482667938952922
38936,2.09435104243369
38937,1.6034673980620973
38938,1.8201873525562213
38939,2.913138824512803
38940,1.2374306892258353
38941,3.2922960029998514
38942,3.1510993368135622
38943,1.4947900225332837
38944,2.0591711982777703
38945,2.8633817377007666
38946,2.6762790904034297
38947,0.46083818658508235
38948,2.517317004861898
38949,1.7218984498946703
38950,2.037095919617972
38951,2.7793357651533803
38952,2.7037947985622317
38953,1.2036617052505711
38954,2.6089524114904385
38955,1.572201095035016
38956,2.581424670871659
38957,1.8584497161549542
38958,1.8040106702850842
38959,1.7628261830934981
38960,3.2622484427128917
38961,1.0898815623715201
38962,2.5319820684358554
38963,2.0503579150967717
38964,1.177429539814856
38965,1.9083137376899266
38966,0.7629707662950445
38967,1.6042664481810256
38968,4.175216885878061
38969,1.6993598971427737
38970,2.254420338486998
38971,2.414929343282669
38972,0.9793702917402989
38973,2.325771859513768
38974,1.7247777314840143
38975,2.595673319729375
38976,1.9040215252787398
38977,2.3750434661329827
38978,1.9210882983913997
38979,1.2282745685320613
38980,2.1251620757111347
38981,1.884449947639343
38982,2.9860884210656913
38983,1.875680607963151
38984,1.13994172156983
38985,1.703554259447035
38986,2.283395714482655
38987,0.9853802606672026
38988,1.0392611217531034
38989,3.4114131512305086
38990,1.817208938491067
38991,1.1903567011721101
38992,2.2439573687173358
38993,2.23318694499574
38994,4.01107105849329
38995,2.166642728666833
38996,1.5762024216410317
38997,2.0445369508854334
38998,0.2796538849656862
38999,3.2380962640667157
39000,1.1931900361852463
39001,2.6599927733349524
39002,3.087767321054887
39003,2.53510445523273
39004,0.9484177327597116
39005,0.6818670276705667
39006,2.085109099141736
39007,1.11668828012208
39008,3.5128320216912847
39009,2.5059425098865553
39010,2.267653483111335
39011,-0.15620095844738202
39012,1.0505237421670337
39013,2.6735524925230756
39014,1.044973804103197
39015,1.0781991373706639
39016,2.889615290721455
39017,1.1786263609912204
39018,2.3731350832191858
39019,3.4605017303710817
39020,2.26953797846841
39021,2.3232762157142623
39022,4.163286339296636
39023,4.0815016505420125
39024,0.6091663036527031
39025,1.1422769005494082
39026,3.0823507124775382
39027,1.46453585469445
39028,2.7622675250392525
39029,3.1858716528969673
39030,1.8911488381108121
39031,2.425082689076678
39032,1.017050749899429
39033,1.0996516979045943
39034,1.5749580159355538
39035,2.0153293161549506
39036,1.631987832144123
39037,3.2024642275707755
39038,1.4052858544040738
39039,1.4270515060168272
39040,2.9549985830404104
39041,0.6954788730762722
39042,1.0873273890295572
39043,4.058274977431214
39044,4.380897340246268
39045,1.8474453001320548
39046,2.159491718797458
39047,3.58029059436058
39048,2.618183382627567
39049,3.1712123473788587
39050,0.7691034300793866
39051,3.076858965594713
39052,3.567978917496877
39053,1.6828235593562688
39054,5.330694522252546
39055,2.667293283985291
39056,1.0760078931551824
39057,4.580354901673335
39058,1.9379436211108363
39059,3.7638325603898615
39060,2.4625241770963875
39061,1.2848945242887488
39062,2.15150393257753
39063,0.8293164909259225
39064,1.2576756818757282
39065,2.787107773142626
39066,2.0352977356101327
39067,2.73562897121872
39068,1.4406061751370807
39069,1.342461360721817
39070,2.4226457100045344
39071,0.5008881994646437
39072,1.9749710213772325
39073,1.3102112436873519
39074,2.0163038360705094
39075,2.0897882642662786
39076,0.6633133979665651
39077,2.408741265351157
39078,2.0250528864763204
39079,0.9575416362835689
39080,1.9574350664638338
39081,0.9330546776685402
39082,2.452182536347383
39083,2.3538370647940816
39084,1.384313764674861
39085,0.9402663252906827
39086,4.880454482718395
39087,2.459995764657382
39088,3.232827323816995
39089,3.357435102788262
39090,2.208308560501738
39091,2.231045112380375
39092,2.475685489194408
39093,2.7618847609024932
39094,2.279287676933169
39095,2.6752467446471293
39096,2.5304378204339777
39097,1.905378208781773
39098,1.3986283894691418
39099,4.021362712862672
39100,2.392653760961256
39101,3.464846355777727
39102,0.9951586888641977
39103,3.073534612139273
39104,2.3797482914998547
39105,2.5435480732113582
39106,1.1511530905879575
39107,0.44677466012888445
39108,1.6250800335388398
39109,2.3518954519886712
39110,3.471296564994507
39111,1.0215429285511881
39112,3.1003329038628387
39113,2.7842710010224643
39114,2.5570077900980586
39115,1.5795076252970297
39116,2.0593987423278897
39117,2.041295451855067
39118,1.114229173399341
39119,1.46883797285793
39120,1.6213278164164002
39121,1.4814467051116402
39122,2.257599081574856
39123,1.8964157353849522
39124,2.9779341790535945
39125,2.1317632173621384
39126,0.49717634494743734
39127,2.095942489105912
39128,3.0702069636462888
39129,2.2411708697106327
39130,0.7825913547630456
39131,1.8803998755483953
39132,1.9655521266426526
39133,2.137652053514902
39134,1.910252448803849
39135,1.9503311348970875
39136,0.7852299843093569
39137,1.4982762603747837
39138,1.0040068031255807
39139,1.6332090034293323
39140,1.7276344460680981
39141,2.4736717494656126
39142,2.85100406823776
39143,0.8366610258766549
39144,2.3797828252278386
39145,1.4717788720877856
39146,1.6185480017100282
39147,2.021520316900965
39148,2.4654894016449056
39149,2.7783925229901776
39150,1.767303388139144
39151,0.9111210721143586
39152,2.1860025282435807
39153,4.44566628446967
39154,1.656365018987433
39155,3.116973017840312
39156,1.9780012448825381
39157,2.0623327594137812
39158,3.3764559402777117
39159,2.204811463676723
39160,2.8489273839614135
39161,2.329184686586391
39162,1.7929304608195231
39163,3.8752515128246365
39164,1.6520121407862156
39165,2.4183784794278758
39166,1.811093653824404
39167,1.187608305013132
39168,2.7610430443904797
39169,1.935205377460992
39170,2.010642190659784
39171,1.377046188946398
39172,2.0209668733566026
39173,2.2871031425054618
39174,0.8850283932191338
39175,1.7719370584353307
39176,0.5546688398098674
39177,0.520189120910576
39178,1.2449011629680946
39179,3.1342215136861604
39180,2.6064563380370807
39181,2.0260891068329876
39182,1.161047129780716
39183,0.8942047491015082
39184,1.8861780108947563
39185,0.9105190220468877
39186,1.1047990696758099
39187,2.31632092383143
39188,1.5538396027531043
39189,2.7594214741687644
39190,2.2047381708326874
39191,1.127331536319904
39192,1.5156147175786892
39193,2.9497137674856937
39194,0.9265841711490204
39195,2.8899606362193175
39196,2.6698931249052613
39197,4.9615070199381
39198,1.7672906292394295
39199,2.286222061787786
39200,1.721186092908173
39201,2.302744116584467
39202,2.3834637424366782
39203,2.2081225275085536
39204,1.7333494280483173
39205,3.3044774505933994
39206,0.881666253755899
39207,2.408503013384692
39208,3.490676797080173
39209,2.6828399237677765
39210,2.3364542824193997
39211,1.8343291621960454
39212,0.7120380495460417
39213,1.4178198971433496
39214,1.9215922614276089
39215,1.1105879557049896
39216,2.5889557887958894
39217,3.818143229593833
39218,3.07194652494238
39219,2.333394179777091
39220,2.5641370294770844
39221,2.521965255554651
39222,2.6320823267913944
39223,2.274236742898186
39224,2.6463662135923336
39225,1.731927280016695
39226,1.9011798652222502
39227,2.0862652224086027
39228,2.196811923158325
39229,1.1887130044169716
39230,0.9491417055568014
39231,2.781063063961259
39232,1.4167969725319303
39233,1.774336059860591
39234,2.3460171956770104
39235,2.584144631929494
39236,1.4660234157150605
39237,0.9450536225290342
39238,3.84734209770966
39239,1.407454276917921
39240,2.0977265089979973
39241,0.9580484572050274
39242,1.1799744561520562
39243,1.1368724259954242
39244,1.8148650870597045
39245,0.9513477993861024
39246,2.4390862137157434
39247,2.9456956532744734
39248,2.1724217553651535
39249,2.540387898068534
39250,3.436396896817886
39251,0.5981607506728643
39252,3.9964442343313102
39253,2.190825340087887
39254,2.5110178260361558
39255,1.4962295666915146
39256,3.0612165539525655
39257,4.819325399663004
39258,2.3192623468609135
39259,1.699108811592854
39260,1.411062362649833
39261,2.3229298515399286
39262,1.1301179913893726
39263,0.9244804004054323
39264,1.9526070499757147
39265,2.541248795172695
39266,0.6883904224447157
39267,2.3162153332338598
39268,2.274298854493569
39269,0.8944938418966935
39270,2.14793997243385
39271,1.2241836157788306
39272,0.7210294377057416
39273,2.383447533138341
39274,2.5711729490843176
39275,2.2214219155811925
39276,0.8519238454511573
39277,1.7179015791169299
39278,1.6365220128796274
39279,1.7901087952444676
39280,1.305671940499483
39281,1.9479165566722294
39282,0.3390266532323416
39283,1.480264306034318
39284,1.5119693188830219
39285,1.572677787553264
39286,1.5040037769239554
39287,1.7626357825049048
39288,2.2876356367808377
39289,2.8386581733478558
39290,2.0816651320511177
39291,1.54422411313465
39292,1.3466596718746509
39293,2.5543501655694207
39294,2.7367587479906526
39295,2.144612865884856
39296,2.5501101192341515
39297,1.8975996935840875
39298,4.619623254104457
39299,1.6084738962525513
39300,1.9284223950437855
39301,1.2363115263401632
39302,2.008022396962364
39303,2.0965760799582007
39304,1.3954804900153626
39305,2.912733611782162
39306,1.1784179575214502
39307,1.0277055658602912
39308,2.602896450520152
39309,2.712868564501438
39310,2.437384535605222
39311,1.4492130191942785
39312,1.236229273156713
39313,3.854886595000014
39314,1.6745275054275943
39315,5.464282519182067
39316,2.4493330063984935
39317,3.428989857668288
39318,1.8101040894505935
39319,2.8185208900812064
39320,0.4576223158545396
39321,2.0699165785909805
39322,2.9416556962264373
39323,1.391831829054528
39324,2.019402355000242
39325,0.795387218832591
39326,1.9353974230190865
39327,2.053005152548824
39328,1.1404845861553135
39329,3.099924882014424
39330,0.7763366330686985
39331,2.5806700751554708
39332,1.7489766768719086
39333,2.019682887513145
39334,0.6435835980314586
39335,1.9515673189574763
39336,2.279126356626879
39337,2.7329049664612093
39338,3.196670312764244
39339,4.018137393327269
39340,1.1076682372834945
39341,2.6340576582816517
39342,1.077897992259441
39343,2.2837647572701236
39344,2.2476591155242467
39345,2.731482560221938
39346,1.2479089363251923
39347,1.9010394743725136
39348,4.6186769605784015
39349,3.06597834567717
39350,1.5809744693286554
39351,1.5860552070681173
39352,1.1848982906652488
39353,1.0336807601143256
39354,2.8449164131203055
39355,1.8520460535880297
39356,0.8381501463167673
39357,1.2374215097242462
39358,4.110559904289776
39359,2.0374749785717405
39360,2.1547302908242365
39361,0.994899685416673
39362,3.4283447862369236
39363,2.022330256074188
39364,1.9493083507167945
39365,2.115188268842804
39366,4.316194493607046
39367,0.9267317501288552
39368,2.666719349315347
39369,1.1229850827258225
39370,4.464919668080174
39371,1.4743618159961365
39372,2.789094409977711
39373,1.8415959460643059
39374,1.6693229674092187
39375,1.6935081953048474
39376,1.0920275188944295
39377,1.138147336444991
39378,2.5553356736801938
39379,2.32904508757429
39380,2.182965245377833
39381,2.1884467373895866
39382,0.7405382865717378
39383,1.816408683698544
39384,4.162766109716703
39385,3.0386424064750237
39386,3.60368858232221
39387,1.3513402069771736
39388,2.297795654069663
39389,3.0146707284364744
39390,1.1104591635579517
39391,4.858054797677713
39392,2.0398091249181824
39393,2.0623621596055592
39394,1.3600202923812823
39395,1.1512064225451901
39396,3.6982707769088314
39397,0.5301348718086594
39398,2.5509326016319314
39399,3.981675526619373
39400,1.3949192841616913
39401,2.6398254619998376
39402,2.9363307106345395
39403,2.185344118867679
39404,1.6552760881895416
39405,1.4193799275403514
39406,2.4703369963951936
39407,1.5978856681306333
39408,1.8902853904930659
39409,2.2723210765193222
39410,2.6583697592578837
39411,1.2136027304623305
39412,2.3446716185590084
39413,3.795506488396118
39414,0.6331590831457881
39415,1.18920945095093
39416,3.285765582425885
39417,3.216489659013238
39418,3.0069708677163227
39419,1.2782387756277025
39420,1.6842458200929151
39421,1.1723663590073308
39422,1.1213347060016225
39423,1.3518874967431351
39424,3.1778842464895867
39425,1.75960201023506
39426,2.891824462522184
39427,1.7549719858163293
39428,4.29973553853802
39429,2.9436716533772405
39430,2.6151740378186368
39431,1.7263848893290152
39432,3.311688685524789
39433,3.3791923338584446
39434,1.9186924416367823
39435,2.6229851097754597
39436,2.2593842201054066
39437,0.991401766296395
39438,2.9063958160852543
39439,2.5065600061038857
39440,0.4730231865910959
39441,2.488760857568142
39442,1.4837248019405003
39443,2.5341538619699726
39444,2.1216962748881976
39445,3.3199320453213126
39446,2.614411100688134
39447,2.0644518549948465
39448,1.3118727216098058
39449,4.745686563695362
39450,2.463731286044837
39451,5.045854238788994
39452,1.352709510604459
39453,2.6577896123822917
39454,2.6676460400130146
39455,2.7222209106442996
39456,2.9176779635182903
39457,1.813610378053827
39458,2.111138513517634
39459,1.006102812890294
39460,1.0718947042353797
39461,0.695429330105231
39462,1.3108509233121062
39463,2.710814559053606
39464,1.396136057970228
39465,2.736698723310017
39466,2.592278792802322
39467,1.807103570169037
39468,2.2165597468443003
39469,2.6101556232131635
39470,0.8016374760314342
39471,3.0494978691170083
39472,1.6008001835452355
39473,1.3999385402659676
39474,2.0553720358841794
39475,2.1617518205807222
39476,2.6527220838486336
39477,2.8703188323708027
39478,2.209132255041542
39479,1.9758972023064167
39480,1.9076770674748822
39481,3.8166326059498807
39482,1.4419873773901521
39483,1.3905327758107298
39484,4.052398738198864
39485,0.823033917196458
39486,1.812364665688623
39487,2.7388882022335714
39488,2.7200138261019937
39489,1.5549993470112362
39490,1.8735320177220594
39491,1.5330462616634328
39492,2.5551646760032476
39493,0.938169500840278
39494,1.5785674119683257
39495,1.5305961753373971
39496,1.3756970578938628
39497,3.0696012549985348
39498,1.3026152266576254
39499,1.1665850624347378
39500,0.9043963574412182
39501,0.4949607050000431
39502,0.9557762538826786
39503,1.0507158325054355
39504,2.855922795419506
39505,2.4558833872234835
39506,3.3980738403501256
39507,1.4691409573172827
39508,2.5329912043189644
39509,0.8988230919695503
39510,1.3722026211152958
39511,0.7315710444590344
39512,3.708279730400964
39513,1.2648004991001507
39514,2.132750568573787
39515,2.655582390544428
39516,2.3079278491430024
39517,2.0084365473088646
39518,0.6939225701877412
39519,1.8521769277820574
39520,1.4065550849095736
39521,3.0312672577518676
39522,1.4281131277131216
39523,1.7077725007209814
39524,3.2756655501041543
39525,0.9357227736994425
39526,1.93957876922369
39527,0.3959221422699706
39528,2.221880583199013
39529,2.3280648001953956
39530,3.2491451415600103
39531,1.9414522944800474
39532,2.8798134887896403
39533,1.5957092576339313
39534,3.0267044215820285
39535,2.691023715952614
39536,3.4186986436142526
39537,4.535944647752363
39538,0.9927993591770168
39539,3.386317254236875
39540,1.275202540197288
39541,1.0275403983636728
39542,0.9976215085921218
39543,2.1619923680810764
39544,2.3126980347784674
39545,3.522939856962214
39546,2.749470601833824
39547,1.106459471582017
39548,3.6128879852552167
39549,0.5914296627984221
39550,1.6604207856141535
39551,1.074563229225678
39552,1.9440251994039421
39553,2.5505391693567283
39554,1.3922510932900174
39555,2.272221419332002
39556,2.321095979410675
39557,1.227393294973215
39558,1.9598981075947144
39559,2.404773989453478
39560,1.8850385493198338
39561,0.7936209993953618
39562,1.7893726468477702
39563,0.6869124540297129
39564,1.3776518605455728
39565,0.7255873292670039
39566,0.6887837507208339
39567,2.0253031903693604
39568,0.7944683435468995
39569,1.9668970318081058
39570,1.490939275801498
39571,2.1617647257528496
39572,1.7488516731885149
39573,2.1119716836099975
39574,2.653646034091228
39575,4.140096140886104
39576,3.7477652165448525
39577,3.8113758786033465
39578,2.9997438044444813
39579,2.361607890570557
39580,0.961128773716613
39581,2.442798192712875
39582,3.0330988282937064
39583,1.006860159864079
39584,3.038375692981848
39585,2.4260911420688878
39586,1.389146743100202
39587,3.00830592192057
39588,0.8717359944394367
39589,0.5977783414285547
39590,1.2441424779818284
39591,1.8265457280483197
39592,0.8297200346367539
39593,1.5134576642542505
39594,1.1620399416743261
39595,0.7473782943037044
39596,2.9538303712593894
39597,1.811808388687954
39598,2.2890431613310263
39599,1.796646070792665
39600,3.6949395894549504
39601,0.3943054001865711
39602,1.041163147697123
39603,0.9921391436082878
39604,1.7965303042249197
39605,2.9913499624154305
39606,2.8251336317117968
39607,1.4146577540259138
39608,4.280773747322261
39609,1.3374278344804544
39610,1.9046780289620138
39611,3.551557881222468
39612,1.78666335409088
39613,1.176697360020345
39614,3.217576981594224
39615,1.926870404253041
39616,2.591915617183421
39617,1.2473279773750825
39618,3.4272052776144086
39619,2.1063985975655477
39620,1.4100349384543769
39621,2.303695453305668
39622,0.8487653682944405
39623,1.2199745149194463
39624,2.9864904065183318
39625,2.53142163705866
39626,1.6819644564604097
39627,2.8711368762982694
39628,2.562761764606112
39629,1.640071151807721
39630,2.740552497956376
39631,2.823936444162488
39632,1.8622928573583728
39633,1.3044373189898444
39634,3.115317137859254
39635,1.2460486550724035
39636,2.420963053270359
39637,1.631548111375313
39638,1.9816359935081955
39639,2.476040152239964
39640,1.7177957626289846
39641,0.9391926038366911
39642,1.6271800420148885
39643,1.1705662029768895
39644,1.5728995796380083
39645,2.4504069453479964
39646,3.2039681636320587
39647,1.093371478301325
39648,2.021577873661844
39649,4.125493965764637
39650,3.1198048436474473
39651,0.8135747287533412
39652,1.3294589615377994
39653,1.4218091931899188
39654,0.9817803014767925
39655,2.225136432301401
39656,1.01162935143984
39657,1.1769104375840733
39658,2.5181300491156584
39659,1.6406945621540139
39660,2.51005525632792
39661,-1.550035561970386
39662,3.066469749203069
39663,1.5019077358585413
39664,2.14032942970238
39665,1.743440109034001
39666,3.0072291206130366
39667,1.0576653915117937
39668,3.3107928064220893
39669,2.584105496877786
39670,1.1178947411644948
39671,2.1976192923299926
39672,4.420760012834908
39673,1.1345293045625944
39674,1.88667587961584
39675,3.22048833021174
39676,2.084512018327988
39677,1.9989139789150734
39678,1.7418677840709371
39679,1.2271486853800333
39680,1.5687946194945006
39681,1.9415041767586025
39682,2.7696701060286593
39683,1.8042394695079516
39684,1.6585529085826956
39685,2.4955959135680565
39686,2.3945349699983502
39687,3.988133428009437
39688,2.620138793302946
39689,2.787606684724384
39690,2.0854062962334616
39691,3.1822051846804165
39692,1.410002134197189
39693,1.5855483420756435
39694,0.5328253597468269
39695,2.242519843650289
39696,2.830537845086784
39697,2.385580108676013
39698,1.7865027670713438
39699,2.7966781462343455
39700,2.3221403747650733
39701,2.3414453897507634
39702,1.435267247095826
39703,1.8901329469858048
39704,2.1014771176345484
39705,2.522181841136021
39706,2.5470414655826836
39707,1.630143754489385
39708,1.1664188978990389
39709,4.537237517085433
39710,2.38290799481101
39711,1.5701431475946528
39712,-12.307071887296498
39713,1.5370508111372239
39714,2.4394110546818446
39715,2.013157321216486
39716,1.4184292408768933
39717,1.11049907823568
39718,3.2746175366649517
39719,0.809624497339346
39720,1.5444048065977007
39721,1.8122272901350165
39722,2.2791890506496806
39723,3.594481256222142
39724,0.6289862258753836
39725,2.0227802735141474
39726,2.4784585378482014
39727,2.2492024725202278
39728,2.6966548636797576
39729,2.3534286776260025
39730,2.1653323737526513
39731,2.1508405421396084
39732,2.5403617798794507
39733,2.4887115505075066
39734,1.71968857158733
39735,3.4598614490360013
39736,1.9158813471513874
39737,1.707138032649528
39738,4.171554167270447
39739,4.309462210867739
39740,2.1009531036491502
39741,1.844401464565724
39742,2.6022172160430195
39743,2.173208886984387
39744,1.5846227433464755
39745,2.2099380600518863
39746,0.2322967612464062
39747,3.5189331163909436
39748,0.6753915855267145
39749,2.4317843774966583
39750,3.294303343525346
39751,2.8236976721991915
39752,1.6865111060874547
39753,1.1499495311846637
39754,0.7051862400774702
39755,2.2491869578927357
39756,2.84277592839263
39757,0.7506147491635922
39758,2.1311375336952985
39759,1.6047518761467394
39760,0.8304983923093552
39761,3.032784779491468
39762,2.9079052620199697
39763,3.812495042050106
39764,1.1286190044380113
39765,1.1526591052450819
39766,1.3156819765691843
39767,3.3274949214289826
39768,1.4131197549289176
39769,1.0775752475467506
39770,2.0911817817071814
39771,1.449281169661507
39772,0.7038169823754039
39773,0.7706994559746398
39774,1.1543303786281491
39775,3.2208549766008936
39776,1.5743300903102444
39777,0.6316372034169753
39778,2.1808556106953496
39779,1.822364180726229
39780,1.3079661630536101
39781,1.9036387487903177
39782,2.1264636473241048
39783,1.4442165414511159
39784,3.018836906063175
39785,2.0087703332133664
39786,3.121243738025303
39787,1.7654933474003691
39788,2.970134387037522
39789,1.2360116174016618
39790,1.0661752944580236
39791,3.234421592046605
39792,1.662818685666938
39793,2.983317835339623
39794,2.6381244564039186
39795,1.6312009243432932
39796,2.007986610366604
39797,1.5963640218060142
39798,1.4676901202398973
39799,1.2436835674829787
39800,3.4956358079412304
39801,1.0719933879401715
39802,3.1641708176125043
39803,1.320176991141043
39804,2.1913217595463017
39805,2.8330584670378904
39806,0.832841566081246
39807,3.0455232528561034
39808,3.2491951885419077
39809,2.730706537850555
39810,2.3793769071196813
39811,1.826832760901457
39812,0.9197534508578293
39813,-2.9307855531005167
39814,3.410503857693559
39815,3.943379218703118
39816,1.6411590016798279
39817,1.697594323180116
39818,2.484145554216017
39819,4.516588854618025
39820,4.931643759707331
39821,2.431912704200645
39822,2.47638549268709
39823,2.1241444818229276
39824,1.8743899927657175
39825,1.071894357109091
39826,2.6296896700496326
39827,3.3312517722619397
39828,3.51535997831866
39829,2.6325476388567814
39830,1.4239702913655812
39831,3.818868284172769
39832,4.619440616328777
39833,1.8093105553734041
39834,2.2587638559456344
39835,2.377291074506477
39836,2.364697267268557
39837,1.716306033855009
39838,2.09111214708361
39839,1.3911494006056309
39840,1.8407039690899616
39841,2.2889546303068222
39842,0.8120262143837103
39843,4.103988566462224
39844,2.2991042351736475
39845,1.0660206018207283
39846,1.085773559436948
39847,0.525134473073539
39848,2.5736835601944144
39849,2.3023768641602125
39850,2.1149356355441604
39851,3.4235815062868404
39852,1.6328325110489494
39853,2.303857979599403
39854,1.1171298090055934
39855,2.5528780086806684
39856,1.625181209623893
39857,2.4857098260281454
39858,1.9517466567514568
39859,3.960188316832731
39860,1.1409467195951812
39861,0.8210920760809337
39862,1.1584911089296135
39863,1.8279664623038236
39864,2.6353636269416576
39865,1.5933618380599945
39866,3.7203402908986654
39867,0.8708169688522709
39868,0.8686321680280322
39869,0.8270785765766142
39870,1.869411491153759
39871,2.9141254924162503
39872,1.6918064520633642
39873,1.7970248004575389
39874,2.5201070042523135
39875,0.6576350007562759
39876,2.668445771305475
39877,2.1219987121767225
39878,1.4713822412715594
39879,1.0157919268864681
39880,3.065553018800731
39881,2.2902306608270955
39882,0.8119210807085473
39883,2.063677598144185
39884,2.483266931808661
39885,1.6957414429550148
39886,3.5186228230845167
39887,1.2936340772719355
39888,2.5181994703634736
39889,2.2612942959365547
39890,1.2634010839237853
39891,1.2420915070596585
39892,2.0344131758664084
39893,1.190083164042992
39894,0.9491018708309902
39895,1.203603298788611
39896,1.1667445138020334
39897,2.9924262589251533
39898,2.2095706164925026
39899,2.590400896750385
39900,2.444624863071912
39901,2.4175207161650043
39902,4.239641126289261
39903,1.3785750343799954
39904,1.7124800028812253
39905,2.4195858609939798
39906,1.533692415723042
39907,1.9376126071236435
39908,4.081070687251273
39909,1.536028700956738
39910,2.7939879481785432
39911,2.749872388674195
39912,2.5425066015180597
39913,2.492738985009172
39914,3.102788718807293
39915,2.650664672753667
39916,2.3806494174285753
39917,2.7141333578508444
39918,1.9489400655606381
39919,0.7920902204565188
39920,1.3782064579422446
39921,2.441080624777843
39922,2.1792331469405077
39923,0.8674574613622532
39924,1.9692433762781185
39925,1.6079890248985045
39926,1.3947699590333436
39927,1.9900442789019799
39928,1.8730570954151666
39929,2.162283851285739
39930,1.0668099407473086
39931,1.172820564344935
39932,0.9519087919322295
39933,1.1781862998545343
39934,1.378359493683167
39935,2.075811703835914
39936,1.569573180001047
39937,1.360758427669456
39938,0.9299091684604299
39939,2.451126086379393
39940,2.7984870321950304
39941,1.5084194753881697
39942,1.956224356579046
39943,1.4016061592448104
39944,1.0952321503001663
39945,1.6168317451136183
39946,1.8643064025216383
39947,0.5165705377502299
39948,2.1210115722546767
39949,1.5265297350794107
39950,1.9469974363988207
39951,1.5164853801211997
39952,1.5852319361936829
39953,2.558341986506381
39954,1.0971588017911849
39955,0.9262460611935843
39956,2.115552241011276
39957,1.4208877942451075
39958,1.5402669131689528
39959,2.743292915071212
39960,2.745616993592197
39961,1.2815115151988188
39962,2.4538031097260706
39963,2.3346574460503895
39964,2.5683193263042092
39965,5.139129624942431
39966,3.05749535637921
39967,2.853867932951065
39968,0.8720836615603993
39969,5.159333467588571
39970,2.6218720843651546
39971,1.6525180852197288
39972,2.702630826120018
39973,0.7711989953495824
39974,1.112441725815703
39975,2.2545254330912634
39976,2.913414083409382
39977,1.29637721094986
39978,2.9363058472650927
39979,1.3138698217100604
39980,5.614692754029196
39981,1.8346626716454786
39982,2.2851807595572815
39983,1.475889073268636
39984,2.419855068580109
39985,1.1240317700819027
39986,4.270309825140604
39987,1.8615259445884398
39988,4.5492315040252755
39989,0.6460522455337845
39990,2.7449395529851337
39991,4.542377331667726
39992,2.0158106668963036
39993,2.084726062023325
39994,2.3966382992939863
39995,1.672064846754953
39996,2.2768853114579635
39997,0.8186199814360329
39998,0.8000076655090744
39999,1.483465454092883
40000,2.2173136840179986
40001,0.9841956637226907
40002,1.73896663859475
40003,1.5836351570741876
40004,2.4147041321088274
40005,0.9361557406640806
40006,2.258614929619487
40007,2.2627886262709787
40008,1.8018614546619496
40009,1.6832061518392756
40010,0.9211304917364096
40011,0.6468938326574722
40012,2.0265583793820134
40013,1.654397799289061
40014,3.3673553669146408
40015,3.2013015347753857
40016,1.6396010458225199
40017,2.9888598159754203
40018,0.8031283182554354
40019,1.0201910743010707
40020,1.5001616721129416
40021,3.3024724530053824
40022,2.434938628933029
40023,4.603625941524744
40024,0.97250255577217
40025,2.5839164614993173
40026,2.8536329560973606
40027,1.235864306154415
40028,1.7226952339561628
40029,1.6838724451943428
40030,2.2620605963912546
40031,2.350661770806372
40032,3.194680098559761
40033,4.633956851531597
40034,2.798352543428681
40035,2.747743692223029
40036,0.27611135433673795
40037,1.7712036274147671
40038,1.1591188836129085
40039,1.5629893959570644
40040,1.3753979699381524
40041,1.213099354238384
40042,2.4891035867364373
40043,3.3822951751040513
40044,1.112499045286544
40045,0.6386112424042985
40046,0.5831618904706524
40047,2.5555310521427863
40048,2.4717912606234087
40049,1.4185614341965085
40050,3.210541394276337
40051,2.344575871223274
40052,1.9901246398711159
40053,1.8002457296331364
40054,3.347916984288563
40055,1.381968436897754
40056,1.820352617759287
40057,1.9412945413671174
40058,2.331931536125385
40059,1.757227292004206
40060,1.4744906146780217
40061,2.0008090506773364
40062,2.3939620153884427
40063,2.3472199449335314
40064,2.0011890401471284
40065,4.014479020702371
40066,0.7440333951398124
40067,2.067210357384969
40068,2.835950312532848
40069,0.4366492647161273
40070,2.503019397530583
40071,2.3263418928416435
40072,5.114589956363492
40073,1.4395202163233343
40074,4.033608644448211
40075,3.075678956802083
40076,2.393508878452142
40077,1.6091901167644558
40078,1.3605402526359889
40079,1.944137542617856
40080,2.7327901824956804
40081,2.228432729274065
40082,1.4726400005457698
40083,3.503595079164004
40084,2.6773820280501504
40085,2.188559464917578
40086,3.233158595733986
40087,0.36839380783343145
40088,1.9837884888614248
40089,1.2298828792884287
40090,1.6167350412331167
40091,0.5574229942297428
40092,2.068036603119399
40093,1.196690300238462
40094,4.1761605170928
40095,1.21421089256771
40096,3.281811731595699
40097,1.3298031592835322
40098,1.6143689017069711
40099,1.9480676657175913
40100,1.5174144616157186
40101,2.37540305446311
40102,2.690529942730965
40103,2.0391458123450867
40104,3.2193953489382956
40105,2.7591953504910727
40106,1.1955694376902137
40107,1.3516594050616568
40108,2.3837528708688502
40109,2.924838979461928
40110,1.3736399917917232
40111,1.5061322196159246
40112,1.95723413735627
40113,1.0440903346553263
40114,1.233685454020364
40115,3.046237262514385
40116,1.1791183753789234
40117,2.788918002931414
40118,0.7624117672059221
40119,0.9598120864768056
40120,1.6256279232862916
40121,2.0944087815539127
40122,1.7449136988112492
40123,2.6030338182521895
40124,1.3830573300313382
40125,2.2473916891709145
40126,0.8600778004547642
40127,1.3122083728495717
40128,2.6449221987625187
40129,3.752330206654907
40130,2.52201134999709
40131,2.4104307214516076
40132,1.8123891954757347
40133,2.9020608522109264
40134,2.7988574126514187
40135,1.2818882862366685
40136,2.519786726171848
40137,0.7926260848884432
40138,1.882652178781715
40139,0.9683526771183928
40140,1.7424866466328446
40141,3.7134588081616506
40142,3.0073639912753016
40143,1.592756056904566
40144,1.1546298422498502
40145,1.1772564649086839
40146,2.0321998247525563
40147,2.735569630315357
40148,1.1414020888332779
40149,1.0740555335548017
40150,1.7175046158972727
40151,3.1917559333381043
40152,1.5348414784398905
40153,4.099912728488963
40154,2.898246432273911
40155,1.8684011675203216
40156,0.4108719360535851
40157,1.1424005003285664
40158,1.5761265318423092
40159,0.9489147521734971
40160,0.4405589930226945
40161,3.0037454021150474
40162,2.3921686641089686
40163,1.9043571669718382
40164,2.750426774940596
40165,2.913815342963236
40166,1.3961292282345745
40167,0.5956536121911036
40168,1.8407267050797351
40169,2.173907974064239
40170,1.8556243172021745
40171,1.4212329404909703
40172,1.5653331216490223
40173,1.4152221229121018
40174,1.4210247493473709
40175,1.9347527922269059
40176,1.2108030715942597
40177,3.1144500305704277
40178,1.4611953536069997
40179,1.9466727003964799
40180,1.234775994791395
40181,1.1612625111393164
40182,1.4272168163897767
40183,4.433239508223128
40184,2.1136175023622776
40185,3.4410804427053314
40186,1.125303205313859
40187,3.6036397570492262
40188,2.9539573783886546
40189,5.780631031782722
40190,2.193211894117102
40191,1.708253501940053
40192,2.0067686890555514
40193,2.6124453002229053
40194,1.7438987608031802
40195,2.991064686893427
40196,5.128492809122296
40197,3.691381145208201
40198,4.5802577200022405
40199,2.3307834461849133
40200,3.3352773970335967
40201,2.249286091602105
40202,2.9475663058455304
40203,1.018797306280451
40204,2.460101365942595
40205,1.5140786876322672
40206,1.121866030871761
40207,2.348939586992177
40208,5.106736506160448
40209,2.715545012566313
40210,0.7181510786134631
40211,2.5477862681239607
40212,2.395714906837984
40213,2.1387883563957963
40214,2.516022885541563
40215,2.087041540757756
40216,1.3340549546940714
40217,2.159764950172619
40218,1.4273290951892257
40219,2.364494403121686
40220,0.7098811211353429
40221,1.5133767820921982
40222,1.6579081320962281
40223,2.956456694323496
40224,2.89080686355749
40225,1.6037058371052844
40226,1.9487269626778847
40227,2.0351226840579706
40228,1.299093074462693
40229,2.5746994722395335
40230,1.575999745168449
40231,1.8647075167517961
40232,2.5547620161181364
40233,1.4326852289871717
40234,1.7404625854576956
40235,1.0665862184959032
40236,0.5886755208715222
40237,2.2838144955295583
40238,1.6051408071758893
40239,2.378208108461937
40240,1.6753207698073176
40241,2.365080795245209
40242,1.0290421363262148
40243,2.6944823769422364
40244,2.438689136786085
40245,3.81712256557228
40246,2.274037304550607
40247,3.0301890662886173
40248,1.531500175168933
40249,1.2975378873941033
40250,1.2308624219515458
40251,2.146729974414402
40252,1.4566799586110655
40253,1.2125897577598757
40254,1.3341857445109078
40255,2.1376134654712793
40256,2.3630640254124877
40257,1.692245716855016
40258,2.4062003529851985
40259,1.216896632008062
40260,1.264444113081371
40261,1.8417752529854603
40262,1.3419385829984698
40263,1.9720321142402817
40264,1.0843789882357875
40265,2.7628178358992592
40266,2.3571636065161705
40267,1.7781233326809947
40268,1.434673177521919
40269,1.4443720219174345
40270,3.2839305261744336
40271,1.3914162675526462
40272,2.009560827749315
40273,2.718008574705326
40274,1.1473969563406037
40275,2.0664467733767005
40276,2.210443729020941
40277,1.4304535005342736
40278,1.982660926862227
40279,1.037315716137929
40280,1.8467993305450001
40281,1.636500610748417
40282,4.154063434750501
40283,2.2140202893836864
40284,1.5911575580130553
40285,4.2758290979891775
40286,1.790511462705613
40287,1.278796606457096
40288,0.6351014130499131
40289,2.135535056151358
40290,2.197939429810024
40291,2.288686399252729
40292,0.2891535598902273
40293,3.0448638830175163
40294,1.2194034577358117
40295,3.367574455997218
40296,1.2260214835830574
40297,1.731608608433934
40298,1.5371371039367467
40299,1.7516647353855923
40300,2.74502879401766
40301,1.9399888862644339
40302,1.9598114574559737
40303,0.941269378260106
40304,3.3160173173875798
40305,1.6406823842342568
40306,2.1463988837959427
40307,2.0753140194960658
40308,1.1978576583010785
40309,2.445690391871242
40310,1.1317645436350041
40311,0.7427952355297442
40312,1.478899101414303
40313,4.818800473415084
40314,3.7471320488400046
40315,1.159775949568715
40316,1.3613812607613092
40317,0.976334074916867
40318,1.5980662903649865
40319,2.3683576621334375
40320,2.675101061424048
40321,2.046712713088997
40322,0.652691878632627
40323,4.493875812031607
40324,0.9693226703438746
40325,2.357781742558533
40326,2.685971113516846
40327,2.1983727093771996
40328,2.446125403130825
40329,3.318992043747503
40330,1.0583957519496074
40331,1.485610883669839
40332,2.1888988154680966
40333,2.500343271735634
40334,1.6615444380892122
40335,0.5353320566650588
40336,3.1551239122896995
40337,3.0477582245229975
40338,1.9287494590579435
40339,1.991874816821909
40340,1.9849319028361414
40341,2.039794158285307
40342,2.0693289017159806
40343,2.1057194589800794
40344,2.053674220202968
40345,1.3875268151344677
40346,0.6004332614094388
40347,2.452009697882037
40348,1.0592617938500872
40349,0.7246766889035463
40350,0.7563515486845098
40351,3.359014509176948
40352,1.8928348255374807
40353,4.705970719430301
40354,1.6687750465597624
40355,1.2351936552767064
40356,1.3924214864989928
40357,2.1135905508466273
40358,2.584912513914734
40359,2.517615626018287
40360,1.6836190329563046
40361,2.7609377310187746
40362,1.4073906096951454
40363,1.4486564445355192
40364,0.6532427497663527
40365,1.2120623605848415
40366,1.3610930871719553
40367,1.851588301968409
40368,3.641603024398794
40369,0.4824594202743562
40370,3.459778920274804
40371,2.234091506851886
40372,2.703819105719848
40373,0.9058336943519443
40374,1.9286365547359061
40375,1.099929665842442
40376,1.2730812389497181
40377,2.3258881310433175
40378,2.0382456480363977
40379,0.9375731396481832
40380,0.9140675707187462
40381,2.2636089676661335
40382,1.2595069971338866
40383,3.5782369316492044
40384,2.3176838118370746
40385,0.7328833358091948
40386,1.1349087930488118
40387,2.699065081507431
40388,1.1120358628779776
40389,1.6359100730099705
40390,1.8292905227601501
40391,2.9388751202362506
40392,1.5448085183436184
40393,1.3350876926674324
40394,1.4277343698843517
40395,2.101821877048909
40396,1.8561523569997043
40397,1.9803749629299467
40398,1.7984323541042535
40399,1.278412408901037
40400,2.54228629990806
40401,2.9358857122499877
40402,2.0904091679949524
40403,3.2726508017342475
40404,0.9278470123881597
40405,1.6680927168575899
40406,1.6687547348998386
40407,2.731646198374282
40408,3.181578861518094
40409,1.607966594887845
40410,3.809808117408071
40411,2.7432833891899726
40412,1.736662832042132
40413,1.6640985864045241
40414,1.1317011833630524
40415,1.6501573535309753
40416,2.251977217038476
40417,3.017901607954631
40418,1.8151490800683412
40419,1.7580830427059801
40420,0.9601917518172378
40421,1.8080556425240424
40422,2.6268046392673376
40423,1.731273000683192
40424,3.7688189539863153
40425,1.5392191259522612
40426,2.6804886548897606
40427,1.415912518275693
40428,2.626936172433009
40429,1.4241348757521486
40430,1.1547488137020885
40431,4.617321075150816
40432,3.127346807410877
40433,0.7686537675314504
40434,1.4704133155373462
40435,1.8599449341837477
40436,0.6981861070535764
40437,5.201889498916561
40438,4.75729694668502
40439,2.383057090927654
40440,1.5619603066025185
40441,4.06693166102696
40442,1.8962415735136098
40443,2.4568511664887787
40444,2.138418447355125
40445,1.4744181194830936
40446,2.2911742813718696
40447,3.7091432340734265
40448,5.926702275844608
40449,2.5259528671400098
40450,0.7142008329678369
40451,2.2020035935109696
40452,2.8035811443073477
40453,2.7400127508219647
40454,2.6413219296124204
40455,4.31977600820915
40456,1.7363844152825187
40457,4.797636458996809
40458,2.7480860904272255
40459,1.0885835373545696
40460,2.4226150476177146
40461,4.338391525302544
40462,1.0182663953335869
40463,1.8418573333981705
40464,2.3875998146914164
40465,2.904203156287199
40466,2.432167872154711
40467,1.483133484341412
40468,1.9691315974333214
40469,4.986651099249972
40470,1.5591719370897756
40471,3.0805904952193863
40472,0.8542960414418168
40473,1.653298572635837
40474,1.0570985922135812
40475,2.8202325449371166
40476,5.182098155400187
40477,0.5979719004510038
40478,1.5075256431664776
40479,2.349657706058057
40480,1.9288404634056668
40481,1.9603085517521528
40482,2.5813914239090856
40483,2.371090657028649
40484,2.217172502723404
40485,3.488920535379922
40486,1.5505210350862946
40487,2.8234798884693113
40488,0.48861745248033017
40489,2.6482457046813472
40490,1.5664127564329853
40491,1.116260086177693
40492,2.4333523900297145
40493,3.2824430205528508
40494,2.161349488063369
40495,2.374854967385094
40496,1.1829764529735236
40497,2.8224965544897067
40498,0.9183423600428888
40499,3.2239866338917444
40500,0.9531379279633292
40501,2.4963969327660642
40502,2.8098473000395394
40503,3.6425919151534494
40504,1.2198061257327915
40505,3.1016861208376305
40506,3.9553613142193775
40507,1.9521607054042
40508,2.318135670536666
40509,2.9850507936771784
40510,2.604045731921051
40511,2.9725647673019218
40512,3.8812203843005513
40513,1.2317141117710584
40514,2.3292831523630504
40515,2.5903710473656396
40516,0.8404418389033061
40517,3.2171000018481415
40518,1.183162807007168
40519,1.4766669068981777
40520,0.9607699962097946
40521,1.725779660445884
40522,1.2989009741580766
40523,1.5014265411833811
40524,1.7014816455742938
40525,3.0511760227214246
40526,2.2191091322494323
40527,1.4886729069744753
40528,2.8379793719299222
40529,0.42424512900990763
40530,3.3244192776300032
40531,1.3586518078248027
40532,2.4470476883151697
40533,1.2867949733984183
40534,3.0186960196357155
40535,0.8327135372788099
40536,2.305641530772366
40537,2.4393514950578243
40538,1.1857865386853952
40539,2.4172230131607684
40540,1.1399876651343597
40541,2.9209670663795784
40542,1.858369537242229
40543,0.9298304184131077
40544,3.6892616344396494
40545,2.7889562821296785
40546,0.8375117001133425
40547,3.016466840240245
40548,2.5908990174817212
40549,3.312024279692057
40550,2.4049030841619334
40551,2.4042765806509614
40552,3.5871744435294524
40553,1.7261448645487043
40554,0.7977305471592082
40555,3.840075310338367
40556,1.608401467154298
40557,1.750799182208059
40558,2.517630594355726
40559,1.1715028282220636
40560,0.9275121892548874
40561,1.025375711680315
40562,2.9450763113135885
40563,1.2740333263862773
40564,1.6188645125714523
40565,3.1429540264369145
40566,1.195646699829073
40567,2.0068963342871804
40568,1.4433670013656332
40569,2.847275794708654
40570,1.185691267479715
40571,2.417700724727414
40572,1.5729760487724072
40573,1.5598621168070714
40574,2.2329942929281437
40575,2.8845739302994424
40576,1.9670538388042509
40577,2.1914153451863605
40578,1.0451600929538962
40579,1.32191982041903
40580,0.6470885271125475
40581,1.7625567137646705
40582,3.2829741868426687
40583,0.7649897630399956
40584,2.5462011610919753
40585,2.5342735104966074
40586,1.5020994029539203
40587,0.2788901110062376
40588,1.3384561610760564
40589,1.2364972654363022
40590,1.3440201971558032
40591,0.866225983893802
40592,2.231342933036931
40593,2.6216858476011033
40594,0.7306341088703228
40595,2.2159490912453954
40596,4.557231200366861
40597,1.4311737157711697
40598,2.35123493306347
40599,2.5993247746562282
40600,1.0887897917955947
40601,2.4141987007048193
40602,3.038307262531351
40603,1.1303052346318516
40604,0.8650466701373922
40605,0.920441037487425
40606,2.021066334599997
40607,2.769175264766691
40608,2.9004033755913703
40609,3.0909002654612188
40610,1.6366208212289202
40611,4.3461908467980415
40612,1.048399579389244
40613,0.9393751964088501
40614,1.9169489168066072
40615,2.400211765110928
40616,2.3407943755292173
40617,2.093303049316493
40618,2.8266358881606415
40619,2.5315260854756367
40620,1.8294836664943013
40621,1.7234404344598353
40622,2.1762351483494804
40623,2.5549613225145755
40624,0.9160067654318915
40625,2.130503984399329
40626,1.5091954363588123
40627,4.108911454369807
40628,2.1103393183414205
40629,1.030887519442505
40630,2.8620442040852403
40631,0.6846280899693262
40632,0.8184622194752968
40633,3.4485962710794844
40634,2.574845657216148
40635,1.0173210180705645
40636,3.7224516871571645
40637,1.36901490134915
40638,2.024924308380154
40639,2.066956382899111
40640,3.8468619115109313
40641,1.9552898423852447
40642,0.6861681378508884
40643,4.00751419243176
40644,2.0858911017932975
40645,1.5152627440674031
40646,0.437963143474807
40647,2.383007971140419
40648,1.828256644883485
40649,2.6952373812338557
40650,2.2101436403988295
40651,2.618255535096612
40652,3.334590097352365
40653,1.1056830242112063
40654,0.8211086381405472
40655,3.98970955143918
40656,1.0601195910592516
40657,2.056822448855147
40658,1.7065411140584708
40659,3.7307990508970796
40660,2.1617135575441786
40661,2.1078407424570607
40662,1.2755868498012184
40663,1.0361887314301477
40664,1.1232906898214914
40665,3.1640676428086785
40666,2.996654100797688
40667,1.449062288872458
40668,1.2052590919502997
40669,1.764345769916421
40670,2.373043289085704
40671,1.2132879557864449
40672,1.9323008026923425
40673,3.642906535589365
40674,1.4404825460788153
40675,3.5897142534817057
40676,0.9355048570232647
40677,3.4338316419930415
40678,1.100026200111504
40679,1.3538871262578063
40680,0.6863597851666476
40681,2.280933437369672
40682,1.4146416626251614
40683,1.6073290318487103
40684,4.053692490295763
40685,3.0532132082145473
40686,1.9476705181196827
40687,0.9011298716138079
40688,3.3012097240890945
40689,1.9485816111130454
40690,2.5164477951143773
40691,2.7098700576535784
40692,3.010375519376229
40693,4.034127747989547
40694,0.9566944422481676
40695,2.6323413187407176
40696,1.8659431594884985
40697,3.269323331922127
40698,1.185974633245369
40699,1.2083481377895886
40700,4.964842174317031
40701,1.3673577422100358
40702,2.299227063468809
40703,1.724718176486281
40704,0.6766607954250539
40705,0.6621526914726878
40706,1.716421426118817
40707,1.0958737320600314
40708,2.574173488559669
40709,3.1324343369099132
40710,1.4907311004443535
40711,2.8485798218646075
40712,1.4397187705389491
40713,1.9858136538418627
40714,1.4565795822271106
40715,0.8028213759334939
40716,1.9647834282926944
40717,2.664086694167967
40718,1.336139767376725
40719,1.2564633307997504
40720,3.698783037390573
40721,1.8186693972351726
40722,0.5705381123583528
40723,2.003771495933453
40724,0.6992462602408445
40725,0.5984111930172595
40726,0.7162121014443734
40727,2.212762494359257
40728,0.8262910352014821
40729,2.203954030546786
40730,1.4307937500299523
40731,1.8325072604584456
40732,2.3785078416579815
40733,1.721767329453062
40734,4.010802884340084
40735,1.5221588343178247
40736,1.7152203960409658
40737,2.419297346036249
40738,2.7251080294013867
40739,1.3931423706413604
40740,1.9202431203555683
40741,3.3184419467064323
40742,4.258310546605944
40743,2.6826029299519156
40744,2.7408894314358214
40745,3.4979578216705853
40746,1.7281513441432743
40747,1.7082047928854287
40748,1.9303553815467787
40749,2.84234330450926
40750,2.62412013933292
40751,2.200668719835253
40752,2.6790414774386058
40753,2.6018913538611947
40754,1.4993800194107259
40755,4.147342775001338
40756,0.9546674608239734
40757,3.4096664962165484
40758,2.9670852666801046
40759,2.8340015104646206
40760,0.5173074445360619
40761,3.2463887168209773
40762,2.6650575930553693
40763,2.1368574506075255
40764,0.7180314164019741
40765,0.9989412035710963
40766,4.511957673566119
40767,2.077895976365088
40768,3.275340366101549
40769,1.8865652455216413
40770,1.7422015598866984
40771,1.2021294268348335
40772,2.27558436828048
40773,2.6112233737304713
40774,1.7718887824782747
40775,1.8099682934302486
40776,1.512972210680804
40777,1.4990228449054293
40778,2.904569141837957
40779,2.9101529668353727
40780,1.7027392639272172
40781,2.6492606070145293
40782,0.36561690786792056
40783,2.2015603035726947
40784,1.4979932840326207
40785,0.8484011322104017
40786,1.911460356124966
40787,4.3906530239544885
40788,2.3538740154159576
40789,1.3966629625388158
40790,1.0974031457766706
40791,3.729956717790831
40792,1.6604417333177572
40793,3.473747232578038
40794,1.2020215116295994
40795,2.380988611896985
40796,1.8930997486207595
40797,1.932684841532538
40798,3.733376893943504
40799,1.7631289977872804
40800,2.5050450432468985
40801,1.1139748194449943
40802,0.5463379837948175
40803,0.6989022065918142
40804,3.1502356155939175
40805,1.2717048947543255
40806,3.9321687224484414
40807,1.608409136571769
40808,1.4804957442325453
40809,0.7463679445388642
40810,2.002322109435571
40811,0.798492436764338
40812,2.5970062920566512
40813,1.9329283557441421
40814,2.767159959372041
40815,1.398396166794786
40816,1.502204431482344
40817,1.7891271542472431
40818,1.863147536388599
40819,2.268565937416472
40820,3.8362776247712738
40821,1.2457299768676968
40822,2.3317737631104514
40823,1.5302874728013798
40824,2.2964296964652284
40825,1.5399232186558756
40826,2.0239023006189463
40827,2.463792985071425
40828,2.626505870916109
40829,1.9471897943789465
40830,3.417334480074121
40831,2.212568593303306
40832,3.1447482019555686
40833,2.104217473098391
40834,1.9447540872012077
40835,2.1931633680223435
40836,1.7977023183968335
40837,1.059964097258277
40838,3.2595593710094057
40839,0.9167538769143029
40840,1.6399181481174914
40841,2.85651638811132
40842,2.068858011852914
40843,4.039575915884431
40844,0.7505774919036163
40845,1.6449142908171588
40846,2.4328726496870594
40847,2.8618825029889514
40848,5.72534003066858
40849,1.6124763633054364
40850,0.47968905988500765
40851,2.528044939015107
40852,1.6129078429621906
40853,1.376588843942674
40854,2.2512675617656477
40855,1.038971866238061
40856,1.7555193727383234
40857,1.261076909364224
40858,1.8705259972441333
40859,1.4832046878275982
40860,3.2454686492706664
40861,1.1284578129003968
40862,2.683268341544963
40863,1.85401415881498
40864,2.470962109536007
40865,2.0862848108118364
40866,1.6530548661440925
40867,2.6977764670356557
40868,3.1647637134769617
40869,2.0343112774912733
40870,1.8696811552514738
40871,4.178734048676919
40872,1.6025934803014117
40873,2.3447686350036783
40874,0.37201010061383855
40875,1.5550798211728
40876,3.182397775811584
40877,2.069687875659671
40878,0.9887831230329631
40879,1.1580179427032284
40880,4.941077106686695
40881,2.9721439597690313
40882,1.9785111292845023
40883,1.049339132203901
40884,2.820222388948995
40885,1.5632877463796184
40886,3.2918083993289464
40887,4.580478426300321
40888,1.2510721536588427
40889,2.7885222120030484
40890,1.998432362667618
40891,1.1211452562600108
40892,3.482009604487505
40893,1.3000980986067425
40894,3.931290865675468
40895,0.9475713704205653
40896,3.35391318748157
40897,1.8755093451302152
40898,0.614868092856586
40899,2.7493237901334773
40900,2.3971577965648443
40901,2.584824235923495
40902,1.6058467832942007
40903,2.3644681562634595
40904,1.58441283887635
40905,0.8395304900826694
40906,4.059853775289586
40907,3.872730005525572
40908,1.6355390783974748
40909,3.2407795098762087
40910,1.731198301844504
40911,3.8030694751463763
40912,3.948081416811025
40913,2.9805028211442313
40914,3.6538437019833374
40915,4.3776663869161645
40916,2.5793282660637864
40917,0.5897667683587322
40918,1.5379608123492439
40919,1.2332596371001792
40920,2.7817899044255263
40921,2.0878822681034457
40922,1.8814793166618564
40923,2.3110318491427257
40924,3.5987797510865143
40925,1.5811476699230447
40926,1.9397255165232288
40927,1.563687924774829
40928,1.3414064494726894
40929,1.8390695357033913
40930,2.4595666618171244
40931,3.336119867418322
40932,2.0432411116894436
40933,3.272482388494641
40934,1.9961996502749777
40935,3.5539212386854366
40936,2.7537561675144993
40937,1.4947687111804022
40938,1.4811120197264849
40939,4.060149940378157
40940,2.1295442584320234
40941,0.8241955399310577
40942,3.301419229993403
40943,1.9026449125063216
40944,1.4557473475496217
40945,2.9360333740544924
40946,3.1738878562644324
40947,0.9533863510427558
40948,0.4708521742214806
40949,1.2107310062711214
40950,1.812288116269631
40951,4.148271116423988
40952,2.1064568159664
40953,2.2761428610647307
40954,3.2647758621422476
40955,0.866260800770835
40956,3.1689717211253345
40957,2.4428233887838964
40958,2.992948985666235
40959,1.023424732766106
40960,0.9078206587935576
40961,2.0177095319785714
40962,3.144155123542763
40963,1.1226748661838748
40964,0.9300256906042854
40965,2.269392259195886
40966,2.502765029764081
40967,2.304398743062908
40968,1.7066785641174853
40969,1.657426073567624
40970,1.8256032871019876
40971,1.5757561928332144
40972,2.16173366354656
40973,1.0383067065930653
40974,2.260414418616481
40975,0.5592993049533597
40976,2.4852504340345014
40977,0.7743787597465577
40978,2.3721709244443936
40979,3.444515801305986
40980,0.3130586838209446
40981,3.042580796020392
40982,1.0039328740241196
40983,1.4931675915200664
40984,1.5012124767821184
40985,2.5497544557234484
40986,1.1305985881359284
40987,2.2029808507417705
40988,3.2996833417528
40989,1.7862576341672458
40990,1.8426654948988848
40991,2.511669473345453
40992,1.531830407601948
40993,3.4473615515630662
40994,0.712621087425223
40995,1.457498779163334
40996,3.614725056513297
40997,1.8355109616221092
40998,0.9138286715015376
40999,1.0848389259749958
41000,4.904758239614356
41001,1.573237614131731
41002,1.703508824333671
41003,1.0608852700939941
41004,1.7140699241985011
41005,1.6585736844591032
41006,2.0645892624773587
41007,1.642044512535339
41008,1.400813301076088
41009,2.3059700811455777
41010,1.9604903555304283
41011,0.9504307414009681
41012,4.435475227379758
41013,2.4226014718504167
41014,1.5039933874064424
41015,1.9799893475922978
41016,2.119008997325029
41017,3.4630127380948785
41018,1.7940988265909006
41019,3.0755863281846167
41020,1.4270352951447514
41021,0.5880055224025718
41022,2.044224496161778
41023,2.1304189030051113
41024,1.19070904938771
41025,2.112300855415331
41026,1.6949224567158758
41027,1.8374142070454447
41028,2.953542613676209
41029,1.7126426860535027
41030,2.231541262019821
41031,2.303769012268109
41032,1.5245481726262575
41033,2.1765140899868562
41034,1.3936811284843067
41035,2.235180967578348
41036,3.025483346355461
41037,2.3127101114795643
41038,5.504338106702566
41039,2.043165345104317
41040,0.5886610491664364
41041,1.8765648628373164
41042,3.6061215246073495
41043,2.3444119125780425
41044,3.2634085817651943
41045,2.755152117238058
41046,2.841748443715492
41047,1.1434117927086653
41048,1.5060224302620249
41049,3.386547822081898
41050,1.3096092864642834
41051,3.6608726591400718
41052,2.5096816474451806
41053,1.2209394650722096
41054,2.2242408825334543
41055,3.140520944806017
41056,1.9729715039693794
41057,1.1349511104894567
41058,1.9418028106273404
41059,1.2831802826278853
41060,1.3372464131175157
41061,2.6042052883779867
41062,1.5022054375418783
41063,0.8267135841050255
41064,2.791911989328387
41065,2.2326946036674578
41066,3.3847404735114743
41067,0.7368337678310048
41068,2.4172609417298396
41069,3.114848063063935
41070,3.580035861256281
41071,0.9426821633072429
41072,0.7044002004831249
41073,1.1951806549655295
41074,1.91007794382924
41075,1.0925518361197852
41076,2.033719557653118
41077,0.8749017500095455
41078,4.273837443124311
41079,4.077646592131206
41080,2.570544583328772
41081,1.5539408371346362
41082,2.5647944837451497
41083,1.451607913851948
41084,1.1251135472677198
41085,5.186613816175797
41086,1.1327998097956176
41087,2.6918335489315304
41088,1.4396693823948716
41089,2.1760063584939395
41090,1.0866211150365679
41091,2.7647130753314606
41092,1.1474801485049433
41093,1.5456097217122569
41094,1.3959791550062057
41095,2.364437556633593
41096,2.2919415551616034
41097,1.5119316837333692
41098,4.56547939215972
41099,3.1757321940197336
41100,1.221946103484786
41101,2.483225451162074
41102,1.991593333862543
41103,1.2938155035740841
41104,0.8249666670543583
41105,3.2576898907676686
41106,3.1268691131834636
41107,2.503521116290873
41108,1.7220672429138837
41109,0.9358292234504155
41110,0.686835814028715
41111,2.7286968332084633
41112,2.129151829863222
41113,0.7677563968225947
41114,1.7211180844907723
41115,0.6849889029962561
41116,0.6928944072975334
41117,1.2898704461420358
41118,1.6906978748981523
41119,2.7721655286588067
41120,0.9121588290203739
41121,0.7837103190233172
41122,1.4503993312011296
41123,2.2016983587637107
41124,0.2720778729886639
41125,1.6910960172773493
41126,1.0940083684846549
41127,1.3506927540310905
41128,3.5830539629796796
41129,1.5585569083898214
41130,2.2007364729627774
41131,2.2269435390448713
41132,1.8880935687287526
41133,0.8330400224946892
41134,1.5669399264155892
41135,1.768851222832442
41136,1.751444000451361
41137,0.5833709954559971
41138,1.6574378417461197
41139,0.6230549837130219
41140,1.3022282227530333
41141,3.212725321321816
41142,2.593868848165247
41143,1.5465016607851432
41144,5.545763103795881
41145,0.965242889637242
41146,2.082518614995056
41147,2.413260043742188
41148,1.6191514355603864
41149,2.4194143116232034
41150,1.8648028661859009
41151,1.6793220000981286
41152,1.8067058346361513
41153,1.4184155983909115
41154,1.458915030505711
41155,2.069538108473072
41156,1.5625628165022967
41157,3.28482018411734
41158,3.218405435651622
41159,2.708886049641425
41160,2.688834681009471
41161,2.3071949174907367
41162,1.3449322434268858
41163,2.582350019863899
41164,2.812843233139379
41165,3.6271389044861486
41166,0.7634183604275258
41167,1.0752189309884308
41168,1.4970760762603028
41169,1.2849271490388823
41170,2.181233581214318
41171,1.994030076878179
41172,0.9890157065214034
41173,3.547033221022506
41174,1.6578370778616467
41175,3.486637299968155
41176,2.22077835612831
41177,2.5429789558875235
41178,1.9776741669540492
41179,4.406046542131666
41180,2.2039565607473186
41181,3.9166503874434717
41182,1.6635746264415197
41183,1.374441507465125
41184,2.2469037594238195
41185,2.225425563399174
41186,1.611984409249775
41187,1.684486255095866
41188,1.4127948998319262
41189,2.046409324935812
41190,1.7716562289082027
41191,0.9358625000212193
41192,2.1657851999923743
41193,1.6313957276557467
41194,2.0252151949309543
41195,2.585922756272371
41196,2.695059581389504
41197,2.8992274171098167
41198,4.068775118461279
41199,3.099685488750115
41200,2.579124444229823
41201,1.9437641010042093
41202,0.9261348299529324
41203,4.876545737634903
41204,1.0358181245804339
41205,2.9901333073655714
41206,1.215707684876552
41207,1.7030304386349577
41208,1.869611110012361
41209,3.5631834452824513
41210,3.0686421080060065
41211,1.539420465941209
41212,1.250948015811705
41213,2.238595254858698
41214,2.4436303866322966
41215,1.5149500979651442
41216,3.4971134092699607
41217,2.8239043181105252
41218,3.031309707165324
41219,2.348199557596079
41220,2.17014599841767
41221,1.9879922292716152
41222,2.8393318289678895
41223,2.1160735620885767
41224,2.781461805727705
41225,0.985218142690858
41226,0.9108440967484945
41227,2.969538889861301
41228,2.2053573902360917
41229,2.0611384301807085
41230,0.9838657641243209
41231,1.3572857051972314
41232,1.8336815991130813
41233,4.413708081860737
41234,2.67627982474038
41235,0.9468256210435904
41236,2.2749714728804555
41237,1.9156421030617174
41238,0.7845045557225525
41239,2.2540070886182697
41240,3.079249318709916
41241,1.5548247722725002
41242,3.7380840583081216
41243,0.7780684200360248
41244,1.4508081058601512
41245,0.8621862893880099
41246,1.9494647474061857
41247,4.4654387577904835
41248,2.10932792962409
41249,4.507384290890915
41250,1.3522381722179695
41251,3.9565708342705967
41252,3.017492267717504
41253,1.4241420757689447
41254,3.7772678816832332
41255,1.708535074980805
41256,2.2502161009040584
41257,0.5981765190338031
41258,2.199016272002101
41259,2.309322783722198
41260,1.5174122731620692
41261,0.7863717902231606
41262,0.6935910572490549
41263,2.596578394316598
41264,2.293161463586703
41265,2.485033898055125
41266,2.4808777909993047
41267,3.019127736409704
41268,2.7172281969046175
41269,2.338174253561821
41270,1.1677369808956009
41271,2.717823332960851
41272,1.505891337887963
41273,1.07835659086928
41274,2.183268651071277
41275,2.4255321096677314
41276,2.9822728261904423
41277,0.9317938091267628
41278,0.8578659707615692
41279,2.89560313372127
41280,2.529923827562815
41281,1.3320893316573326
41282,1.4644206433036437
41283,1.5937706668702027
41284,0.6663335142061477
41285,1.7804438153372963
41286,2.736404719066716
41287,0.8188273255373737
41288,2.290863490298623
41289,1.1305000970221535
41290,1.0540027339575921
41291,0.8171504852710463
41292,1.0511109638673908
41293,2.0110097123358663
41294,1.4225496904517207
41295,0.4719530379867969
41296,1.2621011972494536
41297,1.068832822542607
41298,4.784106917131229
41299,3.320451019239787
41300,1.8700333254139743
41301,1.774427454802069
41302,4.005940315567788
41303,2.0446929916344097
41304,1.6253237739186979
41305,1.0803861005013893
41306,0.42455743134020807
41307,2.1407025012931093
41308,0.7614838147591776
41309,0.2315939754662999
41310,2.410772986556882
41311,1.9302371426577771
41312,3.1288097285808227
41313,1.9656393593073922
41314,3.517788525227676
41315,1.1788381706900033
41316,0.9627312297095649
41317,2.6413524902408803
41318,2.4663538402991527
41319,1.3612338758313918
41320,1.7999158075685422
41321,1.2593996353852255
41322,2.2275921187480527
41323,1.4818560109931163
41324,3.8660979713370445
41325,2.828227028209401
41326,1.068724351941686
41327,1.973862143866885
41328,2.2176904966886504
41329,2.347250852068303
41330,1.601563501641099
41331,2.5369858968314567
41332,0.7299589964247026
41333,2.8917492646184577
41334,1.074856536782395
41335,2.778868877037187
41336,3.5905196319747894
41337,1.3702790539589422
41338,2.3630880160649106
41339,1.4170504711751484
41340,2.0373029872029953
41341,2.0968153939591083
41342,1.138980568192924
41343,2.2570500169871117
41344,0.7549224915266457
41345,2.3702819145823675
41346,2.4843413837087702
41347,2.282515573331299
41348,1.1395797270299717
41349,2.7530804839481426
41350,1.972868370637233
41351,2.2576000418647233
41352,1.664172557538354
41353,4.3991201408335066
41354,1.99703581108648
41355,1.6568066131564514
41356,1.9643496255999402
41357,2.390188590872132
41358,1.7498155926983863
41359,1.9716420375083068
41360,1.7885878444332128
41361,1.174589633167816
41362,0.7061437556107855
41363,2.5767618769218394
41364,2.351328368564328
41365,2.7311881034825127
41366,1.7034906597904786
41367,1.0403960314731968
41368,2.9157924304488496
41369,1.5161063683757767
41370,3.455886482525532
41371,3.0413567260451977
41372,1.0070278669129813
41373,2.034851233883561
41374,1.7668250304110167
41375,1.1595109010369278
41376,1.7892756330267652
41377,0.6295093214187979
41378,1.6392541761779889
41379,2.1435774231020766
41380,2.079239250827417
41381,1.561528182748308
41382,0.5822729158213527
41383,2.5836336110377864
41384,1.788814854449047
41385,0.6493612583103676
41386,1.9944666418144301
41387,2.5717316302867097
41388,2.5528726223157356
41389,1.2648693851872999
41390,1.3393189339897198
41391,2.3540952345793222
41392,3.0359196961253794
41393,3.0689205382526588
41394,4.154355875375732
41395,1.3593663071855282
41396,1.5198359598802291
41397,2.2289266683147595
41398,1.4814231099741768
41399,1.4772929979944003
41400,0.6780603820889759
41401,0.8286359292085343
41402,1.6822607865943873
41403,2.0257701440450866
41404,1.4452218518906683
41405,4.565431795282112
41406,1.514090160226349
41407,0.8708765860871814
41408,1.1578258492036504
41409,1.54498080663004
41410,1.7533789633339474
41411,1.4041273606707172
41412,1.0617207864537228
41413,2.8056671979281056
41414,2.097233775602522
41415,0.9072971701600387
41416,3.255628342662394
41417,0.6505803523504916
41418,0.850089143618252
41419,1.1456309046295168
41420,2.1689567322441157
41421,3.369346462031647
41422,3.965731010325559
41423,2.9249680266398776
41424,3.1467103065653568
41425,0.8281952062978952
41426,0.9253655008031423
41427,2.538399255042126
41428,1.4110882383971592
41429,1.0008043671216207
41430,1.5341849391267353
41431,1.837374666529687
41432,2.2662649129519004
41433,1.5291372840112594
41434,3.887225614389738
41435,2.091927941156147
41436,1.0983049133147667
41437,0.6763166207970563
41438,2.692804577053554
41439,2.1604493916730156
41440,4.870007096736689
41441,2.3499430112981408
41442,3.4808244452981434
41443,1.4349438649561854
41444,1.226290220778683
41445,1.2185369202025278
41446,0.8068796709215214
41447,2.0599151404576936
41448,2.6928126451094023
41449,1.0718834162302393
41450,1.9962943499848258
41451,2.1528640667470462
41452,3.4756906402629433
41453,1.2669273839381994
41454,1.356737194629094
41455,3.2639935128985123
41456,2.446119454812763
41457,1.4546696555308678
41458,2.688801498183782
41459,1.1459700329887603
41460,2.2041197505501238
41461,1.5267155073486016
41462,1.9457549102841547
41463,1.7201641190347097
41464,1.5160015630421562
41465,2.4551640748848946
41466,2.730632907256709
41467,1.4103890508249926
41468,4.256713371118909
41469,1.2891323597297664
41470,1.0180710683942245
41471,0.7860129436589922
41472,1.7123198602279537
41473,0.7641832313449335
41474,0.5864758033621946
41475,3.261187815084927
41476,1.3440445545883541
41477,2.5236508819302834
41478,1.9770695208866904
41479,1.1529585118919705
41480,1.3228281864229565
41481,2.014227540522942
41482,1.6613278988820959
41483,1.7654759931581943
41484,1.1631448580722044
41485,4.224020265369095
41486,0.5617835330419929
41487,1.5086432826349814
41488,2.4712503998711988
41489,4.436296527530548
41490,2.6495428892196493
41491,4.034361325900765
41492,0.6224440343682751
41493,1.3791939507536348
41494,1.7730899670037594
41495,1.417846602510938
41496,0.5510262959309422
41497,0.45449179169233744
41498,1.0701729065484393
41499,1.1443253512903375
41500,1.7271747552485444
41501,2.4562456618712964
41502,1.9791740011349965
41503,1.3595452277789128
41504,0.6228480451690821
41505,0.8943878702991448
41506,2.0022850120341253
41507,1.191083777837779
41508,1.3348958860920312
41509,2.500791299314759
41510,1.3897686000520117
41511,2.5650376927999936
41512,0.600674298085071
41513,2.1536535801612366
41514,3.0778576333036405
41515,1.2644603932862175
41516,1.7838310858753665
41517,2.7814028826166783
41518,0.629449304514484
41519,1.979251881810601
41520,3.538169165645261
41521,1.9683682042149293
41522,1.566660214366781
41523,1.693496818321055
41524,2.723309175451025
41525,0.9355095340635309
41526,3.3531478897008675
41527,1.1895233213978749
41528,2.109192791171811
41529,2.1144112029601168
41530,2.1846692385672704
41531,1.658976594343958
41532,2.646392499934766
41533,1.8554218672078981
41534,2.356116055380827
41535,3.253534055050469
41536,3.5017827461150297
41537,2.780994045751786
41538,1.8938810373002504
41539,1.0519110838135397
41540,1.7775760923863153
41541,2.9965285022062496
41542,1.964155964300975
41543,1.8262945567404678
41544,3.2911090471442925
41545,3.5443884196066655
41546,1.2864019104851288
41547,1.718052945564498
41548,1.8355379271012602
41549,2.5196331391595415
41550,1.0374530608104955
41551,2.232568827729555
41552,0.6316320783423386
41553,3.0003424379827983
41554,2.399645925700586
41555,3.1837916094560264
41556,1.7905839884312549
41557,3.290110647083342
41558,1.2503576746902958
41559,1.9102810252417761
41560,2.018277910631955
41561,1.2460318114802114
41562,4.431172565356295
41563,2.0437964272136675
41564,2.7837095916372654
41565,2.032775101486383
41566,3.7482030584124324
41567,3.328274993739374
41568,1.3744387349198952
41569,1.3176659159619
41570,2.452277491776716
41571,1.6074296284880383
41572,1.137070741404731
41573,1.5614299822047464
41574,1.267078225427074
41575,2.012156726578244
41576,2.491697576119069
41577,1.860874915966722
41578,1.4405744264756812
41579,3.8002636494423747
41580,1.4499553117786697
41581,3.043439013857043
41582,2.026421342954908
41583,1.0276920927896676
41584,1.892690069973586
41585,2.621015069839448
41586,1.5515882127778617
41587,2.439566544211207
41588,0.7198540576903874
41589,1.5095189722909517
41590,2.0393191892253846
41591,0.8024050209917029
41592,2.7441478948138105
41593,2.0214608651685104
41594,3.384293701593325
41595,1.352316725702483
41596,2.036131235619454
41597,0.37203365900800023
41598,2.5166308202919403
41599,2.3486922434427164
41600,1.395437627210672
41601,0.29535856329764343
41602,2.009111089798015
41603,0.32581406395110335
41604,2.5620899012542715
41605,1.678879938657449
41606,1.5675549514631975
41607,2.0554858956105058
41608,1.6268913939612482
41609,2.7737042377939396
41610,2.7928208796450384
41611,0.8643372610323219
41612,2.3111587348417864
41613,3.5510402034083803
41614,1.0338083089721728
41615,1.974164074588547
41616,3.185474745200114
41617,4.638664359105409
41618,2.395524256418529
41619,2.0430767583391436
41620,4.095666674560366
41621,2.0325075886998754
41622,3.4249833937489633
41623,2.1953080372009914
41624,1.4010533879813671
41625,2.7099181806651167
41626,1.7953935294113172
41627,0.9383333183971878
41628,2.3919760328261397
41629,3.4145776138581176
41630,3.293736601761001
41631,1.1584347064488192
41632,2.167053181197108
41633,1.3989023614300642
41634,2.2303891595029803
41635,1.1174396813725913
41636,2.7467882621109574
41637,3.6113393428303517
41638,1.6171102318797388
41639,1.0078317142372306
41640,1.2710836528022789
41641,2.8659898556512395
41642,0.8981629591661751
41643,2.7073714449038313
41644,1.757567358660598
41645,2.830408238276963
41646,5.406871250504313
41647,0.9790857980355021
41648,1.2376995421462063
41649,2.865602802515358
41650,0.7812158445607942
41651,0.46958978989320954
41652,2.403650215472286
41653,2.294702154711363
41654,3.897307444520468
41655,1.4494807368559783
41656,2.691937366357397
41657,1.303124377442689
41658,1.9865452384013373
41659,1.3257813317834213
41660,3.7697857150157894
41661,2.197750014873865
41662,1.3465128654393972
41663,1.0750803501442228
41664,1.8889130320593814
41665,1.1850765058914625
41666,1.8904007515516845
41667,1.725518299542589
41668,5.0976480974212315
41669,2.227691798121416
41670,3.106967690285078
41671,1.002143487662213
41672,1.768823017443399
41673,3.022861287180522
41674,2.9103107939824646
41675,1.327714573533033
41676,1.8670856302124186
41677,2.4628742292994197
41678,2.1944785401038054
41679,3.2782881379724564
41680,1.2561652490404107
41681,4.304358773996999
41682,2.7333198634032705
41683,1.6953488564520889
41684,1.3177621338411178
41685,1.1942462295817258
41686,2.6700195909251114
41687,1.8231048554093583
41688,1.5633252579797592
41689,1.8471036560550296
41690,2.5089824441751922
41691,3.510552325011478
41692,0.16993406840007097
41693,1.4008513568398122
41694,2.861257705295177
41695,2.26083580827677
41696,2.0898654656177804
41697,0.9363314586462401
41698,1.4799012306050976
41699,1.8147950546744234
41700,2.9984268494084496
41701,2.6944974735831444
41702,0.86433904266244
41703,3.5272578460290482
41704,1.0533242867131811
41705,3.245490287618029
41706,1.964004720678762
41707,2.3601144408966697
41708,3.0979247842691144
41709,2.503078225714777
41710,2.813801786594329
41711,1.6478174993447432
41712,1.5080010288914742
41713,1.905663975403204
41714,2.1422518098718264
41715,1.8430522935869398
41716,1.4060809988739074
41717,2.67899492722211
41718,2.031707338715595
41719,1.6244187089634217
41720,1.1188511903559721
41721,1.3165107820530615
41722,0.9803347153609572
41723,2.5314692070724085
41724,0.8905832190345713
41725,2.3350664396886067
41726,1.5584978829615501
41727,2.2792423277384763
41728,0.9896780090116728
41729,5.540495372704417
41730,2.6659216746067536
41731,2.4808138645934754
41732,3.2432240462995914
41733,2.38515534174903
41734,2.8695578907550363
41735,1.9112873967032193
41736,1.0447866738479696
41737,1.7266174846662956
41738,1.282501846438013
41739,2.027666772743988
41740,2.5870791775228135
41741,0.734055295763941
41742,2.0787942452390418
41743,1.3796074323940424
41744,0.9425609193081392
41745,1.933831416791211
41746,2.8135336944563143
41747,2.3444921296799954
41748,1.8303892081476683
41749,1.757458233638662
41750,1.0277988000585232
41751,1.6673657686781702
41752,1.0644827747514434
41753,1.1503739848417958
41754,2.273595363767047
41755,0.7835098368067897
41756,2.1780754110771205
41757,1.9238687313659035
41758,5.565524688815064
41759,0.7114245517206292
41760,2.8708831367526138
41761,2.2120574825707457
41762,2.1038505053366556
41763,0.7894740325544696
41764,1.3764109517928667
41765,2.302548410616655
41766,2.89133649463
41767,3.457088568334772
41768,1.431529381611572
41769,1.9987222608290587
41770,2.6344262589598237
41771,3.066451401178174
41772,3.771086208486995
41773,0.9134329672336925
41774,2.7201833834211335
41775,4.731298941658171
41776,2.0740185947271677
41777,2.9029702667340906
41778,2.046859994639707
41779,3.8377085858193745
41780,0.9086974501506155
41781,0.5494090571062067
41782,3.8733563906444353
41783,1.6764177778673321
41784,1.8991010909564388
41785,1.962634488313089
41786,2.3120635925952264
41787,2.0030868174996534
41788,0.9404521944361228
41789,1.4767901201239262
41790,1.5495759603671253
41791,3.153289420151342
41792,1.750214985615603
41793,2.0940747744157626
41794,1.125114061795447
41795,1.3227029738656633
41796,2.540680269894782
41797,4.12822068045006
41798,2.097149326384514
41799,2.3208318226995495
41800,0.5560685270778016
41801,1.612862015284211
41802,1.6768241347960817
41803,1.0370192386132864
41804,3.233737603319586
41805,1.3006932704672955
41806,1.0378259385279343
41807,2.4015676515416864
41808,0.7163177380387431
41809,2.045270938427084
41810,0.29966857428201266
41811,1.8005571802032172
41812,2.9978981282390613
41813,0.9852942727296217
41814,2.447433048827495
41815,1.8624848275994488
41816,2.1061474919023944
41817,2.316776229544761
41818,1.79301087290742
41819,0.9660089829783693
41820,3.391365230630189
41821,2.661287550920523
41822,1.4352339516065946
41823,3.15018473690208
41824,0.7062894331821248
41825,3.8599749116668853
41826,1.0900671091724838
41827,1.3772309845779809
41828,0.8285406060691436
41829,0.8471496710318469
41830,2.454866324531995
41831,3.480986766988881
41832,1.9771001838614986
41833,1.126766022103741
41834,1.4871954918417352
41835,3.927737393569547
41836,0.7897795236794174
41837,1.498492164514321
41838,3.0291425355234516
41839,2.520605711938206
41840,2.9339636359068244
41841,1.575253390527454
41842,2.28822890492987
41843,2.13536493616488
41844,0.6362407984033531
41845,0.9959972009113223
41846,3.6363344198889855
41847,2.440573006046268
41848,0.8630874182833885
41849,2.6259883161585016
41850,3.20103999613929
41851,1.6070111811321262
41852,3.075489897969593
41853,2.8976147322281385
41854,2.649597647605564
41855,2.827462938765482
41856,2.760195751948377
41857,2.3771586967349982
41858,1.5551467810721569
41859,3.233776843182543
41860,2.0500707414458397
41861,1.1751317487108857
41862,1.5075234993844084
41863,1.6310890327122856
41864,0.9915931837695418
41865,1.015719796436489
41866,0.812272152661567
41867,3.7355057131733282
41868,1.7443437919179168
41869,3.6736191973510053
41870,2.392551202220151
41871,4.087737925330149
41872,5.317321954429193
41873,2.5262818153766524
41874,1.152870841183617
41875,4.169140819118329
41876,5.9798587165263974
41877,1.3380923472742587
41878,2.025744475439783
41879,1.6558727403477498
41880,1.8359233669891957
41881,2.366137223449247
41882,5.661477065776641
41883,1.9364155447591749
41884,2.2132082160074766
41885,0.4941061851744486
41886,1.408540262301475
41887,1.087373503594879
41888,3.3874717608532627
41889,0.7168750140702436
41890,2.6953472307551216
41891,1.8523751601463267
41892,2.832638865108411
41893,1.0187950705413193
41894,1.5385221750421785
41895,2.151999529051185
41896,1.429659143355284
41897,1.9287680358840795
41898,0.9343287374925389
41899,0.7060178343590771
41900,3.9397772859839257
41901,1.4329614051587818
41902,1.0861732783735683
41903,3.0304208826659114
41904,0.15661802881759357
41905,1.8577180968866038
41906,2.009815390146631
41907,1.1006720554951563
41908,1.4557975957727685
41909,2.9560440590273096
41910,1.2356159330678658
41911,1.1573834579450626
41912,0.7958738255531763
41913,3.172674558350625
41914,2.344178653875364
41915,1.1105596420519
41916,0.818487551904159
41917,2.3806913200582223
41918,2.678890283112654
41919,1.985890325150283
41920,1.0340776601569281
41921,3.4696872684449183
41922,2.1759251945805183
41923,2.4733330854184636
41924,3.4004015315936478
41925,2.9308218411724205
41926,3.858957198907863
41927,2.0382716788967947
41928,1.7172481823678432
41929,2.1460248191826317
41930,1.500914711041009
41931,1.5617408247694335
41932,1.6705664510866463
41933,1.4944164530460036
41934,1.9593709693002133
41935,0.6671420491278219
41936,1.165341043551681
41937,1.46922807814315
41938,1.6968762487371158
41939,2.0140934824185344
41940,2.074518696483043
41941,2.1611478816041405
41942,0.6350666763559083
41943,0.8971831122846119
41944,1.948191548019171
41945,1.779512029100264
41946,4.397130256118661
41947,0.6484456753613905
41948,3.1091813626136435
41949,0.5603264288815559
41950,2.4261510964641992
41951,2.0269327891267643
41952,2.7521292270510322
41953,2.6489351877678793
41954,1.061146376631175
41955,2.1117730543144297
41956,2.907111668254718
41957,2.407217709496795
41958,1.7925772557344466
41959,2.402499624911062
41960,2.2173243130500033
41961,2.575934678074166
41962,1.0614073524976995
41963,1.0349499959203605
41964,3.026537071576687
41965,3.6042918555232326
41966,1.9460245669274947
41967,3.104815592668306
41968,1.7208990129408654
41969,1.3316533153620504
41970,1.2179952951558768
41971,1.4648785203774572
41972,0.49678560523071624
41973,2.4262089273941605
41974,0.8411467614760291
41975,2.382459543015873
41976,2.010034879816832
41977,1.0195062936188641
41978,0.6614669601089282
41979,1.1076600262142655
41980,1.8592216516275393
41981,2.1622448541286907
41982,0.6820779530835672
41983,2.471194567586881
41984,1.0233226766908992
41985,0.9895742071697988
41986,1.54383816511697
41987,0.736187415979348
41988,0.46153868045354685
41989,2.1225163022114124
41990,2.5786909989546167
41991,2.2689676694456047
41992,1.30910625821301
41993,1.5663814366617466
41994,2.7311057475865006
41995,1.1362512136098566
41996,1.363813432294993
41997,4.3562248020541325
41998,2.5278084445712103
41999,1.9615706732709874
42000,2.190161917123337
42001,1.9687872511409559
42002,3.1777008290253583
42003,1.7916083015421158
42004,2.803828463950655
42005,2.794427446000757
42006,2.112522002034769
42007,5.026770408534279
42008,2.162075713896119
42009,2.4412395747006066
42010,0.8154681603060716
42011,1.6271307661438676
42012,2.286672271656844
42013,0.9004947943869048
42014,1.8733123764519384
42015,2.5452134512966076
42016,3.3895119777942035
42017,1.3894334675409148
42018,1.77247914634464
42019,0.8512415018183823
42020,0.9033991220665349
42021,2.090866516523082
42022,0.49379482397145935
42023,3.561157499272273
42024,2.192356709820391
42025,2.4759100117423465
42026,2.7495367158314856
42027,1.7203611551663904
42028,1.5019067327903919
42029,1.552411689628972
42030,1.8057136698458045
42031,1.555331763000769
42032,1.4131441994764238
42033,2.0085635857068986
42034,1.2764245313661071
42035,4.393130727449094
42036,2.784545868042219
42037,1.4218902593660268
42038,2.989873561637385
42039,2.603912645936166
42040,3.3608140986885964
42041,1.882333712894141
42042,2.336515040835966
42043,1.1522652038031573
42044,1.865233785956665
42045,2.3312114914687676
42046,1.7913188589757318
42047,4.038788852818076
42048,2.6569478105474253
42049,3.6647759282488472
42050,1.2967258551908039
42051,2.3602533727373363
42052,1.944474993995673
42053,3.261183780221419
42054,1.428305543045898
42055,2.394552390583815
42056,2.7541894478560813
42057,2.5239884839683704
42058,0.9669592158822162
42059,2.3492284100158294
42060,2.3845900040379924
42061,2.5192328674546367
42062,2.122478188668996
42063,2.3973229540688727
42064,1.5799506978053763
42065,3.29742879497201
42066,2.091889419941797
42067,3.0660752559615254
42068,1.2330888054187916
42069,0.556495731452916
42070,1.5259686734121978
42071,3.479226639981139
42072,3.0767906724733827
42073,0.6314289925594245
42074,2.7919669913341956
42075,1.8860438211862096
42076,3.571911064443558
42077,1.3526634448754216
42078,1.5555514629208496
42079,2.191935757018772
42080,1.9932228847569071
42081,0.8950355995847055
42082,2.1871284987225046
42083,0.91395345234017
42084,1.4539773815297146
42085,4.090705476004505
42086,1.520961995886811
42087,0.4044171167445576
42088,0.6671619404685636
42089,1.8218353769558497
42090,3.363624346033479
42091,3.299556968668046
42092,0.4839946099076009
42093,1.8873610074666125
42094,0.4227692987046261
42095,2.7981299623302256
42096,3.0194389331904326
42097,1.2845475249810399
42098,1.9230674553954294
42099,2.082067036122954
42100,2.540074779942419
42101,3.3473903181408424
42102,2.4365988357114396
42103,0.8049171303878531
42104,2.0925216321975206
42105,1.8635781142841132
42106,1.8507745010925625
42107,1.6209593465705758
42108,1.739668281705253
42109,1.7321794298066528
42110,1.304323034412736
42111,1.8603342020199172
42112,0.5528948141901857
42113,3.751561436822673
42114,2.485238456229613
42115,1.5304099730542795
42116,1.7376730951536707
42117,2.009939740979238
42118,2.633864466899528
42119,1.4145598983700332
42120,0.36426741799502693
42121,1.542773491936547
42122,2.6623924879560583
42123,0.7016070631093818
42124,2.553647343736035
42125,1.1375586800245152
42126,0.7583173588649608
42127,2.2240311679788114
42128,3.3035524484405734
42129,1.3840492134484954
42130,1.1463811912345285
42131,1.654733174762871
42132,4.514747251687826
42133,0.8683263565490371
42134,2.4765852838557443
42135,2.18547740594585
42136,3.2057211041596965
42137,1.809602635783893
42138,1.592899180739014
42139,1.3729892886566724
42140,1.0062383188842183
42141,2.216160966913879
42142,5.842787216141691
42143,3.14617967046485
42144,2.6953577778714113
42145,1.0268542332669064
42146,1.8528570376520612
42147,1.8353331749835355
42148,1.1358144995399222
42149,1.9831533052794192
42150,1.8995738754429716
42151,4.977547985115226
42152,0.8823144724887335
42153,1.9632839680201961
42154,0.593833022921789
42155,3.0319402791662107
42156,1.3368415844077255
42157,2.11931454384629
42158,0.9208199203528444
42159,1.5296071128781286
42160,2.0536684556647096
42161,1.3717770023462244
42162,1.3950149437351946
42163,0.7325769956610948
42164,2.5552448743263803
42165,1.4398897871052192
42166,5.171220730501208
42167,0.6670027766214481
42168,1.8456610517480705
42169,3.91333914191927
42170,0.8278313534001178
42171,1.2287895320760391
42172,1.4084183900689347
42173,1.7652119043255006
42174,1.5816179434109792
42175,2.984423688642014
42176,2.1963752705600292
42177,2.4100583654068863
42178,2.1774577623092206
42179,3.69533751861292
42180,3.2634851478713394
42181,1.5318017097540668
42182,1.1884468231095902
42183,1.1990027607951141
42184,1.9844488453477176
42185,1.951209964403919
42186,1.9868624363548157
42187,1.219704865561031
42188,2.238970962681922
42189,2.5966015100675044
42190,1.7300933728004146
42191,2.1859536522846987
42192,0.873631161259059
42193,2.592721006122847
42194,0.7192309099835406
42195,2.4652033607301043
42196,2.856675929046393
42197,2.1492735473301288
42198,1.8915326421940257
42199,2.2872050439985436
42200,2.3100661341120237
42201,2.520324454535203
42202,2.4413119476734586
42203,1.84487790006175
42204,1.6120031296533917
42205,2.912479302384984
42206,1.3746825614227056
42207,2.3687649068006102
42208,2.5198569927382586
42209,3.715866099168469
42210,2.0207085362356487
42211,0.890749418785223
42212,1.0177422037929524
42213,2.172432330355779
42214,2.820276683793683
42215,2.8409327549952117
42216,2.00532161362489
42217,2.1087895914203365
42218,2.3879716791582872
42219,2.3907909074735336
42220,2.166686750290527
42221,2.053029064326754
42222,2.3707503552487346
42223,2.5221563768593604
42224,2.789991418643641
42225,2.0048345370069036
42226,1.443988908254969
42227,1.9264142382834315
42228,0.6324524683968811
42229,2.6356129278708558
42230,1.7516277873631658
42231,2.847691181302597
42232,1.9045453569019095
42233,0.8042150770378989
42234,4.399735892344385
42235,1.8474474847237765
42236,2.324472712415517
42237,2.8167180057979557
42238,3.778547864847784
42239,2.7003916909602346
42240,0.914229638022082
42241,1.6624327892157034
42242,2.3948539817469374
42243,4.367514557729525
42244,2.549459252885587
42245,1.70418372344486
42246,2.4602411824009245
42247,3.1431911963190977
42248,1.873353719863733
42249,3.2844735656406137
42250,3.2410380709518485
42251,2.7672454624572005
42252,2.3717248080077873
42253,2.5004293128048154
42254,3.1530408357429316
42255,1.2370547816202055
42256,0.6350099720633331
42257,1.5784767280649739
42258,4.346225460964039
42259,1.3113177411921733
42260,2.0400473021732957
42261,2.349961113113981
42262,4.52719404614999
42263,2.235732061897412
42264,3.196649909746018
42265,1.9475051324015489
42266,3.3139325289139983
42267,2.6764808555849733
42268,0.9636755036502542
42269,2.1250813909394175
42270,1.8200987921350738
42271,1.0423483944556473
42272,2.600555751114914
42273,2.6647325073856827
42274,2.656717542843584
42275,0.47489125325256865
42276,2.6148202056925847
42277,4.607667632739638
42278,1.5023158604949494
42279,3.2542291479365737
42280,2.8333260457868654
42281,1.186582770135292
42282,2.0639911182989614
42283,2.886860505325334
42284,2.0515943890329176
42285,2.1763632772605526
42286,1.2387267431895488
42287,1.7567963414636587
42288,0.9863632032568042
42289,2.5598487822727556
42290,3.452421255966417
42291,2.832009763338622
42292,1.696652518762395
42293,1.638237868881479
42294,2.251977618581069
42295,1.5403723719121025
42296,0.37618432570466
42297,1.0489011911734032
42298,2.8209022241147785
42299,0.8733990708759656
42300,4.163277857099278
42301,1.7704571059363197
42302,2.7525746320878888
42303,1.9309217162555719
42304,2.0095328130556176
42305,3.7447125307867033
42306,1.3383156647452132
42307,1.285214890908268
42308,1.6848578596637402
42309,1.835571297778106
42310,2.1969200983932957
42311,0.9763655510907405
42312,2.5698970229388785
42313,2.810661428482039
42314,1.6875315337350578
42315,1.224190370762475
42316,2.538463199116368
42317,1.4926490630856684
42318,0.7001403306510419
42319,2.476289977909122
42320,1.1219961536698442
42321,1.8676287376296195
42322,1.900582668954602
42323,2.0772279537991984
42324,3.2030300150841846
42325,1.8904318330158993
42326,2.602917310782775
42327,1.871861780472532
42328,1.0083579654461552
42329,1.2148580461224903
42330,2.1506143745953388
42331,3.2233263159569425
42332,1.6763912936218652
42333,1.5007544488142663
42334,1.080118613563858
42335,1.169223422348896
42336,2.7082451196201056
42337,1.0452300910908185
42338,1.4354505474394763
42339,3.5831267176108135
42340,3.1004027832474073
42341,1.647908215842822
42342,1.3969978818632889
42343,2.3250353511763286
42344,1.8999062283300567
42345,2.113371991883586
42346,1.4719229389457418
42347,2.2096393713532656
42348,2.1659281737469236
42349,1.726122518009877
42350,0.7396164613655465
42351,1.7694643428899646
42352,1.8539002649429541
42353,3.106155794904115
42354,1.044661300723991
42355,3.3103718571681817
42356,1.1360604734759114
42357,0.7590170120071527
42358,1.2139690643085181
42359,3.2929505668628316
42360,4.795954264457979
42361,1.614981477114359
42362,1.1316488931060924
42363,2.3318687877091726
42364,3.3762179771684977
42365,1.6479654655047433
42366,1.1885185696866394
42367,1.5997536902654623
42368,1.9276191017642965
42369,0.6108035423199318
42370,1.2947017635577858
42371,2.370222407904439
42372,3.903922852444939
42373,1.6729080358786668
42374,1.2298662319399547
42375,1.4759594820556607
42376,2.4778055638424554
42377,2.618766454746609
42378,2.6364150399752795
42379,2.023999610569607
42380,1.850527367101396
42381,0.8744291994880804
42382,2.066488313429833
42383,0.22221409776718204
42384,1.9468742623040676
42385,2.039387351918183
42386,1.9903080934455382
42387,1.873631929185425
42388,1.08221157342388
42389,1.1104986178086484
42390,1.1222218016319268
42391,1.6630024812153898
42392,1.8324081506876304
42393,1.6737026847116887
42394,1.4570100506712755
42395,2.4881299918212854
42396,2.752055262490533
42397,1.5010635823424003
42398,1.99653879190166
42399,2.0750467862936013
42400,0.9461422357630092
42401,0.9790053900909506
42402,1.7351770456200803
42403,2.538765614418086
42404,2.532008320595285
42405,5.211101991273811
42406,2.1882460487032382
42407,4.209398416053663
42408,0.948393115074655
42409,2.989622696164421
42410,1.864134105839927
42411,1.5798489588437725
42412,1.430358401370146
42413,0.719360087267578
42414,1.5783798263119344
42415,1.0551824295587586
42416,2.9901938352275046
42417,1.2562902325768484
42418,2.7520226826166017
42419,2.208413575916726
42420,0.6536138992658245
42421,1.5727491296223128
42422,2.094673182549233
42423,1.116599385880921
42424,2.0221102773590367
42425,1.581870386521647
42426,1.8944981575986368
42427,2.1790198064634616
42428,3.017008746629788
42429,1.9877083313013806
42430,3.2557721502157655
42431,1.3348546016968932
42432,2.4919326675751314
42433,3.2416507031455843
42434,3.040135626655914
42435,1.1057111773700434
42436,1.0404395122133714
42437,2.0285139058201516
42438,1.2441050289825917
42439,1.5159517071279858
42440,1.901645073160953
42441,3.5480232419924427
42442,2.001780834890159
42443,2.2324251457619972
42444,3.0435316104105006
42445,1.8304543107231872
42446,1.3995843277831206
42447,2.3747814542062464
42448,3.480535118831174
42449,2.6025500697453516
42450,2.2119527568062303
42451,1.6533897301688434
42452,3.4749341193968384
42453,1.984131663863625
42454,2.5267143749299557
42455,2.493806122347113
42456,1.3259120955298194
42457,2.0261789389822162
42458,2.5888177062844058
42459,0.7718441066554966
42460,1.6316216474793386
42461,0.4949334380652495
42462,3.762406348122486
42463,2.0584702976271423
42464,2.512781960223979
42465,3.722886825651134
42466,1.6238850004320433
42467,2.451350335570485
42468,1.0623571916265497
42469,1.966466813394451
42470,2.729940032676101
42471,0.9235957541733235
42472,1.714439016220215
42473,2.575261972544613
42474,5.154975366341208
42475,2.5271889018036724
42476,3.353028916632244
42477,2.574136491329856
42478,2.291138654971949
42479,2.2272625909633668
42480,1.3779706662679736
42481,1.0160478829159594
42482,3.5478338528587905
42483,1.5169546136612873
42484,1.9025462074140513
42485,1.233638924642893
42486,1.201812246227977
42487,1.0961093294329807
42488,1.215810313773975
42489,0.8276331633461389
42490,2.2402533316660573
42491,1.015675388468626
42492,1.1700549410343832
42493,3.0004120567101076
42494,3.949199496264985
42495,1.4228107012081956
42496,4.372825555931829
42497,2.7062962088127485
42498,1.7202866387247333
42499,2.007526386409868
42500,3.4450879953803373
42501,2.735424711975586
42502,1.2784580149732427
42503,1.540819909834898
42504,2.717924254369681
42505,1.9052581212741053
42506,3.415182986970965
42507,2.5516326795711315
42508,1.027121118581622
42509,1.7525752104522248
42510,3.1807696852007474
42511,2.0424608193351936
42512,1.002417757101913
42513,2.5088501896262336
42514,2.3093665876123204
42515,1.6261681654224311
42516,1.753021383165592
42517,3.524095145725372
42518,3.411286873691669
42519,1.043428765094351
42520,1.885187507596786
42521,1.9245136855402656
42522,2.761123097401285
42523,4.873335273489776
42524,0.8209645070049909
42525,1.1657469631770176
42526,2.7037824430643163
42527,1.7275246711476235
42528,1.883278752930483
42529,2.1345401460847633
42530,3.253045509733486
42531,1.706389750805105
42532,1.994297770171162
42533,2.956667578498074
42534,3.595142827055387
42535,2.4684649475951552
42536,0.6854815455475922
42537,4.289295448376809
42538,2.1730103835545584
42539,2.314986615879949
42540,1.8647298639069199
42541,2.335287132793031
42542,2.704553935680739
42543,2.7363119464395176
42544,0.45144241159943377
42545,0.9675833735442332
42546,2.4685770118751584
42547,1.0553812215306984
42548,3.4828789409492096
42549,2.0736094074326026
42550,1.2122735522804682
42551,1.7267337844662656
42552,0.858852124955721
42553,1.7988367940072045
42554,4.366333187310008
42555,1.549656856036382
42556,1.9746744020303062
42557,1.3538078528986013
42558,1.4479493178259908
42559,3.5556969420152917
42560,0.9604268481913074
42561,1.3910742604200017
42562,1.084480331684123
42563,4.080433630609836
42564,2.7811337808943257
42565,2.8787794558536213
42566,0.8325823908652019
42567,2.25478164640079
42568,1.5276469764004936
42569,0.9875064292505478
42570,1.5743015124820978
42571,2.756733909314935
42572,1.7076450938019754
42573,0.9436142751626484
42574,1.803213352512362
42575,2.576974547419784
42576,0.43413334516188584
42577,3.0152619509889043
42578,2.045501093291083
42579,2.847344798842645
42580,1.7328613648281
42581,4.152357904910392
42582,3.4239124530333562
42583,2.0118206685122324
42584,1.0747992563066227
42585,1.0294764907223488
42586,2.0946478692373525
42587,0.7384928638534269
42588,1.1022258598081613
42589,1.815028810038033
42590,2.416672599308388
42591,2.3190980823011706
42592,2.63864627171478
42593,2.490925710307554
42594,0.9804777576255255
42595,1.5068322308674773
42596,1.3412857478578566
42597,1.030051856703185
42598,1.6051206530395952
42599,2.2721621895791806
42600,2.464074983446526
42601,2.6442755506433038
42602,1.0871479817805074
42603,0.8892870176881083
42604,0.6294106888468072
42605,1.6694748981847205
42606,1.3899385265752393
42607,1.2969240844154832
42608,2.4509609647217623
42609,4.313426340649702
42610,2.85049566570223
42611,0.40254827429629714
42612,1.820702818120683
42613,2.344194102903092
42614,1.9577086279663298
42615,1.938484109328929
42616,2.1048291082415354
42617,2.8349920959662747
42618,3.2376101336897456
42619,1.81133354903071
42620,0.6331483552869237
42621,0.8853990389367006
42622,2.1052680880789616
42623,2.4732232880702476
42624,5.427079840525895
42625,2.8888539241472735
42626,1.4287283132449353
42627,2.222177237490886
42628,1.8596326589991214
42629,2.721298935363709
42630,1.7975677805708052
42631,3.0567971332171773
42632,2.5328021301679975
42633,1.651404110902238
42634,5.069835856213789
42635,1.4439778337638565
42636,0.9277198970503697
42637,1.7519581070838832
42638,1.8644262992837106
42639,1.6294909150130117
42640,1.5470244911066153
42641,3.2161142537644345
42642,1.1215238548772142
42643,3.283394276526483
42644,1.462323574925481
42645,0.6182723215096111
42646,1.986634094635125
42647,2.7620101493483027
42648,4.85422855974679
42649,1.6272525420807007
42650,2.254357755597656
42651,1.390073072034685
42652,0.7101758832986071
42653,0.6756923065487577
42654,2.301164214604544
42655,0.9045314975769863
42656,3.2074139222818907
42657,2.3481930346158357
42658,1.894338987625293
42659,1.903209974590613
42660,2.2064468936991695
42661,1.8999830800056294
42662,2.7393806296846073
42663,1.1976742222354666
42664,3.151297123117022
42665,0.6621394545792647
42666,1.3986017965513078
42667,1.671175319064691
42668,2.1472238201647578
42669,1.2608412993238893
42670,0.9362762655667645
42671,0.7363976501368406
42672,2.7422094270848483
42673,2.5177266844456803
42674,1.2947805978813314
42675,2.1519710973152577
42676,1.1805654670346293
42677,2.2910161807711553
42678,1.3079301128001966
42679,2.6222202732025472
42680,2.168886419988187
42681,2.1821509308834415
42682,6.250968620824043
42683,0.5554420100203892
42684,0.7969551032281466
42685,1.6929327414554258
42686,0.6312069557799056
42687,1.5616012401288835
42688,0.9179394662177494
42689,0.6385051015674073
42690,1.0309438618157323
42691,0.7223509870382294
42692,3.0133252884572563
42693,1.0933051290533093
42694,1.3465729856759516
42695,1.4518625177927653
42696,0.8977599020583291
42697,0.47651666523794134
42698,1.7187614232466082
42699,0.8389775512939117
42700,2.1052739470110033
42701,1.1535141816571048
42702,1.49725680664503
42703,2.103590691350835
42704,2.7086309690198824
42705,1.659384184473769
42706,0.9676103935976563
42707,0.7028828347319269
42708,3.735686376669239
42709,2.937759778376236
42710,1.1528709707052123
42711,2.206746365817171
42712,4.015032402345529
42713,2.66465928458587
42714,1.8793895116030264
42715,2.2696947980023516
42716,1.4062332803889923
42717,1.8798416882175424
42718,3.4702899374974585
42719,2.2759214166406174
42720,1.717603054994843
42721,2.0231982598170397
42722,1.3945561280510823
42723,4.035038060732862
42724,3.2712529892496356
42725,1.4556299565231576
42726,0.9153930802209551
42727,3.566842004665009
42728,2.056260021718902
42729,1.9325484507036528
42730,0.8793192731549517
42731,3.2719561661489855
42732,1.2991576029117944
42733,2.405142452265043
42734,1.831950111220312
42735,0.45863543472671964
42736,0.8804529574950983
42737,2.3939678652321312
42738,2.675286138777839
42739,1.8047990892344536
42740,3.796480442658069
42741,2.737540844940188
42742,1.4000414543418636
42743,1.6776175232505786
42744,2.6895399843797385
42745,0.9991788332837395
42746,2.5698590526147633
42747,2.270902942097539
42748,2.8368268413696605
42749,0.5822741041039627
42750,0.8386933739735163
42751,2.2724294667094718
42752,0.8398485506120643
42753,1.9737370574521016
42754,2.0293654569202353
42755,2.271056256613466
42756,2.019299569689199
42757,2.678117142871603
42758,1.5592998695417215
42759,2.2951871305800218
42760,3.0589905286494776
42761,0.4597485576506166
42762,1.4091667022434855
42763,0.9913346504921812
42764,2.001295776018086
42765,2.7500520235410058
42766,2.0522895487266375
42767,1.3940218001979794
42768,1.2942459794379069
42769,1.6485203758605884
42770,3.2380318893621656
42771,1.8660695662754598
42772,2.4543336784651366
42773,0.9900322227875087
42774,2.2778254159739255
42775,2.7352702949709773
42776,1.127646322276778
42777,4.117417283091417
42778,2.2989285899969367
42779,1.9585914915283844
42780,1.1476878318329717
42781,2.389272314884497
42782,1.3477487561430088
42783,1.849961488022732
42784,2.802456673185251
42785,1.6809960625658995
42786,2.217151381946028
42787,1.9138702543367039
42788,1.450837726068844
42789,2.0165031969281735
42790,0.22335811780351733
42791,0.6380279750563638
42792,2.9900919995082837
42793,2.065232210499037
42794,2.0572622811964187
42795,2.0681162041495647
42796,3.5422747945464756
42797,2.2935427193254476
42798,1.7066224388182185
42799,2.4320149391226984
42800,2.518191256373232
42801,1.0439013533691117
42802,2.257655641668439
42803,1.7297782453258925
42804,0.8826150496069296
42805,1.7547188783168544
42806,1.3545504086554025
42807,2.2571158508595808
42808,1.6117385257749426
42809,3.2049281810182926
42810,1.6176975118213512
42811,3.4403913115611466
42812,2.067038827770663
42813,1.4299797830231888
42814,3.522820089264716
42815,1.4885680717041545
42816,3.1449515014504392
42817,2.8556685017889585
42818,2.279421436208626
42819,2.7506872478951756
42820,2.1417642567912516
42821,0.7424417249429816
42822,3.8987779466397434
42823,2.103544454462483
42824,2.134415344998761
42825,1.7496471429332452
42826,0.7037864985098032
42827,3.1928524970160517
42828,1.7479695695459476
42829,1.9573437741480895
42830,1.606336181207073
42831,3.3559575615254893
42832,1.6987166200854666
42833,1.5602214921762858
42834,0.9423759294048502
42835,1.0580395965436118
42836,1.0158775609520525
42837,0.9865072194130313
42838,1.6495482477244003
42839,2.74365566797265
42840,0.4104274956050382
42841,1.4802546322309276
42842,2.8139008854648786
42843,1.184530397819092
42844,2.198817726604407
42845,2.617700598638411
42846,1.4079246685854123
42847,2.3147985254342167
42848,1.1336315747599919
42849,3.049379812349205
42850,2.83826242352524
42851,3.2822145785443446
42852,3.126411409437541
42853,2.6707735280708
42854,3.8922475400707732
42855,1.5827203385042345
42856,3.0149063034867574
42857,-0.4255389360757782
42858,2.8024472755861076
42859,0.45343284884427604
42860,1.733511488988146
42861,2.137574040406097
42862,3.487345321091656
42863,1.8029878918225144
42864,2.308137551752825
42865,4.61663822751817
42866,1.8952207313824552
42867,1.9428617099320071
42868,1.8708360508316595
42869,0.7843915294902537
42870,2.129409768863244
42871,1.4988578228239824
42872,1.0552543545247666
42873,4.1336490155593175
42874,1.1208540740156003
42875,3.614030651886001
42876,3.702734016534354
42877,3.9453744887312645
42878,1.9479904721744141
42879,1.5714231262253726
42880,2.193624444274011
42881,2.556941511772269
42882,1.2336891103533993
42883,1.592129050904905
42884,2.3560495699526065
42885,2.1287806284888156
42886,0.5571842515896073
42887,1.8788796966262602
42888,0.754945887247974
42889,1.2432390204975299
42890,0.8909118936436791
42891,1.991800286238547
42892,2.1382141032786457
42893,2.729095501072184
42894,0.9893422940830341
42895,2.1311763314528243
42896,4.576994356226923
42897,1.8711168944550742
42898,1.7764531119549396
42899,2.1401686776723956
42900,3.095767591585517
42901,3.6069901740462775
42902,1.0588966086219962
42903,3.2765637531071015
42904,1.9078362885855462
42905,0.7438617329085027
42906,2.272040975393711
42907,2.2241449133941025
42908,1.2677021357444325
42909,2.1570373368629454
42910,2.4655670953337996
42911,3.1069370163036787
42912,1.3479271944918345
42913,2.52798690506447
42914,0.4409220697403704
42915,1.5728264119621862
42916,1.6125031761337034
42917,0.7463460752210587
42918,1.767054691520645
42919,3.4666386352601
42920,3.6927987433550733
42921,1.4504556432912104
42922,1.3342733286917259
42923,1.336272891418961
42924,2.633501542131686
42925,3.2984747123813385
42926,2.507260878962345
42927,2.777785107524526
42928,0.8258493321254754
42929,1.6682999962612293
42930,1.8746444706665422
42931,2.2419288192492424
42932,1.9175011547888552
42933,2.042465297092807
42934,3.6138372613962737
42935,3.1886740510852896
42936,1.6594107758447514
42937,4.015880347947192
42938,2.4521210239432527
42939,2.1000498136679404
42940,1.3045090032883628
42941,2.5850821716998134
42942,3.0617622260115276
42943,0.9934399255798532
42944,1.9395858538188726
42945,-0.24497079267815636
42946,2.2567537030568907
42947,1.5596551899993791
42948,2.10535516773135
42949,2.2585386251027195
42950,0.7881439101191781
42951,2.7829884541199625
42952,1.7003299057198866
42953,0.9687335466739775
42954,1.7591726412852928
42955,3.549548009860903
42956,2.1020363459722837
42957,1.0102489903017364
42958,1.5202916260785209
42959,1.2480483954662738
42960,2.173172368655859
42961,2.724829870252851
42962,1.820701676753604
42963,1.8711275927531155
42964,1.6944037523306896
42965,2.045959706249395
42966,1.384830643563081
42967,2.8504120824409576
42968,2.046212826108647
42969,1.373648826560217
42970,0.9697490126949369
42971,2.0663983077700188
42972,1.0796218733278273
42973,1.0433650917044623
42974,1.7627195891130647
42975,2.695379620642914
42976,2.3455753361932956
42977,1.7444140273915174
42978,1.5016371925475234
42979,1.8811886109397484
42980,3.0261337676875577
42981,1.1374889437958338
42982,3.843456085123112
42983,3.5351473753005145
42984,2.594041282583138
42985,0.9689621171176874
42986,1.3723239876054016
42987,1.2369410466045885
42988,1.3107388508260307
42989,3.101595292662072
42990,2.551243721129371
42991,0.79016788615073
42992,1.7235788256466584
42993,0.7180755951023663
42994,1.5254092196127864
42995,2.0589191105304714
42996,0.8405793759644702
42997,1.5529086645583483
42998,1.818447037247612
42999,2.050216283100415
43000,2.034808018847233
43001,1.4995059470212233
43002,0.6633445435785781
43003,2.2807501662401
43004,1.1643677648787936
43005,2.3861198138913586
43006,2.019846674733177
43007,1.9392166719628996
43008,1.3297909589641428
43009,3.2120509355799847
43010,1.2128534170939282
43011,2.143431221279119
43012,0.42822182126332464
43013,0.9320745628201657
43014,1.642429521849781
43015,2.521329895850986
43016,3.6877034748267796
43017,1.29130283612216
43018,0.6565640088060753
43019,1.5317373309964104
43020,2.124517412040692
43021,1.6133862626370536
43022,1.9764613910533377
43023,1.792996415284282
43024,2.405394226853023
43025,2.188023367565112
43026,2.8054350536869244
43027,1.9492839659733683
43028,3.223327964085687
43029,-0.6191752513999482
43030,2.0525643873446917
43031,2.1531167168753917
43032,3.740786388813749
43033,2.4240327708768667
43034,1.46710870040096
43035,1.553758828366231
43036,1.6910752614188063
43037,3.2326804841787897
43038,1.377047942701072
43039,1.5703043342028913
43040,0.914700005541139
43041,3.872858302551837
43042,1.8201068853285314
43043,1.8219986983534149
43044,2.908689844901861
43045,2.3918393050735496
43046,0.9099310235777729
43047,2.0123141243498743
43048,2.9621848362696745
43049,0.6550872686122808
43050,1.8792226962223175
43051,5.431491188439399
43052,1.2449451449329025
43053,2.4686078943351255
43054,3.2690880025443256
43055,2.4444677481800205
43056,1.9473670234268816
43057,1.4024847234469782
43058,3.459007506610707
43059,1.6175508226420767
43060,0.4546811730318332
43061,2.3635559126404964
43062,1.531397640402421
43063,2.429884061327531
43064,1.4009724753263733
43065,1.1211638513038942
43066,2.923779074523967
43067,3.0657862828124998
43068,1.9519033547817095
43069,1.3300214708040023
43070,2.330320485069482
43071,1.658728497814085
43072,1.2860712166097734
43073,3.0765355836913706
43074,0.3094945903968558
43075,1.1228145176473312
43076,1.168838781589674
43077,1.866377770821746
43078,1.8108434871426233
43079,3.083934303124696
43080,1.2995378237093895
43081,1.6161715627911555
43082,0.856571853848596
43083,3.4351176441832116
43084,1.2673196275053193
43085,2.429560698488391
43086,2.545198058692538
43087,1.7937547763010606
43088,0.9632500843904133
43089,1.4290003831110063
43090,1.705895563203402
43091,1.8094862351503913
43092,2.0998285530591296
43093,1.4661866878013008
43094,2.2117595798838785
43095,3.4428204323722618
43096,1.216462246842358
43097,2.780360696723111
43098,1.009905974407591
43099,1.4137451366403049
43100,2.325613965806415
43101,1.6332768123656827
43102,1.402145168305882
43103,3.2392553287267027
43104,1.7553832274086325
43105,2.628877234682026
43106,2.680891287147265
43107,1.192610313626293
43108,1.4513032366933238
43109,1.0405448969077362
43110,1.458337727067775
43111,2.048046815823458
43112,1.809975108294399
43113,2.348410679957315
43114,3.3544949855518134
43115,4.206400178323381
43116,0.2496352916705895
43117,1.8222463475488588
43118,2.0316459919696435
43119,1.379430624412496
43120,2.0127536008711253
43121,2.6595090042341702
43122,3.4660188305501016
43123,2.0842895623342237
43124,2.256032031885187
43125,0.8019757883630838
43126,1.4672380384222983
43127,3.3190707789897864
43128,3.1032620398979454
43129,1.690813908135457
43130,2.797540727423385
43131,1.9199389956003792
43132,2.328454305019765
43133,0.8649967760132746
43134,0.7949935720915029
43135,0.9725216745557397
43136,2.3447102379531124
43137,0.9038325245289833
43138,3.2450462578521275
43139,1.3705613150114893
43140,1.9588206516271818
43141,0.680564289342616
43142,1.4356788138132437
43143,1.4560714971675601
43144,1.6496516677655144
43145,1.5314048807727865
43146,1.5989074202439646
43147,1.7147825938937906
43148,3.1176788037672374
43149,2.04516337738983
43150,2.2033128860932187
43151,3.696553837971667
43152,1.5298623987518774
43153,3.3989301586064222
43154,1.9136829294635085
43155,1.3561480693844636
43156,1.8590360652208382
43157,1.9976927171165109
43158,0.9471556311793599
43159,0.7344121379161415
43160,0.629233745467392
43161,2.490533543863112
43162,3.0073073271183866
43163,0.914142507100653
43164,2.093430739368788
43165,0.8125507560928078
43166,2.9761130396713646
43167,3.634468044129452
43168,1.7402846612590714
43169,1.6529075701508056
43170,3.435562673786368
43171,1.3174157039510312
43172,3.068222838382699
43173,1.487342817657396
43174,1.7739175450524023
43175,1.0298455407328824
43176,3.2928920291564943
43177,0.7897733511960645
43178,1.9253417459278843
43179,2.6426739933910746
43180,1.4514732248804343
43181,1.4118129167800397
43182,2.072000174993466
43183,2.0477582258982387
43184,1.375957078898356
43185,3.1391824624381606
43186,2.8533762758270917
43187,1.7281643854336473
43188,2.8171281559736236
43189,2.0258776988002616
43190,1.1352786600054436
43191,2.2613086858679345
43192,2.242916523479554
43193,2.3340935708387214
43194,0.8255302340882658
43195,1.1167298025606875
43196,1.0494111519871332
43197,1.4197984848802072
43198,3.110096459222749
43199,1.839265668679932
43200,1.2644018144702933
43201,2.448577359839991
43202,1.180905714970553
43203,1.3775385199083736
43204,2.868385430201844
43205,1.6625497808044578
43206,1.5921948089961724
43207,2.062267172208724
43208,1.5863990257090315
43209,0.8117727063229871
43210,3.4828164880918884
43211,1.1807569823916744
43212,2.429092378853202
43213,1.395180405282506
43214,3.060077344136406
43215,1.0482287183430437
43216,2.347244097597983
43217,0.6619441312326195
43218,1.9501499422313806
43219,1.991466885503801
43220,0.5412291571950654
43221,0.8718910269010713
43222,1.4261200206866285
43223,2.4224491708627376
43224,1.8052866780716705
43225,0.663932137026368
43226,2.0113342104051846
43227,0.9715864978396986
43228,2.0841764409390215
43229,2.8055016353026225
43230,3.6114326386479867
43231,1.226592129752536
43232,7.66188426562616
43233,1.4009456836983425
43234,1.3949929648624142
43235,4.43588024774164
43236,2.5876765925937413
43237,2.189609473020173
43238,5.403793344240061
43239,1.1653575499186708
43240,2.118206659404766
43241,1.332392518881509
43242,2.4311319646148526
43243,1.9979181031895088
43244,2.1532271504140432
43245,1.8530467364610423
43246,0.8609116148337002
43247,3.15432343461271
43248,1.3176317631896417
43249,2.544444195267719
43250,0.6666817085711649
43251,3.2750400966206463
43252,3.2943857982789986
43253,3.1746606355651217
43254,2.5800160650462693
43255,2.7627656115571178
43256,1.4425919813450356
43257,1.896487565337285
43258,2.9978996788535746
43259,1.1144485231001262
43260,1.756802379254541
43261,2.038884002237527
43262,2.177512254341597
43263,1.589655107258043
43264,1.7683366057149534
43265,0.7190090613399924
43266,2.0363771052819324
43267,2.1917540259435135
43268,3.436999369484912
43269,1.4829771464908994
43270,1.144040826695207
43271,2.2885737230326733
43272,1.1884093010812116
43273,1.9465529356364222
43274,3.141452859107975
43275,1.5913370042726775
43276,1.7087568478326638
43277,5.1128815395430856
43278,1.0379369346837883
43279,2.100474675802875
43280,2.4073253847884395
43281,0.9273042519515151
43282,0.9019292476458425
43283,1.9232925070964235
43284,2.6279741108031693
43285,0.9221195333583445
43286,2.012908631540345
43287,2.8335368280562
43288,2.3542568895410376
43289,1.634328548035942
43290,2.3761608306750226
43291,3.209463063046943
43292,2.251257304366053
43293,1.454503936290397
43294,1.1226035384710578
43295,0.5832543701815247
43296,1.206170331702939
43297,2.5752037311693847
43298,2.5674575463138503
43299,1.4730693490748514
43300,1.1083444682016115
43301,1.032816503347025
43302,3.09725298991248
43303,1.6614227693586976
43304,0.5771925785721557
43305,2.5088449221540294
43306,2.604657089566391
43307,0.8466451597424829
43308,2.397106125947605
43309,1.0471877725577947
43310,3.6055706440507187
43311,2.2643672699966295
43312,1.6513147320766883
43313,2.3288189465677966
43314,5.246595345035704
43315,1.187926712244181
43316,2.257084845482982
43317,2.2878427170689726
43318,3.4537683117131373
43319,0.990004368168659
43320,0.9519171527608172
43321,1.6926887699255282
43322,2.044616122972858
43323,2.9454824757307314
43324,1.4108428825227897
43325,3.521391328572296
43326,4.234777391885704
43327,4.881692556967611
43328,1.773472249242193
43329,2.7564524251047864
43330,0.5576567831531953
43331,0.9973969559830813
43332,0.7580796865696335
43333,2.17479152895368
43334,2.296711937355841
43335,1.2522980475168062
43336,3.572940139618428
43337,1.4242617828992117
43338,1.250074276547256
43339,3.9009219444310226
43340,1.7748039550324144
43341,3.3826479015777444
43342,2.007029110772951
43343,2.4396018682838054
43344,1.4530231500094466
43345,0.45872547316281853
43346,2.9651166767357076
43347,0.806806624163702
43348,2.578678310297395
43349,2.046697821156048
43350,2.4666327968382156
43351,0.7487794994662273
43352,2.080861339200741
43353,1.500107940143426
43354,2.478364741049294
43355,0.9614916680425303
43356,2.903718954203132
43357,3.0671666692724706
43358,2.9255129612098507
43359,4.520874398763031
43360,1.809043964604374
43361,1.5972651723945184
43362,1.7063717132884797
43363,1.6735622448858898
43364,2.667248916000407
43365,2.0428145293304603
43366,2.8002741844004255
43367,1.233556085868063
43368,1.8672005539670273
43369,1.7456061255042847
43370,1.7407705417167598
43371,0.8416695999230548
43372,2.013873900377124
43373,2.0794600349973145
43374,0.9914473058484283
43375,2.8455024207237933
43376,3.5583217653203327
43377,0.8752909169618057
43378,2.624870655505706
43379,1.7633377149001923
43380,1.5170594975167866
43381,1.5327501633154874
43382,2.8831112160342265
43383,1.6400116672923026
43384,2.1767326051596037
43385,2.6336387827342698
43386,1.7834271391250276
43387,2.3351106202335394
43388,2.9150683384415608
43389,2.708506284614888
43390,2.260765051422087
43391,1.8949350728644028
43392,0.6636156218303633
43393,2.558839723029852
43394,2.888778980497907
43395,1.253911496856805
43396,4.658153223671011
43397,1.6536289420808465
43398,1.8255857705100063
43399,2.1558064796940393
43400,2.422510847154772
43401,3.8014714347130827
43402,1.576199146182521
43403,4.655772228901956
43404,3.101750683296249
43405,1.4183132461006558
43406,2.286101084818487
43407,1.3274046679038385
43408,2.821277070914565
43409,1.5350619240142898
43410,1.736985957365679
43411,1.7142252770530924
43412,2.721912189653981
43413,2.014100975747258
43414,1.3750124847232463
43415,2.2693498376782664
43416,3.3627760463200254
43417,1.9310182942748817
43418,2.2217240770945956
43419,1.452453297777712
43420,1.2840981533185563
43421,1.4091805842439307
43422,0.6615066697951626
43423,3.3982503077710113
43424,5.164294701567716
43425,0.8530526422358413
43426,1.3532703697859212
43427,2.368997034897692
43428,3.314437039632228
43429,1.2998400682487592
43430,1.7386993850097419
43431,0.9075321819421767
43432,1.1777693605434685
43433,3.1101714070521815
43434,1.8337937937928679
43435,1.7277306410539417
43436,2.4245916536984886
43437,1.5329963873488204
43438,1.6205477852057903
43439,2.0032085263908392
43440,2.9687259303744646
43441,2.915882994667246
43442,4.204854761580098
43443,0.6208240056463303
43444,1.6777714279199394
43445,4.789372393970101
43446,1.151632938634382
43447,0.5469868102878515
43448,1.7306239485005825
43449,2.6761747465622285
43450,1.1139475163054193
43451,1.4053402272941788
43452,3.1565628142221875
43453,1.8725794368929805
43454,1.696421654557728
43455,2.9101299604192867
43456,2.826803373273666
43457,1.7152902381423623
43458,2.5554738412608238
43459,3.612163338642805
43460,1.9537336923335467
43461,3.157725688545529
43462,1.467604552656642
43463,1.902760888549043
43464,2.193720659470248
43465,4.527311136220707
43466,3.083120736411704
43467,1.5223404025621825
43468,3.252764609460545
43469,1.1389602084084096
43470,0.9323843347989715
43471,0.7924453095689366
43472,2.757771193982993
43473,1.8187608301302625
43474,1.9786058707065912
43475,1.046514150914252
43476,0.878476975533065
43477,1.522615242408822
43478,1.4341203112649659
43479,1.600594064209421
43480,1.9211014604584342
43481,2.476096820361253
43482,1.7141461023821485
43483,2.1552949674731146
43484,1.5959233328480629
43485,2.6282023775955885
43486,3.197852906207263
43487,2.3521829448403686
43488,3.356671152874302
43489,1.2144170243693715
43490,2.7236600624050062
43491,1.9878698989413301
43492,0.8399378879735515
43493,1.7593696945573392
43494,1.5614710898515263
43495,3.0614856870247458
43496,2.3005012670894907
43497,2.8748880868177515
43498,2.4947652596474974
43499,3.532283372613424
43500,2.698269573066657
43501,1.038083005076377
43502,0.5607367812068169
43503,3.888148724210996
43504,0.40532104517416556
43505,3.349335602406601
43506,5.4183892679555505
43507,1.0770192195795723
43508,1.4733217019429254
43509,2.9446687131838054
43510,3.5473877852200566
43511,1.143703083699112
43512,3.8942305603926037
43513,2.793197908179966
43514,2.382378876564207
43515,2.257137833868544
43516,3.200087365118268
43517,1.6613283238628789
43518,2.213328964389209
43519,1.3247183376858835
43520,1.0152260671637556
43521,2.920692630581673
43522,1.419349840205431
43523,0.7269181437638714
43524,0.5304191353899945
43525,2.449541502092419
43526,2.286254220888143
43527,1.7241666369470217
43528,2.8809696436190997
43529,3.9696310083027164
43530,1.4986374277240522
43531,1.0773971149950832
43532,2.117562943311615
43533,2.1175145080287088
43534,1.498180725755649
43535,3.694638503543107
43536,1.8474362810058302
43537,1.2028036488920897
43538,1.8491076798572443
43539,2.112341500185668
43540,1.6266896593424498
43541,2.9200495718270396
43542,1.8758966642376471
43543,2.1656016124661654
43544,2.3786683499681693
43545,0.9387443345633564
43546,1.054044552066646
43547,1.7262426700247353
43548,1.8800166894856751
43549,4.844308204182145
43550,3.1511959532782647
43551,2.044608934158365
43552,1.2382763163863082
43553,1.7018488105140968
43554,4.921867474884213
43555,1.0457565554749557
43556,1.4669907237621977
43557,3.3733220385703966
43558,1.627595896505941
43559,1.287050680939391
43560,1.9588889607617013
43561,1.9786275006142695
43562,3.8771950036163823
43563,2.5862174604637325
43564,3.195220299370593
43565,2.2423396726973728
43566,2.085102619398416
43567,1.2945293686504762
43568,2.0783708305214965
43569,3.063907566429098
43570,2.159687469368297
43571,2.312988021086003
43572,6.406646617144194
43573,1.1656087614595982
43574,2.7694471814812154
43575,0.806934233138211
43576,1.7760284916009574
43577,0.7334366407443476
43578,1.437200364130252
43579,1.6414605408378726
43580,1.0332967119566696
43581,2.0561534550438445
43582,1.2308291387579153
43583,1.0990295815555022
43584,2.022375431273421
43585,2.33335418885574
43586,1.748719000566897
43587,1.826094247273634
43588,2.5112685116095896
43589,1.5469018421322325
43590,2.444239074371982
43591,3.094060087891794
43592,0.8023643496730735
43593,1.5346383394039016
43594,2.966611044248001
43595,3.329194780799302
43596,1.7826214164607883
43597,0.769238943035365
43598,2.626873198527367
43599,2.5702469194367303
43600,1.9623589280427076
43601,1.7856675820612544
43602,2.812548095870884
43603,1.7320289924742873
43604,1.2248111923292733
43605,2.2972111890927103
43606,1.1914947290304134
43607,1.2438481651256303
43608,2.182025214286515
43609,1.6014594938135964
43610,2.15678948036339
43611,2.248459190305571
43612,2.550759183225299
43613,2.566438949862974
43614,1.6170314192729371
43615,1.0204133431328195
43616,2.4095658666967985
43617,0.6640476483416116
43618,1.474380934397832
43619,2.9431503580989933
43620,2.1967852550783142
43621,1.4643290236236943
43622,1.1611210440526953
43623,2.541691033912972
43624,3.0685593675203258
43625,2.307148625677886
43626,1.5742044148298682
43627,3.204471856532397
43628,1.756654149413297
43629,2.382510027055819
43630,3.577590654543517
43631,1.5490226963734166
43632,1.0685096660547266
43633,0.8859245970404324
43634,0.815818983186066
43635,1.2895827243512805
43636,1.5266471802436037
43637,0.920274844409338
43638,4.105373734945832
43639,2.8518930472107833
43640,1.947908889972073
43641,1.2300123541271866
43642,2.5518424854817887
43643,0.6595985504777424
43644,2.442164446392784
43645,1.6594798811562192
43646,1.4704606449112738
43647,1.1230470174383278
43648,2.687804640726487
43649,2.248815688203596
43650,5.384842699512891
43651,2.169848717482214
43652,2.090499489054512
43653,1.2705539581731706
43654,4.085890613908251
43655,3.1176984236909995
43656,0.9317674613886346
43657,0.3690411575337329
43658,1.2949800663161888
43659,1.2815479029226573
43660,2.4783253846755464
43661,1.0569082847960978
43662,2.9937709594339914
43663,2.9004270408969752
43664,0.9202974873125846
43665,2.90338029426022
43666,3.36455296493995
43667,3.9674809820446377
43668,3.908909567342082
43669,2.2474806093786164
43670,2.69948609450822
43671,2.421126873488735
43672,2.7698755078394335
43673,1.9507530854670883
43674,0.8961904792609552
43675,1.3740781161338056
43676,2.4848607216741847
43677,1.9060339781495692
43678,2.069854930982732
43679,1.4269901842533308
43680,1.2774833864205029
43681,1.5266569065081264
43682,0.6836694178180416
43683,2.0267393777399185
43684,1.521386937965861
43685,2.1931299030805214
43686,2.314428462158677
43687,0.9849052958276481
43688,2.4521417486556096
43689,1.8170091401672899
43690,1.338557088735147
43691,0.40996044282539756
43692,1.2948905810897635
43693,1.270494727667856
43694,1.052570640375965
43695,2.346101319412387
43696,2.9674724486527317
43697,1.6252347984196298
43698,2.397526950487933
43699,2.103338855989623
43700,2.041641207342739
43701,2.0543986227844506
43702,1.367479672359341
43703,1.3103967437157884
43704,1.5866946065085905
43705,1.8531764933558499
43706,1.9721435920504042
43707,0.4186689094115117
43708,1.9427979039549577
43709,2.170426284192562
43710,2.4837208408920937
43711,4.599727253344387
43712,2.3693382614420706
43713,1.489201506243365
43714,4.057636286994271
43715,1.328704295981911
43716,1.2043812876731046
43717,0.9683984038401299
43718,4.044991461248689
43719,3.6853329510828168
43720,3.54451181960167
43721,3.7233097402753437
43722,1.477415209104354
43723,1.4649887682814473
43724,1.695293206303294
43725,1.4863463157615833
43726,2.232663961625267
43727,1.461436633258618
43728,2.7098748895558096
43729,2.4945499033457885
43730,1.4593483503657332
43731,2.398902667201387
43732,2.021755637202947
43733,3.0498001474657634
43734,1.0807145185932008
43735,1.9478158091804438
43736,4.441774331483661
43737,1.7246779465128306
43738,2.583146496328883
43739,1.5596587809304232
43740,1.6007002608213874
43741,1.5473597023166725
43742,3.3974779864590268
43743,2.9234432172728795
43744,2.301466945622881
43745,1.486388847859164
43746,3.0750525070946573
43747,2.9551086033781964
43748,1.351319848602973
43749,0.7943658827777291
43750,0.5029097497525221
43751,2.720763212538319
43752,2.0609887983146002
43753,2.119841226411612
43754,2.6615718528055687
43755,2.0925624221093564
43756,1.17019112016931
43757,1.6173491854509088
43758,2.897948147702241
43759,1.706878514373475
43760,2.722011892091391
43761,3.1523440370376967
43762,1.4403084421802
43763,2.243270378340913
43764,1.5109139753234366
43765,2.560988991764223
43766,2.329205297094493
43767,1.5992202779563378
43768,4.360856126412276
43769,1.2479479028362483
43770,1.3696424430734488
43771,0.6546792531185055
43772,2.0284281437465985
43773,0.7835191402505508
43774,2.1097095110398563
43775,0.9329258259373923
43776,1.1726035933960226
43777,1.7716802769343225
43778,2.89208905190333
43779,1.7257837531577458
43780,2.896410369150349
43781,2.975334826007927
43782,2.037991136313824
43783,1.1074765035571978
43784,1.687801287169382
43785,2.137985575095829
43786,2.0341640773701535
43787,2.140694494259126
43788,1.1087931024814885
43789,1.9807466577070763
43790,1.7617653026182474
43791,1.5938607624911505
43792,3.3168092164577025
43793,1.5580258651791645
43794,2.0863340777091857
43795,0.874719745437833
43796,3.69735973704255
43797,1.759707684570376
43798,1.5789765024100326
43799,2.6101656979855683
43800,2.377840896708566
43801,1.2446757609712087
43802,2.4410300978008515
43803,1.4767074289967788
43804,3.416768608078403
43805,2.606078975356244
43806,2.23011419334836
43807,1.0804070713524858
43808,1.086283518887175
43809,1.8244683224909615
43810,0.8340909088591566
43811,1.708050593112322
43812,1.1861042295628756
43813,1.808954020039156
43814,2.680310301418107
43815,2.04131702844575
43816,1.0143287030088324
43817,2.1406913385912425
43818,1.3742876615974957
43819,1.9740011164142182
43820,4.533521678509178
43821,3.697408861325247
43822,1.0442131504720216
43823,1.6303920746210885
43824,2.3123979998018207
43825,1.8005150509357328
43826,3.0035040229424688
43827,1.5898068707048232
43828,0.7340093850534437
43829,1.942929436409944
43830,0.3701153210110455
43831,2.0234597326494317
43832,2.158997195673127
43833,1.6513781731147823
43834,3.7661063241893693
43835,3.9226809908976783
43836,2.725222607783966
43837,2.3069452590860102
43838,2.3692257831840813
43839,2.0884748404504343
43840,1.9045827248062075
43841,2.7412342385143837
43842,0.9506018151485627
43843,0.748609215411026
43844,1.4856670975630415
43845,1.9521198362700467
43846,4.2483913739914705
43847,0.8466248069698601
43848,4.555115161935763
43849,1.4726984318072063
43850,2.0915671948364754
43851,3.6573409258033003
43852,0.9213969143762064
43853,3.122406356264154
43854,1.381796383811821
43855,0.7774566320657961
43856,2.2204252295244693
43857,2.3799071295541445
43858,2.516789200791326
43859,1.8189203472472322
43860,2.146032607339837
43861,1.6527286054318928
43862,1.4196194749944233
43863,1.659626121519839
43864,2.6305804879483254
43865,3.5897136580232463
43866,1.5240558724391953
43867,2.4891603770134942
43868,1.9573381966183696
43869,3.1384194776132723
43870,1.4109827979380078
43871,1.696550218261624
43872,3.1809206023018852
43873,1.5378835972983502
43874,2.1538831493734882
43875,2.3688965841405185
43876,3.5894511072941135
43877,4.104195224231493
43878,3.9994309238373695
43879,3.3189163856980635
43880,1.3959633006776677
43881,1.583565187690514
43882,1.9517293363037176
43883,2.8866186916128562
43884,2.500924687690091
43885,5.688968758465027
43886,1.8726658794173865
43887,0.48086505780395683
43888,1.1537436548655684
43889,2.08786353604248
43890,1.2113985009152408
43891,3.0350533483720348
43892,2.002635588532957
43893,1.7111709406484046
43894,1.952407128393478
43895,2.200402148889683
43896,3.0488733847457787
43897,1.0898872514314668
43898,2.8003530546980393
43899,2.768331767574498
43900,0.8858045289150915
43901,0.6984165293824027
43902,3.1830646499131525
43903,1.8231153570073708
43904,3.322975347656868
43905,2.5280064818285304
43906,1.3110788414837238
43907,2.074166099978388
43908,1.562125173703695
43909,1.5279290201014568
43910,0.9462342307472547
43911,2.5469030875098078
43912,1.8706405246816509
43913,2.695987814137542
43914,1.207239160530822
43915,1.9067862763755024
43916,2.2499958052894478
43917,1.3894801055151937
43918,0.49566980288648566
43919,1.1877710521889675
43920,2.138054938588116
43921,0.9146030516217003
43922,2.9107392283521882
43923,2.4233487508264524
43924,1.9826510844507972
43925,0.9103613679555771
43926,3.2330511950326617
43927,1.4173788678852794
43928,1.5308118144719494
43929,2.186530449722742
43930,2.0803785735029585
43931,1.7999623055389016
43932,1.601330871869525
43933,3.274449578569037
43934,2.0829933259480278
43935,3.0180886612607516
43936,3.4135863769877837
43937,1.136252929194459
43938,2.4723807525704196
43939,1.8946539140397398
43940,2.6669995975126746
43941,3.7785929666586675
43942,3.389611877026315
43943,1.9736116380345585
43944,1.8370912673138413
43945,2.5750510630034604
43946,2.1430060316770074
43947,2.329002615489518
43948,3.78484707709271
43949,2.0969556804636547
43950,1.2577951758116548
43951,1.474273956871361
43952,1.9066849813169746
43953,1.222309507605079
43954,1.9175379748901982
43955,2.1198336806450904
43956,1.96991053698601
43957,2.144411950514556
43958,1.240262200974687
43959,1.795366735427411
43960,2.484099776242264
43961,1.6760258989910461
43962,1.305062403655203
43963,0.7312997753602026
43964,1.6039878037846087
43965,1.6314726221488378
43966,2.712357027508393
43967,3.6770914032245265
43968,2.3687395055745846
43969,2.137860852712297
43970,1.616537899903765
43971,1.6087264699534423
43972,4.148156751210482
43973,1.283732211167436
43974,1.5654098066586393
43975,1.3931392231567692
43976,1.1297981343487074
43977,0.850402445761123
43978,2.068931128903362
43979,2.983545809636528
43980,1.058461252018109
43981,2.279707904355636
43982,1.0199813062387229
43983,2.5571737551960645
43984,1.7149900314144055
43985,1.512098501374684
43986,2.0567267649744316
43987,2.3098497120455797
43988,1.082287361529115
43989,2.2650044350891996
43990,1.0578730478197294
43991,1.9332883272742585
43992,1.5955825851199883
43993,1.837677429329208
43994,1.735688944560568
43995,1.206413905028601
43996,1.904094646635432
43997,2.7368090403117584
43998,1.7459474749383936
43999,1.4323955186912976
44000,0.8226259790116082
44001,3.6155852106009014
44002,3.154570916886488
44003,1.2984131562078893
44004,1.5573059715002024
44005,1.6590192694283168
44006,2.2744037543165554
44007,0.624069546388899
44008,2.547083470534435
44009,1.7395247680859747
44010,2.122711842130318
44011,2.508521270445815
44012,2.5028788981689196
44013,2.1420128966028393
44014,1.7322092642120346
44015,2.5024145721791378
44016,2.52041408701351
44017,1.3566831498266119
44018,1.5825112079762285
44019,2.6272029558489614
44020,2.4940550570233633
44021,1.8409739399401737
44022,0.9839580966792916
44023,2.44354244364715
44024,1.795672140108227
44025,2.099531564871743
44026,1.8849765874145454
44027,2.77281892083656
44028,1.4509990568782065
44029,1.356736422092542
44030,0.9622042590832827
44031,2.0419112268822666
44032,2.6811550299571003
44033,2.1262724652123417
44034,1.5620873473083101
44035,1.9438970648267322
44036,1.5470081242486948
44037,2.1006045199835093
44038,1.8480601989716412
44039,0.7210034175562647
44040,1.7357342905609734
44041,2.0053268039309593
44042,0.7967889082533794
44043,1.5877416900122547
44044,3.282188635444985
44045,2.2793403321497614
44046,2.0114882455915826
44047,2.754020312372578
44048,1.29419010801573
44049,3.1447719230227484
44050,1.7900493775111421
44051,0.8421241420697108
44052,2.8415649600697783
44053,2.592566900827226
44054,1.74681136046377
44055,4.4122298602744685
44056,0.8078277438291686
44057,2.356229125893524
44058,2.9539146601632673
44059,2.1718801932022167
44060,1.5824119321045806
44061,2.225154802512183
44062,1.9802077273104182
44063,1.907219810485632
44064,1.5390039343066384
44065,3.1750728758082154
44066,2.050457948359824
44067,3.701993975770794
44068,1.3225884121655476
44069,3.1073592496979963
44070,0.4145011700696024
44071,1.2749640475356934
44072,2.5813563994719324
44073,2.758020562721075
44074,2.8295076737228477
44075,1.7668799430791218
44076,2.8061925859352392
44077,1.7348879733671971
44078,4.207752592606884
44079,2.0306534626883526
44080,2.9034966296866322
44081,1.0174150474637464
44082,2.837320273384737
44083,2.364785550732311
44084,3.3556638134726633
44085,2.2028192727623583
44086,4.575166495813736
44087,0.8424616124723947
44088,2.417114120720786
44089,0.999074414820516
44090,1.4492257510720812
44091,1.3924752801820865
44092,1.311890117254709
44093,2.1469999600572898
44094,2.2896522487436393
44095,1.0704269970830218
44096,2.331795888181805
44097,1.3912215863356643
44098,2.003188541848292
44099,3.0487369926529233
44100,2.016373725236381
44101,1.803088048106904
44102,2.8604805134683353
44103,1.53242827478147
44104,2.289629581502428
44105,4.694471513482942
44106,2.3367115802810225
44107,4.953349252622392
44108,0.5132628714630734
44109,2.510880892130988
44110,3.3166310510738164
44111,2.1102870690300826
44112,1.8412065750159208
44113,3.6055369914017525
44114,2.5857607992788054
44115,1.116545718739875
44116,1.6365343553653169
44117,2.922515187883281
44118,2.269050419281829
44119,0.5278435518771154
44120,2.7410687033949195
44121,1.1611441808118208
44122,2.0589449252391923
44123,2.907912960002026
44124,3.0159191162796084
44125,0.8642434452011862
44126,2.332947789525779
44127,1.7885029053505868
44128,0.11681555927512832
44129,1.4348587414028522
44130,2.356665831897889
44131,2.059275647656623
44132,2.4670672724925886
44133,1.8458049196437436
44134,1.8660604764670587
44135,4.665499657487974
44136,4.050990511278858
44137,0.9038173031394514
44138,1.8724501879885942
44139,0.8563050381567372
44140,1.9767489403854235
44141,0.937694200525673
44142,2.4550314841851595
44143,1.3542906560297503
44144,1.7717558268320808
44145,1.533230416693872
44146,1.986744017532292
44147,1.3026949923300357
44148,1.998336652510293
44149,3.1076501823424714
44150,1.2711045409815007
44151,3.3607119957105205
44152,1.9710812773565785
44153,0.48293616677347373
44154,0.9886880463197834
44155,1.078381431173657
44156,1.8813139074243885
44157,2.2448900142142385
44158,1.1844953535743095
44159,1.7418300225817838
44160,2.588321670482177
44161,1.1509638914863167
44162,2.1614731672519305
44163,1.6589058713640021
44164,2.9818306774336953
44165,2.2112029151221897
44166,1.1003681878459908
44167,1.4108998267449842
44168,1.3830323927370252
44169,3.3511622449391645
44170,0.770992193398687
44171,1.540002821899865
44172,3.1519696961345325
44173,5.2447653833663175
44174,3.0821780245009087
44175,1.2000914586187186
44176,1.2389112015617094
44177,4.987102243706094
44178,1.6588112123781151
44179,0.6588164969467449
44180,1.919363987905033
44181,0.9821848822934136
44182,1.625534958457596
44183,2.5276885916921437
44184,1.7401897892012421
44185,3.9193311451978765
44186,2.6718979727857324
44187,0.4488770890864977
44188,1.4584076402897388
44189,2.5101632823626723
44190,0.9075703933864396
44191,0.9856933291333156
44192,1.8700174750653709
44193,1.1111326684584846
44194,3.0389504009726274
44195,2.1264930490799863
44196,3.142307829950429
44197,2.7521020655307247
44198,0.9209390193557034
44199,1.9322473994568305
44200,3.4536436425124215
44201,2.9146224408499712
44202,0.9120851632609153
44203,1.5032322469584223
44204,4.032352908203283
44205,2.782511490883909
44206,1.3794666318155215
44207,0.5203718259707877
44208,1.342763569224335
44209,2.6098241982978188
44210,1.3426760668199087
44211,0.7923178765679815
44212,1.6869293630885558
44213,0.9789426673575328
44214,0.7816814803263448
44215,1.1688658946585555
44216,1.8948098872851666
44217,4.73904108041285
44218,0.8906064066250714
44219,1.2761039165660613
44220,3.4988475205652243
44221,5.854957663610325
44222,0.7702032010911104
44223,1.332219452324555
44224,1.9425162739206634
44225,1.8621809497922222
44226,1.9564185316517673
44227,0.7879748153056063
44228,1.503345433899316
44229,1.3209926106448968
44230,2.4816479256055892
44231,1.4897286107809897
44232,2.4947373298939546
44233,1.9981311836104432
44234,1.287284566176087
44235,2.1365038969205195
44236,1.994707113091156
44237,3.070102156826639
44238,1.2340980764110192
44239,1.8096487541655826
44240,1.2369440951457626
44241,1.5640185236077606
44242,2.7468917431144497
44243,2.0904227100404604
44244,3.0285265697298804
44245,1.253090293009766
44246,1.9994901889546988
44247,3.7472656868700405
44248,0.878823576392822
44249,4.113245168505788
44250,2.7512118350899506
44251,0.7718245629382103
44252,2.397569930252761
44253,0.9437353859367796
44254,2.1771651868090807
44255,4.580581127792588
44256,2.4090612991645095
44257,0.80090955086715
44258,0.6282195499974428
44259,2.8380026470309794
44260,1.3834010188062997
44261,1.9816018451302035
44262,3.125410290321785
44263,2.470786755508332
44264,2.629537464615513
44265,1.5745973496926275
44266,1.1083719291334297
44267,1.4534830219031711
44268,0.904925325958633
44269,0.8149864216098059
44270,3.112673501414097
44271,1.8813923714662089
44272,2.2342354186893125
44273,1.3944149102871144
44274,2.2817295888451135
44275,1.5250909871915646
44276,2.4267392455078074
44277,1.4406862036273687
44278,1.7930918519232115
44279,1.245861109133788
44280,1.5704458286877845
44281,3.248589807127704
44282,1.7635183237494552
44283,2.453244302233376
44284,2.1380351555304635
44285,1.8342098290764888
44286,2.078367976166991
44287,1.0107448285101022
44288,3.1560542657187263
44289,1.3718591483912554
44290,4.2998639230614835
44291,6.08375042482999
44292,3.0478378346735475
44293,1.3744688578177637
44294,1.7962951752142864
44295,2.1358696110838373
44296,1.2632422745396106
44297,0.4122081358038123
44298,2.2113899620519852
44299,2.85262668239611
44300,1.4902309276180894
44301,1.7814186360857924
44302,1.627073601893617
44303,1.3990866696049444
44304,1.3686909244311813
44305,1.608334213018626
44306,1.8662774471309014
44307,0.9521222243933529
44308,2.524432382468749
44309,2.522193228758514
44310,1.2046751982146624
44311,3.437017339279979
44312,2.6366554736334002
44313,2.289442580101653
44314,2.1640636212253845
44315,1.7834480560202373
44316,3.346002418393258
44317,1.8986740404908495
44318,3.2293730198309767
44319,1.101208384327382
44320,3.7548998336002377
44321,1.5024665437314333
44322,1.9452402941599338
44323,2.0068000957755068
44324,3.214938206092885
44325,2.742741320926971
44326,1.7905416225362139
44327,1.358448344592066
44328,0.536586372973435
44329,0.7707551367541932
44330,1.743427971335226
44331,0.8177380583482865
44332,2.12087107454278
44333,2.2700218614635084
44334,1.6684835572108376
44335,1.1683867821620062
44336,4.7326093271023275
44337,1.6784653785697436
44338,1.9226499329158777
44339,1.464580853763298
44340,2.140467443642539
44341,2.0412907149468005
44342,0.7971439595510539
44343,1.3052591663187094
44344,1.507156119747723
44345,0.7078493127920531
44346,1.2837788336190137
44347,2.7121700228394765
44348,3.2779984264455813
44349,0.9335120110751554
44350,0.6881852655200227
44351,1.7468441438821323
44352,1.8398934196067707
44353,3.0978399526524107
44354,4.102888530461147
44355,3.827567382811541
44356,2.768651390854078
44357,3.385297730229073
44358,2.0267262062838576
44359,1.2374020536488253
44360,1.6750666156379772
44361,2.7957415871383127
44362,1.9563979736419732
44363,1.7848784064425338
44364,0.9757623861271192
44365,1.2141168640486377
44366,2.534849465795393
44367,2.9488695982519495
44368,0.39859078929265834
44369,1.0860756136336285
44370,2.527055942183271
44371,1.1881875976477012
44372,2.434396209009609
44373,2.3823194512371266
44374,1.9083703442990476
44375,2.173464287837934
44376,2.019801016150584
44377,2.3352836566196267
44378,2.656477390336054
44379,2.865359302281721
44380,1.3427237906975087
44381,2.524548872370932
44382,1.2502681719571207
44383,3.286331943874874
44384,2.7129829932971354
44385,2.9512922062735534
44386,1.7794540028852204
44387,0.7134228749901048
44388,2.452383680698521
44389,4.013854706572577
44390,3.2690004299013573
44391,1.7414870379145988
44392,1.750192115128801
44393,0.8350834008367265
44394,2.541535381714912
44395,0.9704711484198789
44396,3.877657693643247
44397,1.526690510020618
44398,1.087045994588923
44399,2.4154839026531683
44400,0.5873742433735636
44401,1.7855956151240129
44402,5.247205849363869
44403,1.7731522188510702
44404,1.104302457940495
44405,0.8690546710964817
44406,1.5129466531095694
44407,1.6206140825856643
44408,3.128650140520083
44409,3.490785217658388
44410,1.1739093843093293
44411,2.4260841026089146
44412,1.7358201575469572
44413,2.6054614619837686
44414,0.7258849918754642
44415,1.533035442019841
44416,3.813465548694783
44417,2.4395275065268756
44418,1.9975374294932102
44419,1.4584752036989563
44420,1.2513717216870397
44421,0.8905722041675439
44422,2.0691033405086365
44423,2.3678575864289577
44424,1.3567591548356184
44425,1.7883059188965298
44426,0.9694266629260291
44427,0.502528173539023
44428,4.495260851560378
44429,1.2425645065014272
44430,3.5379131977009344
44431,1.8985570238133995
44432,3.1260532138608177
44433,3.0083769916773555
44434,0.9617126423424658
44435,2.8026274851606026
44436,1.2304803279670047
44437,3.218952066724885
44438,2.6546832837760554
44439,1.7188460951862545
44440,3.175341144541452
44441,1.0764864915401269
44442,1.479020561880592
44443,1.7645577413567857
44444,3.576828917222688
44445,2.803468786559538
44446,3.0344816654677267
44447,1.5998175110547699
44448,2.2192530800075225
44449,2.180519948955382
44450,0.7545883957741104
44451,1.223191259260009
44452,1.766377591186032
44453,2.3495987336326785
44454,2.6259922519122405
44455,1.4703144279158984
44456,2.1802924432290958
44457,2.7465722327290827
44458,2.2634322498057635
44459,0.42430379484531855
44460,1.742106555184737
44461,2.525111789062951
44462,2.6596936174435974
44463,1.4807286935240747
44464,2.3019092140525323
44465,2.538868781875241
44466,0.9505851885417407
44467,2.205870269584782
44468,4.440508460087816
44469,0.4139545175418142
44470,1.5498163690834623
44471,2.374645255674185
44472,2.5539211629335377
44473,2.4328038600657784
44474,2.3077322882745968
44475,2.584131405963607
44476,2.0070817311956866
44477,1.1818970411486909
44478,2.295867457859348
44479,4.040312340276618
44480,0.6625249019738
44481,1.9923024389247281
44482,1.4099141528440988
44483,1.6525288035794894
44484,2.7240631255322434
44485,1.5239923307249548
44486,4.867142458566949
44487,3.098076692336864
44488,2.0300599675006232
44489,1.2622749888052205
44490,2.594007122876267
44491,3.028394069263559
44492,1.4348780596960644
44493,2.691670923286839
44494,0.5076014318423496
44495,1.3845904714850725
44496,1.9316913230810009
44497,3.2938133219534826
44498,2.0524957565006368
44499,1.9881206251880634
44500,2.4808958952776727
44501,2.073770566081553
44502,2.052828118719024
44503,3.493910237949141
44504,1.3361210828125287
44505,1.631351302683587
44506,2.2505247507166963
44507,0.4732431342795316
44508,1.053025833258122
44509,1.1492325665674663
44510,1.1246358150597793
44511,1.4549135013028298
44512,1.6098261856961962
44513,1.2640405889882835
44514,2.297292587664007
44515,2.514794508496383
44516,1.9008625823551633
44517,2.0625810385635397
44518,0.7938048691902715
44519,3.8229521995061795
44520,2.533826263850191
44521,1.218964691525688
44522,3.8594857340697537
44523,2.4405087892474207
44524,2.4140427219682614
44525,1.7588237098466983
44526,2.470860585996977
44527,1.0350977573142508
44528,4.352683087813208
44529,1.8802779637342475
44530,1.0874384183997599
44531,0.7786364551994929
44532,1.5880718537066265
44533,2.1589078188874886
44534,4.398575889060059
44535,1.5718656332149727
44536,2.2595453474639307
44537,2.61094244400633
44538,1.7865069075604119
44539,1.4699099650412428
44540,2.1945882126175924
44541,2.465011566790057
44542,0.7176890356151411
44543,1.4551153427839303
44544,1.7477846498873113
44545,1.3440736531783877
44546,2.391437678236091
44547,1.2739248711071447
44548,3.1124813769107824
44549,0.7253213613611571
44550,2.2629566465595055
44551,2.3252694587236
44552,1.5508287046442923
44553,3.9515473660159195
44554,3.97312461421922
44555,2.1790435929935406
44556,2.097178141264383
44557,4.38109383937385
44558,2.511687885193087
44559,1.884749810068488
44560,2.479331871214786
44561,3.0289436661450715
44562,1.4617774852459071
44563,2.3257783131050225
44564,2.628098766110984
44565,1.5674263769290384
44566,0.6320005204118679
44567,2.5998206180683248
44568,1.9987308366514362
44569,1.258033300788572
44570,5.074356701047012
44571,2.361595039209991
44572,1.3048554098321041
44573,1.7813788396629242
44574,2.5932547572931846
44575,2.3774925960239592
44576,1.5264683769649743
44577,2.0364328427156444
44578,1.92028460013805
44579,1.095020870421454
44580,2.7079691476146515
44581,0.6036561718637223
44582,1.4531986673386008
44583,1.628334210750726
44584,1.1248403978887644
44585,1.1362289920051047
44586,2.5617454931462227
44587,1.3134211557471396
44588,3.3438921085855817
44589,0.3791422246909839
44590,2.8704812050130535
44591,1.0417014688860924
44592,3.847687016984029
44593,2.256286377687193
44594,1.8346923738087675
44595,1.5551760419441258
44596,0.8574537637738082
44597,1.8669052529076033
44598,2.4129993166068893
44599,1.0875830672442284
44600,2.703122410886838
44601,2.7299581358655907
44602,2.402337701166008
44603,2.678415391633852
44604,1.538247202622447
44605,0.9559696677913827
44606,3.4248141759299564
44607,2.2200336201411837
44608,2.8748783159568383
44609,2.5641515476418455
44610,1.9427021317291384
44611,1.9862502139484413
44612,3.1661960609448023
44613,1.3951925049655394
44614,0.7693376136438737
44615,2.6556029346286074
44616,0.6694289261620021
44617,2.6605546510602416
44618,1.8975110631350596
44619,2.0387457187058153
44620,3.149516171587525
44621,2.6896665788632426
44622,1.9489759580316424
44623,2.1164992028091696
44624,2.467342648018846
44625,1.0793903265064593
44626,2.2562135362657934
44627,1.9742404219496485
44628,0.7972651698764857
44629,0.8858568953789963
44630,3.7449416661338866
44631,2.998599631730489
44632,1.796870095524131
44633,2.7358120086472333
44634,1.6496846299846233
44635,2.8296368698826804
44636,1.7836689309071723
44637,0.834035212337799
44638,1.5413742220970938
44639,0.6617739398330436
44640,2.265402514282446
44641,1.5353960487300107
44642,3.61320673125147
44643,2.3484560107609163
44644,2.4980659463195742
44645,1.6891327267713372
44646,1.6544606304627827
44647,2.266587933908742
44648,1.4652564471235259
44649,1.5849737859358335
44650,2.3965416620315843
44651,1.2239590644164515
44652,2.4255614970132946
44653,1.8318033348595613
44654,0.5604143119358334
44655,2.4363901962305796
44656,0.8186907574281186
44657,2.0467831886591377
44658,1.3573152093839873
44659,2.4568573332566963
44660,0.7561897934664508
44661,3.0601271038260087
44662,2.499250391941704
44663,0.585924344619432
44664,2.3423880034333457
44665,1.5589196686267748
44666,1.6517310030066632
44667,1.5668114528121215
44668,2.090660286446198
44669,1.1354043122929376
44670,1.1816491193742173
44671,1.3841421949297263
44672,3.2239244928187
44673,2.815151212406054
44674,3.8145793074159293
44675,1.771528907927408
44676,2.431650331380073
44677,0.7136996042381192
44678,1.9403592145360484
44679,0.7933841352695232
44680,2.3647834573922104
44681,0.812823358906062
44682,1.3659103037117042
44683,2.9372569653138534
44684,1.1156332752955826
44685,1.751380911528802
44686,0.7768969491228326
44687,1.41442516412258
44688,2.3726905398146165
44689,1.1912084961949212
44690,1.139488088855078
44691,2.691068005530415
44692,1.7351122590706076
44693,1.0485594611828368
44694,1.2296442613098755
44695,1.616027705073865
44696,0.8975286547772363
44697,3.0628082398667438
44698,2.7819008869815356
44699,1.6392497146326868
44700,1.0691460992209194
44701,2.418645427514722
44702,2.4999616732679364
44703,2.267160863250897
44704,1.9113156508275928
44705,1.5264463855283772
44706,2.5309682838478444
44707,2.230113866783146
44708,2.7880009332911335
44709,0.5097455745538788
44710,1.8566888726389301
44711,2.5558263739705502
44712,4.239282537280165
44713,2.596395260700124
44714,1.8886490609330941
44715,1.2312477763290737
44716,1.5955587995478062
44717,1.9114106335210899
44718,1.1775229183007276
44719,1.0425790150479237
44720,1.1934833335269026
44721,2.4957566427861515
44722,2.497719948642672
44723,3.3872914863201835
44724,3.476705867729411
44725,5.865169768939726
44726,1.1280218608613417
44727,0.984465456872389
44728,3.9043698032086844
44729,1.7271887197912754
44730,3.203098185655822
44731,3.749056951114145
44732,2.944923537481319
44733,1.4749663101098385
44734,1.915174604432341
44735,4.1897057583998425
44736,1.2766330644059884
44737,3.993096951428985
44738,1.2939423984943552
44739,1.4511053347592942
44740,0.781247534154037
44741,2.1268522168575466
44742,2.4590749069223286
44743,1.3876093758127617
44744,4.144436255070335
44745,0.9820835573602587
44746,0.7620325549194469
44747,2.68654507467733
44748,2.797862726434719
44749,3.1380127534460804
44750,4.8266329873594636
44751,1.0643846695601304
44752,1.3551696568071385
44753,1.4844218032780283
44754,1.5805046044950082
44755,0.7925117682313534
44756,1.9784675718689222
44757,3.385524575478261
44758,1.8303066504780396
44759,2.309125510421584
44760,1.920894369292828
44761,2.069419901880682
44762,2.115811874278055
44763,2.67722192407496
44764,1.7374974701161285
44765,1.9397703150113763
44766,0.4868937338039565
44767,0.5323969808118854
44768,1.375154766193024
44769,0.5402616004025198
44770,1.6848133151518603
44771,3.0012102179131865
44772,0.5744747286143514
44773,1.594013058886734
44774,2.672417511627831
44775,4.068156306902129
44776,2.171463469673828
44777,1.4950694844131682
44778,1.0669651729908516
44779,2.3542020652903126
44780,2.490877292792451
44781,1.755249942228037
44782,2.815436665086768
44783,2.060315552293563
44784,1.5836493308038975
44785,2.5220867440667725
44786,2.225786989975777
44787,2.3511994688227027
44788,1.134424259777294
44789,2.0113583193729347
44790,2.2886437683586713
44791,3.2594581101543305
44792,2.8882871921504467
44793,1.5717009648982732
44794,1.5884120475870454
44795,1.728379240109465
44796,1.1699507952231478
44797,2.8935067580930856
44798,4.163760997870785
44799,1.6058445112474864
44800,1.9461006710260058
44801,1.8508065343005775
44802,1.5988030807170936
44803,2.679389718648597
44804,1.9572076639949536
44805,1.4027074251676517
44806,2.5798302139624276
44807,1.2818349705142715
44808,1.1691567035481434
44809,3.0668113655467586
44810,1.242172883586651
44811,2.7916786554075124
44812,2.5404949345358467
44813,3.4166244648471924
44814,2.151662858302391
44815,2.862104775126742
44816,1.5724571576895734
44817,2.1904117273706767
44818,2.4056675034325714
44819,2.2789534727859895
44820,0.9972754314524117
44821,4.718734739229294
44822,0.49935714026725364
44823,0.9565164543596474
44824,3.7789728446113635
44825,1.7410521824315062
44826,1.9642493392736107
44827,1.3934787702798168
44828,1.1018059312848756
44829,1.5964586440731274
44830,0.6134454755994945
44831,3.3250417427848653
44832,2.096353520752732
44833,1.3630021867020083
44834,2.11483020720377
44835,1.0770957157734564
44836,2.592082394259908
44837,1.6163624835450925
44838,0.5005966778081508
44839,3.217274937845364
44840,1.5053769394866698
44841,2.2714042740265974
44842,0.8782110401958825
44843,2.3463261815530707
44844,0.8988334655706502
44845,1.935096177837952
44846,3.5093310938476954
44847,3.21153336552371
44848,3.4079239134644332
44849,5.188191605341277
44850,0.8937214356064977
44851,3.4431738851758418
44852,1.5047331273088709
44853,2.1681211934730733
44854,1.9644207408910042
44855,1.6256929706508494
44856,2.868964502956633
44857,1.217738982223839
44858,3.50401955863774
44859,4.389641902095722
44860,1.4753330132957139
44861,1.2236633320974057
44862,1.5728777788922947
44863,3.5783657675219196
44864,1.5210875854598704
44865,1.880541205051717
44866,1.628142789310349
44867,1.5197585827706952
44868,1.7529518988669999
44869,2.7025219994428973
44870,2.315345419529681
44871,4.5726497267673984
44872,2.544350687246183
44873,0.7493352358580729
44874,1.5292948287035735
44875,3.0745565649456275
44876,1.2392339711413776
44877,1.7150943933175036
44878,2.8285521992629334
44879,1.9736193386200718
44880,2.1590451485044504
44881,2.0544983742274248
44882,2.3428787185026785
44883,2.7561508207522856
44884,2.3427444285804633
44885,1.1969571525708922
44886,1.1849182949738868
44887,1.3942347452929518
44888,3.7537419102207856
44889,3.0505779861259477
44890,2.4091038973911942
44891,1.9368392367679412
44892,2.311802914198328
44893,1.3833422816280212
44894,2.25525397466507
44895,0.7795019677259383
44896,1.9358498516151919
44897,1.9597814673515792
44898,1.2112930387005072
44899,1.8606180449461398
44900,1.5226480256845925
44901,1.2661240598838823
44902,1.9410884073761174
44903,1.2802072887773797
44904,1.8742118405445503
44905,2.4659034534663
44906,3.0701604545831778
44907,0.9016490493079949
44908,0.6400239559691592
44909,1.882599148054286
44910,1.7975755063705527
44911,3.9166922049518043
44912,3.034317038990668
44913,2.0141436012095575
44914,1.4222231867477184
44915,1.155825368517501
44916,1.5436870536302116
44917,2.1069803250866563
44918,1.378454137126031
44919,2.920701545674408
44920,2.6083998762685248
44921,1.463141857577316
44922,2.2309776301978594
44923,2.583241430996285
44924,2.149921599395615
44925,2.6691811390394413
44926,1.9417482080756123
44927,3.145329918008205
44928,1.490897456707021
44929,11.028293021484618
44930,1.6961539506953933
44931,1.8593099249178273
44932,2.1897704730218983
44933,3.457798587418271
44934,1.7736176560622745
44935,1.8971014413283775
44936,1.2963558221734424
44937,1.2161806865723896
44938,1.9552096260122802
44939,2.7106438722105146
44940,1.0610137501728651
44941,4.437109008323038
44942,1.816319800358631
44943,3.0149780367968937
44944,0.6199725012617456
44945,3.056064449823541
44946,0.7720088477027538
44947,3.041655024493142
44948,1.5412764916084178
44949,1.888888907054966
44950,2.798518437445157
44951,1.0759381751259447
44952,1.2978057426348677
44953,2.9752576624125915
44954,2.251062531322848
44955,0.38215399308225884
44956,2.8025080882523277
44957,1.0827304396558795
44958,1.674482569764482
44959,2.541806512390483
44960,4.019515044397
44961,2.0642919700160043
44962,3.3138786165047556
44963,2.940966773907409
44964,1.1215744400666416
44965,1.5726494448955073
44966,1.5342479573681125
44967,3.660985055129803
44968,0.41607016142234343
44969,1.5213342374211756
44970,3.5131834349078908
44971,1.8013675813284102
44972,1.7501651818412292
44973,0.798538091079454
44974,1.679763326521769
44975,3.7257679467569496
44976,1.4156238885188124
44977,2.5428977427110375
44978,2.980978225390576
44979,1.202126988795758
44980,1.2211016215024735
44981,1.7995882632932911
44982,0.476840529479194
44983,2.2107032030601808
44984,3.63647190053533
44985,0.8319143271278939
44986,1.0650037607131857
44987,1.9165651234158965
44988,1.328545397220413
44989,3.488930500571403
44990,1.7924832708806413
44991,0.8094909729201198
44992,2.792060646481648
44993,2.4044100206971315
44994,3.6435521485945834
44995,1.6608489462617833
44996,2.368562277690419
44997,1.1897299981569098
44998,2.079619953730603
44999,0.9966538118578434
45000,2.090249798931925
45001,1.3995722987218961
45002,2.3197872218301008
45003,1.2173846555635386
45004,1.6772787553322424
45005,2.4281021581717006
45006,3.245764040060923
45007,1.662202574748651
45008,2.4968728575655383
45009,2.135256947169868
45010,3.9450865212051305
45011,1.682960411744208
45012,3.003143442775386
45013,0.8939974821595236
45014,1.907532058993585
45015,3.1273032477306266
45016,1.3113103920316327
45017,2.747729088746869
45018,3.1094808051823044
45019,0.8653176848583577
45020,1.5796651690017178
45021,2.3837245402174894
45022,5.382812105738086
45023,1.2471346764663487
45024,2.0537373629641174
45025,2.086508550277376
45026,1.0584937204107554
45027,2.9716136722810553
45028,2.641703592909156
45029,2.418722812152513
45030,0.6650556065655202
45031,1.998666463859454
45032,3.0515628549739837
45033,2.1768496075489203
45034,1.6550942238049835
45035,2.080221511485693
45036,0.6383014082900367
45037,3.163102709605429
45038,2.5411555739379175
45039,2.971628651147771
45040,1.3275633679728607
45041,0.8632995880427963
45042,2.4096082461209427
45043,2.4754749668471767
45044,0.5159813302524618
45045,1.5012225033298456
45046,2.0036054471058584
45047,2.6950978388837292
45048,4.291980964036387
45049,0.7370743742317565
45050,0.9333622338517706
45051,2.0267257513363326
45052,2.1786710994655643
45053,2.6368176553829734
45054,2.285269756973495
45055,3.0964116542672038
45056,2.759758346592836
45057,2.3053555113021993
45058,0.7929197548590743
45059,2.347017835071032
45060,2.2360499097212347
45061,2.870386044530594
45062,4.013269278637043
45063,2.4941078573245115
45064,3.006496058149711
45065,1.0743255668768406
45066,3.6799278674145377
45067,3.2349589701089805
45068,1.324649243793207
45069,2.369318321367704
45070,2.0293107052343125
45071,1.860033969798284
45072,2.5337317743367613
45073,1.7805837630183454
45074,1.2663565387893847
45075,1.1477456747542654
45076,0.962981220171887
45077,2.583304665948024
45078,2.482252292871326
45079,2.0463992822951447
45080,0.7792353917072639
45081,1.3419938261250657
45082,1.1355799471633965
45083,1.5282721502690642
45084,4.255497578223444
45085,2.0430372605347635
45086,1.0909149209308886
45087,2.952612618099014
45088,4.883875010955766
45089,3.216777199962795
45090,2.601537832073607
45091,1.173899913695724
45092,2.97440100179816
45093,1.694745366667238
45094,2.3115844003382087
45095,1.6439942829683822
45096,0.7075464617229876
45097,1.371194832062347
45098,1.9945436524743094
45099,1.5141842010876054
45100,2.198757471200569
45101,2.446624770703867
45102,2.389623701554914
45103,0.8510265212319759
45104,0.8065003307503709
45105,1.7244640042789605
45106,2.847585247148462
45107,0.755225559613482
45108,1.734275452825731
45109,0.6724532975007413
45110,2.9913055727761027
45111,1.9254601652046723
45112,3.562015079404606
45113,1.9897407324794507
45114,2.2918214743363627
45115,2.4341767436235138
45116,1.0739264835378357
45117,3.117553058120823
45118,2.2061819884160094
45119,2.0361717911582424
45120,1.7997638238658489
45121,3.2942410390634826
45122,2.03587703467554
45123,1.1381925120242649
45124,2.325761807735976
45125,2.288277626781994
45126,2.71795232897475
45127,2.74428128823536
45128,2.5371943527769396
45129,2.32467198015539
45130,3.349106135771084
45131,2.0750030640018373
45132,0.949252182021926
45133,0.49266318623998373
45134,2.203521534174431
45135,1.6891154674817734
45136,1.3600267558370867
45137,0.8697516843707724
45138,2.0674428614907505
45139,1.2679953904296362
45140,0.931465448646069
45141,3.9126847692126923
45142,1.0043206895222205
45143,2.1913413124657417
45144,1.88993822572343
45145,0.48618549931149246
45146,0.8425094304010692
45147,0.6287035898892022
45148,2.5503856036762507
45149,1.5182933181855311
45150,1.7321103333188184
45151,1.479285149439054
45152,2.3739426980135114
45153,0.31662714663463376
45154,1.9070050051457237
45155,1.8638366195715186
45156,1.9324714363115767
45157,2.166796405571379
45158,1.8515651444729748
45159,2.4602564969857816
45160,2.9665576024568487
45161,2.084528099020904
45162,2.6378997644756943
45163,3.1718834473456674
45164,1.0562058406227415
45165,1.8107081033321641
45166,1.026732607153182
45167,1.2148005651431255
45168,3.0956117100250005
45169,1.3713863187951496
45170,0.7460345972947984
45171,0.3696512357680213
45172,1.5487200428536632
45173,1.9135043590059162
45174,0.7223784031230345
45175,0.558953966396718
45176,1.3878731909408693
45177,0.5923746930475637
45178,3.105798220247525
45179,0.6988595455372639
45180,0.7498250452076043
45181,3.4082785601866625
45182,1.7653073929374195
45183,2.0710643904300845
45184,1.6939190808106481
45185,1.99541029700055
45186,1.2062145310575438
45187,2.3272657552491047
45188,1.380889591326909
45189,4.7023862468181825
45190,1.455180847743808
45191,2.586834743141143
45192,1.0397193434553493
45193,1.9143911953734438
45194,1.9702164132411077
45195,0.6892151514706519
45196,1.9300945600935826
45197,0.9465422007368467
45198,2.681886629285149
45199,5.1663477742114345
45200,2.5879745105907865
45201,1.4958337145947986
45202,1.9301320876262231
45203,0.8199814466888462
45204,0.7221200963487924
45205,2.257860845797783
45206,1.9244374931863923
45207,1.6104447893791622
45208,3.6263408247596125
45209,1.8112138052443676
45210,0.7805814454460354
45211,2.9340030318122423
45212,1.222806860405516
45213,2.925188369912494
45214,1.833323287643939
45215,2.82887115313196
45216,2.479313255319969
45217,2.764710153833594
45218,2.8322300155034306
45219,2.0936728759955123
45220,3.6001284669469307
45221,2.3513159178237437
45222,2.9100776601979454
45223,1.4979862260769075
45224,1.5689020299444145
45225,1.7983291339675738
45226,2.1006207744034135
45227,2.0315902272174107
45228,2.5337120638725175
45229,1.220383962946702
45230,1.642612805290586
45231,2.590472545461129
45232,2.938528659333773
45233,3.4715534588034735
45234,1.8395451578103525
45235,0.6182179368492235
45236,2.298433965703797
45237,2.940424766661412
45238,1.9600355082174623
45239,4.035766363231321
45240,2.0103911326843935
45241,0.962694071254564
45242,1.3369319970014182
45243,3.0163131826399514
45244,0.926017161520523
45245,1.1150479271363203
45246,2.9545086220144334
45247,2.851103627045976
45248,2.619715866074646
45249,1.0856462410453709
45250,1.5966432029727606
45251,3.158473559809469
45252,1.8456276629528965
45253,3.0154078923596366
45254,1.7918830719917231
45255,2.4167759902637194
45256,1.8234799373968293
45257,3.339923913062311
45258,0.1585559939147494
45259,1.622249518815753
45260,1.508424840663114
45261,2.0541896859482485
45262,1.6511536520511108
45263,1.6444470018894641
45264,0.751046303540452
45265,2.007145397243793
45266,1.8915185752696893
45267,2.197692662779364
45268,1.1180885308341466
45269,2.399770225083447
45270,2.5876331711493243
45271,4.283911901690775
45272,2.761169120511372
45273,1.6703981405417814
45274,1.6401325096026973
45275,2.681278330810702
45276,0.7986252220495125
45277,2.1632132793964196
45278,1.112458205130057
45279,3.0891500317933698
45280,1.555460566007131
45281,1.4021957890374814
45282,2.0790653943880706
45283,1.7366158254918425
45284,2.359981797731198
45285,1.7815677794658065
45286,2.5264518899966824
45287,3.676872135897842
45288,0.6348573359335923
45289,2.89793401560053
45290,2.933259003025828
45291,1.6111804996595858
45292,1.203391456889225
45293,0.7434531661648158
45294,2.980086713632492
45295,2.775456625096414
45296,2.9909838822315784
45297,4.13837304449493
45298,2.3871734116159082
45299,0.9747042696009238
45300,2.8480154217288067
45301,2.079731860922582
45302,1.2492866931162503
45303,1.8046189326036917
45304,0.9026985412001558
45305,1.4283951491074198
45306,1.695626457843023
45307,5.211869487075436
45308,1.1388972063971075
45309,2.6156833407279443
45310,2.2231606506859443
45311,1.5825853984141283
45312,3.2269401910231217
45313,1.8740264952682146
45314,3.4487135146457355
45315,1.4962308853446906
45316,0.6728976943657052
45317,1.5048275637594521
45318,1.7579361588148892
45319,0.8031144019125271
45320,2.81845558343662
45321,1.6571340267705104
45322,1.7149572092749885
45323,1.2771147476827345
45324,2.1928087527718283
45325,2.12035493735468
45326,1.7697722529011095
45327,1.0896115806752142
45328,1.4127062706374183
45329,2.6279236415603897
45330,0.7959971476942123
45331,0.4828247383181896
45332,1.87245044090864
45333,3.2057724352389734
45334,2.534468458252494
45335,0.9964539986319814
45336,1.811175721830356
45337,1.7139644698254166
45338,0.9129491171514452
45339,2.7789754368252524
45340,0.607205292154223
45341,2.3441849918277775
45342,0.3702570433351333
45343,2.1243653219389422
45344,2.6135354578910928
45345,3.60436297309494
45346,2.021141227397866
45347,1.8871213682475094
45348,2.7953212342401095
45349,1.401874098577256
45350,1.434022582170531
45351,2.1739671898482733
45352,3.518345021150825
45353,1.998018493231232
45354,1.0736257085607726
45355,3.668473607517061
45356,0.7422578527450447
45357,1.1991351238057497
45358,2.2427166292041854
45359,2.0379055602132645
45360,1.9142047899068508
45361,0.9772666940780859
45362,2.629649476268302
45363,2.772773173307005
45364,1.585968994783915
45365,1.823363878796588
45366,1.774012145131568
45367,2.2627320541330427
45368,0.7895977289172187
45369,2.401615316049405
45370,0.6122869636292059
45371,2.307125963602008
45372,0.4813690219809281
45373,0.7548526554349202
45374,0.86648041818518
45375,3.2387931622112127
45376,2.3301487520879824
45377,2.2140039615359832
45378,2.1402769320126858
45379,2.642942391325679
45380,1.388146376111795
45381,3.4884244679104235
45382,2.193195158751511
45383,1.2832626610281785
45384,2.4677160209351463
45385,2.0637279622067446
45386,1.703580990356219
45387,2.3143209347516382
45388,1.8669917512010308
45389,1.0555119795015493
45390,2.8270189600108075
45391,1.1578384236138426
45392,2.3039291255123864
45393,3.5196300627385178
45394,1.1690827733248206
45395,2.6428431138170687
45396,2.3876341948498556
45397,0.7899772702635381
45398,1.6406997544536956
45399,1.2651679472369075
45400,1.8368654370987123
45401,1.4606649274438475
45402,1.7928392576039052
45403,1.6306921223449287
45404,1.4750397388016303
45405,3.199656422114291
45406,1.287859886321403
45407,2.3064834528161136
45408,2.033829784484684
45409,1.0074673632332072
45410,1.6594948021799532
45411,2.42584885923711
45412,2.886480649919438
45413,1.0780525385139903
45414,1.0154227653079921
45415,1.939876508617889
45416,2.02080148666602
45417,1.4847459245738754
45418,3.4781470130769527
45419,3.0955384502169956
45420,1.854865219140951
45421,1.6937816198033637
45422,0.4876882206615285
45423,3.826666520372843
45424,1.7321540539719003
45425,1.6738768774767472
45426,3.622145526051984
45427,1.2588905601860496
45428,2.3471977553621493
45429,2.344314022672524
45430,2.390154531201947
45431,3.263496822041194
45432,2.2305293116439238
45433,1.0522571573862116
45434,1.928210404253722
45435,2.8415756503120555
45436,1.2666098702338537
45437,2.233249224827663
45438,2.415659635981715
45439,1.6380605154375907
45440,2.7108134638358514
45441,1.1435523394200438
45442,2.2200258331170097
45443,2.750110819545629
45444,4.83706233291986
45445,1.7050671744399928
45446,1.8198741360023156
45447,1.8015022551456674
45448,1.6340197327811588
45449,2.947641332024265
45450,3.0815360786390364
45451,2.1698820889933508
45452,1.5141812045144754
45453,0.4153924555256232
45454,0.5570863314297902
45455,0.9932455815702816
45456,5.0088972665687415
45457,1.6369861503543213
45458,3.8796121887347432
45459,1.1533769110693903
45460,2.5657647556512053
45461,3.453336363864995
45462,2.866812536861577
45463,2.806103140167128
45464,1.5442057088749586
45465,1.952959895226119
45466,2.9707314008342145
45467,2.3835388214650983
45468,1.9651209508677887
45469,1.7073277454429423
45470,2.42069152796282
45471,1.889459137582353
45472,2.6216868470351393
45473,1.7039984053931825
45474,2.110420021471729
45475,2.062520477429903
45476,2.0795729367088462
45477,2.248419885821196
45478,1.1006093266753716
45479,1.183100445127966
45480,2.284832894486275
45481,2.8484679333605563
45482,0.5637662164523967
45483,1.688884409785775
45484,2.768693324725067
45485,1.7654583239201749
45486,0.8064480198326898
45487,2.860976081883056
45488,3.4469125887345946
45489,3.4568275592707813
45490,1.7444977015443364
45491,1.6149558376671713
45492,3.346170588581405
45493,0.55979849477146
45494,1.8235728655205357
45495,2.1841005592968266
45496,1.7080416620571306
45497,0.8383525359997215
45498,0.6921350901088807
45499,1.013842593202245
45500,0.6397101451555649
45501,3.2007521339241727
45502,0.8916791328203182
45503,2.1626106676489236
45504,3.132891216557457
45505,1.5918148228175575
45506,2.1053628592885936
45507,2.3566716370562553
45508,1.8324053451653164
45509,2.7078385923119903
45510,0.8602472543228181
45511,1.3234284222392922
45512,2.5621665466259778
45513,2.3018235457661866
45514,2.8304043655580564
45515,1.5138800053837578
45516,2.074075622408035
45517,2.1725949509971976
45518,2.4783692490088107
45519,0.8411656747721032
45520,3.0161565698493327
45521,1.1161623820598585
45522,1.60341581951565
45523,1.8201976156283344
45524,2.092988415487927
45525,1.9548537490898958
45526,1.0632055632629296
45527,1.1754929880569343
45528,2.499009734304483
45529,2.161889242403479
45530,1.739123579777587
45531,2.3420168620353685
45532,1.9627815758850353
45533,0.8776174542908315
45534,2.2144889415847935
45535,1.0218960370047832
45536,0.5098515260067593
45537,1.8791187124163322
45538,2.9110028257934495
45539,2.5960239979830284
45540,1.9489752647379284
45541,1.6303058047201127
45542,1.565156364868276
45543,3.049126005468967
45544,1.6579511905387143
45545,2.03044660216759
45546,1.281482454013176
45547,2.6570352767950034
45548,3.602672154372332
45549,3.0166142722826272
45550,1.3586789463928177
45551,3.0491584482491056
45552,5.5910162236879195
45553,4.028989119026793
45554,2.5509132661635796
45555,1.758928179568418
45556,3.417931342221639
45557,1.371712908480962
45558,4.800077995694554
45559,3.0425224016754306
45560,3.99736241705239
45561,2.134181080785087
45562,1.7257325536179486
45563,1.4622391322857062
45564,2.376615541172587
45565,1.6970403374880654
45566,1.7626306471882494
45567,1.6578975485105367
45568,0.23772141797343593
45569,1.99202863962228
45570,4.1354152679628875
45571,2.1155064770755736
45572,3.2989096851404476
45573,0.8869738319369596
45574,3.004761018168754
45575,0.6862084487574442
45576,1.026253362595643
45577,1.7421950600435174
45578,3.5315703532395197
45579,1.874482754405168
45580,2.430024147192487
45581,2.066149428879445
45582,1.8057890312254337
45583,3.442773989693226
45584,4.4798064194473035
45585,1.1837757006410108
45586,1.0114290965631234
45587,1.1380842583681137
45588,2.055184658100675
45589,3.63161091110587
45590,1.776135014641941
45591,1.6806338491291264
45592,0.9611319712917386
45593,2.0378435914450144
45594,2.2032060526140675
45595,2.8914391370026102
45596,1.9198408586376878
45597,2.1932600262576365
45598,1.0467298920318946
45599,2.4707724404178784
45600,1.1666288252954509
45601,3.8564980700972207
45602,1.534605540583474
45603,2.996741945158025
45604,2.928387374651667
45605,1.976152761256575
45606,1.9727707935531704
45607,0.9158325568051886
45608,1.9454937279793434
45609,1.1537892862132573
45610,2.0598853992386843
45611,0.8617559184379537
45612,3.0713288088101116
45613,0.3817741908241068
45614,2.2582238766736005
45615,1.3092149639590396
45616,1.494684915978869
45617,2.1238762329044967
45618,2.298624015884375
45619,1.3914617247194805
45620,2.3708043257698854
45621,2.295821974857663
45622,2.4213219916170523
45623,1.1631529536916823
45624,2.2325287790123447
45625,1.6290898118652315
45626,5.116827947286826
45627,1.049663999964256
45628,1.6283416699420776
45629,1.70692536211428
45630,2.9314117831632736
45631,1.5201007795728891
45632,2.449622523743219
45633,2.6783138208130914
45634,2.5688750992891904
45635,2.5436895437160025
45636,3.7408811123989416
45637,0.9104441648908086
45638,1.4423190588913464
45639,3.743310102992016
45640,1.2610649641718261
45641,3.5437975679342664
45642,2.953206063925368
45643,4.146258238127107
45644,2.8287124303951465
45645,2.590955961413105
45646,2.1981209305400036
45647,1.1120861679518335
45648,2.7933319794288742
45649,0.8584091258398736
45650,3.12933849495548
45651,1.8241947058424621
45652,2.72510092287391
45653,2.4542269107496146
45654,2.597345595385921
45655,2.074011394153306
45656,1.4372326751791924
45657,2.4458523141068476
45658,1.1705184852405957
45659,1.8326666362357322
45660,3.757185654800427
45661,3.196369202862204
45662,2.021797019370357
45663,3.6068735489327572
45664,1.8712965012987617
45665,1.66938557469118
45666,2.116833660367778
45667,2.2492296436655614
45668,2.341554599296277
45669,1.604004010690165
45670,1.6873968915111028
45671,0.7218564634003464
45672,1.283026804048422
45673,1.542722985559326
45674,2.6403210693634414
45675,1.2315959347276682
45676,2.3709391976673295
45677,1.8840829154115148
45678,1.9183389604176035
45679,1.0873190228785496
45680,2.8274921693756063
45681,0.8905479182882097
45682,1.6843796461570584
45683,2.272407267623098
45684,1.241325365800268
45685,2.157838260845157
45686,3.2908959296809748
45687,1.538037791408616
45688,1.3007839581251837
45689,2.146239074326335
45690,1.1048002505740193
45691,3.142227179147458
45692,1.5781582847520532
45693,2.036140891965605
45694,2.061477235652635
45695,3.8400991427266185
45696,2.1028587726755497
45697,1.171485063896828
45698,0.9175119217164003
45699,0.9091866480982596
45700,1.505291434281336
45701,2.1224924363278923
45702,1.0808864610494773
45703,3.537961972682897
45704,2.340403456318999
45705,1.4052139054074395
45706,1.5993924250520628
45707,2.7773383068563398
45708,5.129541227028202
45709,0.9026074532526742
45710,1.9756340454326882
45711,1.3142988176016424
45712,1.2975365530601302
45713,3.6487516734762586
45714,1.2209426576656632
45715,0.9288659890779662
45716,2.173118597199167
45717,2.6465984209379805
45718,1.5357321538050464
45719,0.9514280473660826
45720,2.261814965549494
45721,1.2545709140708006
45722,1.5954216164022945
45723,1.6071441229389656
45724,2.0919678478920822
45725,2.499201326666057
45726,2.8742873904201396
45727,1.0280656220407174
45728,3.176330456779315
45729,2.787789970373442
45730,3.196991032385089
45731,0.37120925656215675
45732,0.9609967651258593
45733,2.691989726301575
45734,0.6075753684769758
45735,1.4104636695865373
45736,1.2099117052731039
45737,3.160380096752281
45738,1.0488070872414603
45739,1.2032841678006072
45740,1.4678001117326893
45741,1.8255209491053996
45742,1.4743867040219847
45743,2.1671853575062734
45744,2.9767834719907036
45745,2.325184777409138
45746,2.4852287287616868
45747,1.7949053774268613
45748,1.311085126788047
45749,2.739937496591839
45750,3.825919126107866
45751,3.4370904601636916
45752,3.430926083477093
45753,2.5756726503790084
45754,2.1163792162930726
45755,2.226540627733616
45756,0.9065088086937898
45757,0.794333212358854
45758,2.4903384969302103
45759,1.5718748702736072
45760,0.7041952622265377
45761,1.667907580944192
45762,3.9529475134716314
45763,1.5977519615720759
45764,1.3390697463234496
45765,2.408943587513253
45766,2.42903705606631
45767,0.4425182498570628
45768,2.057813431821362
45769,1.7824368644183757
45770,0.6767687530773152
45771,1.5505145277544905
45772,3.508894814626988
45773,1.6787697228521132
45774,2.7341481179159963
45775,2.512807041176135
45776,1.456346085328736
45777,4.366971430578079
45778,1.6809993345806653
45779,0.9580042092825103
45780,1.9445636595864393
45781,2.0612118120626555
45782,1.9263015794901186
45783,2.0235233115053184
45784,2.0985029001607565
45785,1.2674027523745544
45786,1.086983358862998
45787,1.894263212162432
45788,3.144512866058083
45789,0.5573765891504401
45790,2.0026463859069032
45791,1.586401303627273
45792,0.8689909204043751
45793,2.4721185276012
45794,1.2962022167326275
45795,1.7791635508976391
45796,1.01124929216326
45797,1.4506831795908433
45798,1.9711282933383991
45799,2.8796454704501038
45800,2.195307305235591
45801,1.0621091167955434
45802,2.251387265738149
45803,1.681730548741914
45804,1.925416308619706
45805,2.471558538848459
45806,1.698552679865461
45807,1.9553143458507556
45808,0.18928747935081347
45809,3.216180838352532
45810,2.9314804943446724
45811,1.1041424881623563
45812,1.1517334443505014
45813,1.412919205169647
45814,0.9562776736001162
45815,1.318174528251948
45816,4.752381182864102
45817,1.5013776992472323
45818,4.596095138231195
45819,3.8557902993511597
45820,1.827544661166261
45821,2.503018310923526
45822,1.485041203583112
45823,0.7988388998557561
45824,1.4551468240598844
45825,0.7141591930960693
45826,1.850436228478916
45827,0.9111946755374198
45828,1.7855137164661166
45829,0.01374497048343315
45830,1.1470467685477992
45831,2.1639855999897044
45832,1.553676799314534
45833,1.6094023755731008
45834,3.0021689356668197
45835,1.5858085087528515
45836,2.7762878654233454
45837,2.2946160882669098
45838,0.7343705723006089
45839,2.1492886657443684
45840,0.45922667121749683
45841,1.8091829238760546
45842,0.31586487193887436
45843,1.8083943013117256
45844,1.021943298553854
45845,1.117656222628714
45846,2.720529445223068
45847,1.870016298788304
45848,2.2115185517149634
45849,2.8788755311104843
45850,2.007007169149521
45851,2.6390568475949046
45852,3.860100810163548
45853,1.7502066505585994
45854,3.0032604174328448
45855,2.0308085134770444
45856,2.7088232344658287
45857,1.2447154605218067
45858,1.7327309864289795
45859,2.8019059744297614
45860,1.5932501971547062
45861,2.1023670037676006
45862,4.864276732997727
45863,2.96022929535582
45864,2.036349539064819
45865,1.3878667496905202
45866,1.2323199537222855
45867,2.6281430474655316
45868,0.576394562169785
45869,1.9128012655087652
45870,0.47840297587871206
45871,1.9166432711554116
45872,2.170723415471034
45873,3.7607445968239723
45874,1.4715543196664989
45875,2.8336338361413915
45876,2.3398466021934077
45877,0.6529517750883294
45878,1.1515616002328706
45879,1.1056799391226413
45880,2.597235825430861
45881,1.1808545588214123
45882,2.3161136864395253
45883,1.165068328389598
45884,3.0503339769635467
45885,2.291796373824358
45886,1.3075782155433764
45887,3.036759371610689
45888,3.3400533653858453
45889,0.49730011842587274
45890,5.491300415382231
45891,2.1052043422930105
45892,1.9347341672523193
45893,1.2730502217480115
45894,1.0570796345063265
45895,2.712322984208644
45896,0.9616398364668761
45897,1.705218164074072
45898,2.1728258835299847
45899,1.4324433144179558
45900,1.2173003092039814
45901,3.2962399706396504
45902,2.148742411046843
45903,2.804862671418963
45904,2.346778913977463
45905,1.8149293403616902
45906,2.0540594168952317
45907,0.5842659474351315
45908,1.507847616970654
45909,0.8452105731203154
45910,2.486460542515463
45911,1.7398916402285387
45912,1.0929038536236
45913,0.3820240297668285
45914,1.4375057848947144
45915,3.8722192415426697
45916,0.988582409895006
45917,0.81912363010807
45918,1.8061417535950888
45919,1.6925835749152505
45920,1.1496184496017499
45921,2.915377139697174
45922,1.5884713884947566
45923,2.6170826420239486
45924,1.4779806081770381
45925,1.6649983363525713
45926,1.4212490356554532
45927,1.5108642465032212
45928,1.6230002256615457
45929,2.4624459170967192
45930,1.6509327703167322
45931,1.8819938160301355
45932,1.7319713703580284
45933,1.2227404396096269
45934,3.2152208129567192
45935,2.877907688931405
45936,3.1891057957662987
45937,2.6769383572542473
45938,1.967882385914212
45939,1.0136868078741408
45940,1.4454832198831333
45941,2.194353439146429
45942,3.1281908318837033
45943,4.583489851966025
45944,1.5988507974290407
45945,1.9928094579466098
45946,2.0546869161510735
45947,2.106276350099197
45948,1.7371776855152952
45949,0.8568197232724835
45950,1.6905940053629855
45951,1.0528454207632514
45952,1.7990800602501373
45953,2.5427517058414857
45954,1.3750849859186225
45955,2.1498796420262387
45956,1.9112843377783157
45957,1.7016288699041446
45958,2.371906699299476
45959,3.6069194179740443
45960,1.9996543507882656
45961,2.9547618510998497
45962,0.8693487180827368
45963,3.636831387909016
45964,2.1066964707661135
45965,1.8846335632488866
45966,0.9825458958464175
45967,1.6959537927231771
45968,2.8411409622874864
45969,1.5665837589388936
45970,1.3011045770924206
45971,2.6436980734366706
45972,4.028865712170447
45973,1.4077958354746478
45974,1.5830549669132985
45975,1.7513099637191978
45976,3.1843788028525672
45977,1.7495900858973563
45978,0.626250993515928
45979,3.034774869753509
45980,1.4949920295282801
45981,1.4062986374819992
45982,2.002618145393388
45983,2.574575884869777
45984,2.105228176007248
45985,1.2444875099398054
45986,1.1086468553958504
45987,1.0681584431351645
45988,1.329570901097103
45989,1.8019875178161904
45990,3.2326123592527303
45991,1.2849695886642714
45992,2.062950291318689
45993,1.8796916879822199
45994,3.7451564859898134
45995,1.5887064156886659
45996,1.2159490227468872
45997,4.438634763574502
45998,0.8079530489444018
45999,2.1640051986200923
46000,1.5333687033422372
46001,1.8272407950439096
46002,1.3106015751208595
46003,3.2201723146933467
46004,1.136627612530848
46005,1.3505771412221215
46006,0.9712362224009077
46007,0.9640181421722538
46008,0.8011924669491783
46009,1.5831461950312509
46010,0.7076705681881954
46011,1.5401832345270385
46012,2.631649773676859
46013,1.8188625214729406
46014,1.134827012927932
46015,0.9083744072447395
46016,2.5343128835584743
46017,2.05962944545195
46018,2.8105649331419933
46019,0.9561158925381541
46020,2.5330009347391957
46021,2.8793272603448123
46022,0.7734933154493184
46023,1.102353689680374
46024,1.6165714289939395
46025,0.7888202407150011
46026,1.7457589241258553
46027,1.924431263347035
46028,1.873840524017627
46029,1.9890208359282475
46030,4.375487055362104
46031,2.1944751792955266
46032,0.7851854173310677
46033,2.6184687307841195
46034,1.8477407938119974
46035,2.191253167881573
46036,2.4929725679232355
46037,0.5142442570916366
46038,3.2659821674317335
46039,2.518557438462583
46040,2.248319107895842
46041,2.6697919790585765
46042,3.1675229688659705
46043,2.256506910753618
46044,4.349537482469717
46045,2.3418666023324626
46046,2.1844788983047216
46047,1.2647375091465314
46048,2.451824087328607
46049,0.7411358693026706
46050,1.6160200866258698
46051,1.841289864912003
46052,3.153004746841251
46053,1.7821726487138427
46054,2.1854189168381204
46055,2.2386636830737565
46056,1.4785917372006772
46057,3.446966526652549
46058,0.42560061162433627
46059,2.9500097545528696
46060,0.25158171751994374
46061,2.452905502762352
46062,2.2952471469018896
46063,2.701607852338075
46064,1.4737919639607249
46065,2.4935141264340395
46066,0.8694674628900749
46067,0.9521762042940942
46068,0.9194944737003858
46069,2.9439171779935442
46070,1.3854263241556204
46071,2.8370568914171805
46072,0.8934142691418323
46073,3.2609981240142396
46074,1.3046889146374703
46075,1.3245493553445762
46076,1.26863483858995
46077,4.831379474035604
46078,2.111490773845791
46079,2.8446793174393328
46080,1.7758736708011078
46081,0.9437483805904527
46082,1.261671496261048
46083,1.7935800824741968
46084,1.7824175785397394
46085,2.127116005136603
46086,1.5366953909675694
46087,1.8728166312645023
46088,5.1198023813592535
46089,1.7757397001611572
46090,3.7902470651239106
46091,2.005066767553675
46092,2.3494971645095895
46093,1.4487804922690835
46094,2.8001351659595493
46095,0.6484282652930382
46096,1.4470696439664046
46097,1.9118005741219157
46098,0.8573329694443181
46099,1.3998347032195149
46100,1.7749547977656768
46101,1.1726802035175616
46102,0.6903032499689381
46103,1.6463406473868822
46104,2.2055756067423467
46105,2.0747425360946217
46106,1.0261500761995457
46107,1.0494754780818347
46108,2.1462902383576115
46109,2.711578976399526
46110,3.3128855512075326
46111,0.4756754921014057
46112,2.278798369868273
46113,1.9755760408515677
46114,1.1760080117063616
46115,2.80657759605646
46116,5.229712351980883
46117,1.9799437268371811
46118,2.899501510618169
46119,2.321886740395403
46120,3.052797276134701
46121,1.9100437054503097
46122,1.3867058685425242
46123,1.3309284776014216
46124,0.485459306360827
46125,1.6962676809588153
46126,3.3017480260024605
46127,1.986707689847723
46128,1.2350620991714187
46129,4.066773639817033
46130,2.4777994772943295
46131,2.803343093238741
46132,1.4054087175363215
46133,2.680010791611412
46134,4.1871807516568005
46135,1.2540034027731544
46136,3.499634667595277
46137,2.618661669089793
46138,1.6986763237264633
46139,1.5142200792029747
46140,1.3438884316925943
46141,2.507796284506103
46142,1.4240116484507759
46143,1.7742584447128458
46144,1.4859319769235562
46145,2.0084046536393636
46146,0.7774737308357409
46147,2.3083925300895523
46148,2.441040073477044
46149,2.9196061911860376
46150,2.783714277259552
46151,1.5943875386123558
46152,3.0200458299871435
46153,2.610981258763079
46154,2.19436402934409
46155,1.460927302042851
46156,2.3123544624238015
46157,0.4970014872920139
46158,0.5411358249154468
46159,1.5459624773817815
46160,3.621005175924953
46161,2.534342796818894
46162,2.303508063012149
46163,2.285028712502143
46164,2.022261423551914
46165,0.9934437761448045
46166,1.4000580858814864
46167,1.8592838321442038
46168,2.2734759506604156
46169,2.1134839281969313
46170,0.85024144496251
46171,2.263367549718769
46172,2.9948263125947996
46173,1.6083900136522438
46174,1.504246848130638
46175,1.947319569032036
46176,1.1595142139027281
46177,3.6493034719249557
46178,1.4347214911154857
46179,2.244774908586354
46180,3.1319876302617082
46181,1.786003929480902
46182,3.049601955932193
46183,2.8826524059515783
46184,2.8876023769577195
46185,1.6818114127237358
46186,2.5908230904830454
46187,2.3878750778671964
46188,1.6270319343752853
46189,0.5744244476118787
46190,1.5312647569960838
46191,2.6844814809649655
46192,1.9129674071498108
46193,2.4786646219507737
46194,1.8879990595160088
46195,3.063408428916464
46196,1.2723675655278477
46197,1.6088525421787985
46198,2.967838335875687
46199,2.533619777948818
46200,2.0823109106397943
46201,3.67786222888515
46202,2.595752978615341
46203,2.3668216424306685
46204,2.870480865052347
46205,2.3049337565848624
46206,2.215239463860602
46207,2.5759838014808487
46208,2.093180530279941
46209,1.2551527400264924
46210,1.494447233546115
46211,1.5900920411465087
46212,1.7171799351187396
46213,1.9401068504725494
46214,2.2671359927321966
46215,0.8878654805155612
46216,0.8898481008353976
46217,2.7141125934272203
46218,2.899295374986881
46219,1.2483632125964768
46220,2.715841805185196
46221,1.708101888130276
46222,1.8368529764805466
46223,1.090960253075341
46224,1.8654937027604923
46225,2.0401260071235505
46226,1.9055405380657113
46227,2.1860785788000534
46228,3.2854073761938345
46229,1.529069018049828
46230,4.12648431232623
46231,0.9455438469569835
46232,2.220812537623832
46233,0.7060435168830885
46234,1.208476790170554
46235,1.4138417549713473
46236,3.755676587045688
46237,2.5527372332140637
46238,2.048321433344203
46239,1.0890772211298874
46240,1.7175780767747462
46241,3.7804516174822744
46242,2.2960123897887605
46243,0.9752356057684928
46244,1.7229419030041448
46245,1.4445164526320617
46246,1.9164112837776806
46247,3.7550173543737095
46248,1.8307451095027467
46249,2.0933759347061063
46250,1.875005331030426
46251,3.06339768351609
46252,1.5941125450210087
46253,2.8033460784678574
46254,1.110427610057318
46255,3.4433467567730283
46256,3.0506237978359003
46257,1.704295553891317
46258,3.728677957155046
46259,1.383667410442687
46260,0.4834727011508484
46261,1.4909455708926238
46262,3.0590655848522808
46263,1.9789191906995462
46264,1.0976391869800217
46265,1.88143393546898
46266,2.3744788475215763
46267,2.035191827166475
46268,3.133874403594209
46269,0.868784123649224
46270,2.8245040875250744
46271,1.3593974043948869
46272,2.9576219659713026
46273,3.1712701356837876
46274,2.3872348016481943
46275,2.821004667067175
46276,3.8538605087398743
46277,2.032475022627384
46278,0.9683776097537908
46279,1.244668482023318
46280,3.01908694980958
46281,2.4842535111184283
46282,1.576643144005974
46283,1.7334319245954681
46284,2.0716193332084494
46285,1.9298761275671588
46286,2.0970731770182205
46287,2.226138346722852
46288,2.01145547400802
46289,1.4991993067004792
46290,1.7842318391293794
46291,1.8518782426958218
46292,1.436578648617175
46293,1.7220912878022467
46294,2.607703286137369
46295,0.8889452211641107
46296,1.8055373262947008
46297,2.432545250394245
46298,2.437442477101772
46299,2.557899294347326
46300,2.41960767350378
46301,2.770952481002613
46302,2.378643139228931
46303,2.30594678896367
46304,2.3047683781629225
46305,2.7465353092294187
46306,2.0198347895746203
46307,1.6492147686761633
46308,2.1174757688600927
46309,1.801520868298983
46310,1.7397016931603027
46311,2.404651021653681
46312,0.9560891314465074
46313,1.12936708207042
46314,2.9412432118156495
46315,2.783390545672834
46316,3.0194241816527985
46317,2.9842229161463685
46318,2.501926382223818
46319,0.6241118208578236
46320,1.286240831917386
46321,0.4961143357748803
46322,2.3563483493926505
46323,2.7701479791949772
46324,0.5169122070785797
46325,2.1954345404049924
46326,0.8967765729019881
46327,2.5351940830897526
46328,1.6417342599858422
46329,3.7370883437816396
46330,0.6688895767031546
46331,3.625368497672529
46332,1.8958162589071073
46333,3.9695319752036404
46334,2.6756360580512855
46335,1.6812500503609478
46336,4.6689867625365515
46337,4.544523648735979
46338,2.459838065239129
46339,3.6801285035093123
46340,1.3714227844908784
46341,2.6025933976879436
46342,1.5665566342660817
46343,4.1830390357505145
46344,2.6772507008730635
46345,4.193010856945936
46346,1.0392031000399733
46347,1.0624774307839324
46348,1.4995967701586643
46349,1.8031781120668349
46350,1.6237216170411308
46351,2.1844204392729445
46352,1.7106275340848676
46353,1.8499099021854057
46354,1.2639391599562124
46355,1.452805196262151
46356,0.9817337785692395
46357,2.8928014045743033
46358,2.105175810148811
46359,1.1333010203314338
46360,0.7848211035765225
46361,2.336784655017798
46362,1.442297630832119
46363,2.458267002057429
46364,3.1034701353241623
46365,0.8565202985488618
46366,1.1502443178338844
46367,0.5385227006239894
46368,3.614794873723472
46369,0.8938124184601897
46370,2.5341056866879264
46371,0.7260788606099062
46372,1.4863993814014442
46373,1.6607514979999145
46374,1.9950967137059514
46375,2.2477179271803642
46376,2.1391432387830243
46377,1.179050502297148
46378,2.5256240681865485
46379,2.2551588908352223
46380,1.2421295431773594
46381,3.2074693416878155
46382,3.6794965357759715
46383,2.6915952847109317
46384,1.2269148828837935
46385,3.1257520594821564
46386,1.2527120940464194
46387,1.0037505002492573
46388,0.8518131481839966
46389,0.48720729547759234
46390,2.4298362230011072
46391,3.8221103493602904
46392,1.7991778047005518
46393,2.2192079825786983
46394,2.884104261001287
46395,0.6355686850711244
46396,1.1530397722319528
46397,1.0958861331796506
46398,2.722115433620221
46399,1.047126398236717
46400,5.246536524801602
46401,2.0421015767362753
46402,1.7221781655998178
46403,1.0343366842439288
46404,1.4211979736577725
46405,3.148503180363125
46406,1.3145651900671318
46407,1.767206315144339
46408,2.428474436619471
46409,2.256036580559627
46410,1.410694780849699
46411,0.8617784390512249
46412,1.2387365190329866
46413,2.1921562993199792
46414,1.955953891256403
46415,0.6719762967800058
46416,3.1738015307461787
46417,2.134845318929653
46418,2.2287853518618057
46419,0.8934255312154882
46420,1.065137107166553
46421,1.2322962371056612
46422,3.4500573849172476
46423,2.3091201303186075
46424,2.113406130390164
46425,0.4913295519524077
46426,1.9978146109294137
46427,0.9454225203174396
46428,1.3573152768261458
46429,0.9701411042365216
46430,2.05004327217819
46431,2.8041387281912513
46432,3.4876022581613633
46433,2.1877585106500455
46434,3.2997787609598426
46435,2.787609074283612
46436,1.0318145281859508
46437,1.7191786899121873
46438,2.485369492663043
46439,1.7455854161305844
46440,3.0409271290117807
46441,2.968267950024231
46442,4.423365491610699
46443,4.263311219945425
46444,1.9270149196065667
46445,1.3392326075026126
46446,2.5920455928844355
46447,2.5406994526651694
46448,3.721855399408927
46449,2.864397719633846
46450,0.5398347149200653
46451,0.8098642269843346
46452,2.28206462561619
46453,1.8478578680366873
46454,0.7833204137174938
46455,0.8233255584427503
46456,0.7329553008812333
46457,2.026359058597297
46458,1.960789432404571
46459,1.44497648119847
46460,1.8792639924430183
46461,2.7860007901542794
46462,1.3433584558018943
46463,1.617412950109756
46464,2.34274300233054
46465,2.0321475847845285
46466,0.5446307632514653
46467,0.7183418045340808
46468,1.9896100782942376
46469,2.269222796744973
46470,0.9793310142186762
46471,1.2988194969959217
46472,0.6780498903621641
46473,4.138891019357889
46474,1.9196370097001
46475,1.1015498801433843
46476,1.643765660437257
46477,1.8399464889784305
46478,0.9925063883262375
46479,1.98342570332861
46480,2.5884441326709613
46481,3.586078097852525
46482,2.8564716677767343
46483,4.540361069534644
46484,2.256756915692055
46485,3.025034669437108
46486,2.4055069110340845
46487,1.8564901266808
46488,0.9286697410953941
46489,1.2215097971321036
46490,1.253564468770552
46491,1.8556866870907278
46492,3.0283202254696597
46493,1.750709652752267
46494,2.6811734973612467
46495,2.905141576369491
46496,1.4563482392536038
46497,0.9387944767496812
46498,3.0305334257919334
46499,1.6382392400814219
46500,4.145616133931558
46501,0.7795120174043042
46502,1.2901788871352018
46503,2.1630261355602194
46504,0.9171357475781328
46505,1.1165434818387077
46506,1.8193129858942463
46507,2.304014394536214
46508,0.38648814725326375
46509,1.1534195579760684
46510,1.304859247620275
46511,5.867181522079083
46512,1.7823084611698938
46513,1.760624256683034
46514,1.335478970922484
46515,1.5138233686204536
46516,2.413156231644198
46517,1.90203642635149
46518,1.9888873579615485
46519,2.838145366737198
46520,2.1110395247523037
46521,2.0983157721166528
46522,2.7684061733998284
46523,0.9231836398489044
46524,1.707052592300986
46525,2.2822298145599724
46526,2.2187297215060404
46527,3.491033993147486
46528,1.372375826361523
46529,1.1788541337217886
46530,0.8347927984139325
46531,2.8118128765803228
46532,1.8989786690588097
46533,3.8998402221859045
46534,2.8791043720877703
46535,5.255757936166535
46536,2.128471398574707
46537,1.0651466699338847
46538,2.1284171115547714
46539,2.8077396145498064
46540,1.9081899779693607
46541,2.0314037726694814
46542,2.433340393680144
46543,0.9095133231371655
46544,1.0661197901065442
46545,1.8211795354032496
46546,1.9789522897419296
46547,1.5808260275797217
46548,2.036725330347938
46549,2.2498554070386696
46550,1.1222309745939505
46551,2.5482038888207548
46552,2.6193765173627845
46553,2.158782577933014
46554,2.2114170225754073
46555,3.8835838915459284
46556,2.0167774301441206
46557,1.0864259869719923
46558,1.3528356146969465
46559,3.132865064306518
46560,1.8917954112282622
46561,0.7625778297835133
46562,0.8693755295851737
46563,0.7480389399123375
46564,1.9368994020783568
46565,1.3949612430857066
46566,5.528397687200144
46567,2.8051882271933017
46568,1.517284298954312
46569,0.5544686183670997
46570,1.2443229769283768
46571,1.789709080691214
46572,1.9217959743019755
46573,1.545189938095806
46574,2.7502556426083267
46575,2.616809037336285
46576,1.5657818359866305
46577,2.5139985702727223
46578,2.109729960459422
46579,1.615438839598827
46580,1.0197786427218638
46581,0.6820326875725904
46582,1.3127799629888877
46583,2.940760373577522
46584,2.0652720225165275
46585,1.3638964851059292
46586,2.6454124474220215
46587,1.1571248772024525
46588,1.6923797438679777
46589,2.7812785174263333
46590,0.8419500147597923
46591,1.003078517946964
46592,1.56180300701374
46593,2.658930131509525
46594,2.058134200913205
46595,2.4974080911044645
46596,1.7377567550623247
46597,0.5152042022601258
46598,0.8238072051028986
46599,1.3240585854305529
46600,1.1540412459835956
46601,1.9473443416266925
46602,0.9547877751398524
46603,0.9098020939970901
46604,3.6831380973040133
46605,2.6776461813339303
46606,0.8096472563661656
46607,1.6695935778647915
46608,1.5985631062174015
46609,1.5165057496567762
46610,0.7441010057791324
46611,2.2577423111054635
46612,2.5718717614242372
46613,1.8224724897672537
46614,1.5032605561100958
46615,2.555375436690756
46616,0.8716051529857545
46617,2.165938388598253
46618,1.1631324881684897
46619,1.437925146334809
46620,3.258655929640188
46621,0.6317196884314491
46622,1.213735632233952
46623,2.3672798601584795
46624,1.4614389542051534
46625,1.6379618126698894
46626,3.9816555906648183
46627,2.948798474417405
46628,1.2774666161980441
46629,2.5289751442099124
46630,3.074673891788283
46631,1.1773997842766484
46632,1.639616838541631
46633,3.083651058156537
46634,2.2780211865952573
46635,2.868359571201527
46636,2.805573547578181
46637,0.6678397975120482
46638,3.7748108810054113
46639,0.7267872114535159
46640,2.8849552117297073
46641,3.1638470371764846
46642,1.477495404261962
46643,2.0869339936070936
46644,0.6792975015765457
46645,1.4650808157168775
46646,1.1038214396931245
46647,2.404249155708829
46648,1.4210376368209587
46649,0.947711329973064
46650,1.7628347341056987
46651,1.4497005340915656
46652,1.0023062619697818
46653,0.7373996686532003
46654,0.9445803370897785
46655,0.5473680506032714
46656,3.536998763080451
46657,1.699930049505216
46658,2.989248472729887
46659,2.222038185695286
46660,3.5778046253394713
46661,3.578790231071199
46662,1.9024616630245
46663,1.8449411797400934
46664,1.0603632859829055
46665,1.9139000139077957
46666,2.9735964261745984
46667,3.0144520568055704
46668,0.30444496128908227
46669,2.8171555742730483
46670,3.914252494000582
46671,4.531458158026968
46672,1.2147424229014554
46673,1.5452286500447805
46674,3.2165837238078474
46675,1.5055605614006318
46676,6.355738507568791
46677,2.2893597681314937
46678,1.3716287502229854
46679,2.06444979199674
46680,1.2344296293628396
46681,0.95471592133811
46682,1.5230563869857896
46683,3.4017877972892485
46684,3.314469366740159
46685,1.5904189984839014
46686,2.496889689604277
46687,2.7937721628274836
46688,2.0904602011434044
46689,4.643644154320899
46690,3.6017076537741026
46691,3.05460902887501
46692,2.7602312370436586
46693,3.1229397171499933
46694,1.7229651263066934
46695,1.9240248773349755
46696,1.444602026242766
46697,1.3648116009350737
46698,2.768412059815379
46699,1.9223945938572378
46700,1.9830040035986976
46701,1.3297692358207236
46702,2.9637395321639737
46703,1.1550883055204544
46704,2.5353569787421897
46705,1.687095907363986
46706,0.8886255315952276
46707,2.974389795413831
46708,3.2058544921316674
46709,3.300383438442001
46710,1.6978989654183074
46711,2.1937808418282465
46712,1.9731350967766481
46713,1.6942534588587286
46714,3.5086991704583035
46715,2.860946033748551
46716,0.6603134906107222
46717,1.31898142421284
46718,5.1044486821875275
46719,2.0861916536364937
46720,1.7489238439235102
46721,2.016682792225655
46722,1.8824583391758303
46723,2.2760809759826124
46724,1.2357471301497647
46725,1.9696543097247208
46726,0.8619153783330127
46727,2.918131082601466
46728,2.4726975371502853
46729,1.6470173002677093
46730,2.9349610952322713
46731,1.9368285405577161
46732,3.7290112993229094
46733,0.8039459229433596
46734,1.2201759867768125
46735,1.6532197195441576
46736,1.9076574396038417
46737,5.906293583921357
46738,1.255070346777476
46739,2.471360211733842
46740,1.995927238532321
46741,1.445118856630959
46742,0.7179907090459245
46743,1.5929902532441282
46744,2.1398258773679437
46745,3.5792204948651296
46746,1.9646373539879427
46747,2.9030622751075192
46748,2.3590878469197527
46749,1.2229210566501116
46750,0.5322086388431337
46751,3.0746476860444467
46752,1.0581575401269596
46753,1.989756509327126
46754,2.015994275941754
46755,0.7635791305106387
46756,0.9380237661423827
46757,2.372300546068903
46758,1.3195861380897362
46759,2.6193113067206504
46760,2.447171712424936
46761,1.8479373103082288
46762,1.8582634340774895
46763,2.67521018283637
46764,1.2846690166201746
46765,0.7415073549401292
46766,4.920862401011252
46767,2.5221501554769397
46768,1.7299418409614056
46769,1.8852646249147575
46770,1.5496238416387236
46771,2.492079080243773
46772,2.8039848911826972
46773,3.390451272816822
46774,2.9467671089844636
46775,4.6521816543344165
46776,4.523847537777048
46777,0.6152350901883104
46778,2.3489850814755506
46779,5.135213180596711
46780,1.7194431881600316
46781,1.0385500504698975
46782,1.624867824471611
46783,1.062609797963919
46784,1.9298507926852189
46785,1.508845678299597
46786,2.108480596361037
46787,5.764819087998607
46788,1.552119237329638
46789,2.376565405458795
46790,2.045762614818475
46791,1.5830135663852936
46792,1.4425060807379886
46793,1.452796013915222
46794,1.4946671347171936
46795,2.612534294259465
46796,1.8072553993378655
46797,0.7994002197671115
46798,3.0550487239065696
46799,1.849241527099938
46800,1.6569621868191042
46801,3.333643186541824
46802,1.3022892971803266
46803,2.159309984394927
46804,2.299239997794931
46805,3.757210533978739
46806,2.8632616704392753
46807,0.5248195641609534
46808,1.2903921012481625
46809,0.46230780725952414
46810,1.0722267507062249
46811,2.8000881616565927
46812,2.2531086674284815
46813,1.0533646806085848
46814,0.5010277217799803
46815,2.756263993400953
46816,2.143402884894275
46817,2.6140762472206553
46818,2.0577951859368433
46819,1.838392579693906
46820,2.0432317478764084
46821,3.5683822705125614
46822,1.6027551585299058
46823,0.987797718290782
46824,2.37302297527555
46825,3.086193074897441
46826,2.5124733906128576
46827,2.2274570392549755
46828,2.5075938477479873
46829,2.158762320334322
46830,2.519864918693404
46831,2.5018158282364915
46832,1.7338017588930974
46833,2.125456051798441
46834,2.6191457480923397
46835,3.9315059345987073
46836,1.6720396057363338
46837,2.131657347359951
46838,2.0723124625227207
46839,3.485665435023126
46840,1.8250952800256677
46841,1.7602011603459324
46842,0.9715302413413021
46843,2.144729685353756
46844,0.9491977509594172
46845,1.977790859221134
46846,4.143236994265468
46847,0.8662458314093762
46848,3.1354569734549536
46849,1.2402666815288832
46850,3.1145168119659594
46851,4.407206904904516
46852,2.2919017837402613
46853,1.0074364393327961
46854,0.8457780306648068
46855,0.5260985569624133
46856,1.4443962093073743
46857,1.4880867255478911
46858,2.7365292014045544
46859,0.8534522101710742
46860,0.9872611362468184
46861,1.568739967126536
46862,3.116213731354211
46863,0.7421850847578675
46864,2.6864401583575592
46865,1.441186508986096
46866,1.6971756428596372
46867,1.8613054286515514
46868,3.5448225708816246
46869,2.498059271986083
46870,3.073864702602581
46871,1.7196758540555983
46872,1.8506813210178343
46873,1.7433958558415021
46874,0.4675286856101515
46875,2.1195877128936367
46876,3.465065543094912
46877,1.14735271784102
46878,2.348382474701541
46879,2.0791808520318718
46880,2.8756821399021284
46881,3.174755159408736
46882,1.63124891876706
46883,0.9785250634749936
46884,2.5376106389285304
46885,1.9100556008965874
46886,2.113081826312854
46887,1.4638298023930965
46888,1.4117929675705376
46889,1.3106372653255143
46890,2.173970449647161
46891,1.1303154432003488
46892,1.0870048990892407
46893,2.332099065864444
46894,2.312632158731649
46895,1.591191619807777
46896,0.7999863906363807
46897,2.24945232718807
46898,0.8467797671692274
46899,3.7457676728333276
46900,2.6244124096384986
46901,1.261263937016313
46902,0.8911851587193134
46903,3.238547068432755
46904,2.3111743913949603
46905,3.4963717135334527
46906,1.2659468413878052
46907,0.5021776205579478
46908,2.4269016661497496
46909,1.3491094494689584
46910,3.3418467404100376
46911,3.1810382306273404
46912,2.528734797588786
46913,2.8178486022368396
46914,0.4068529364107327
46915,2.2075993000263203
46916,1.8180913750053413
46917,1.1360617064214047
46918,3.868475842674858
46919,1.765683360277169
46920,0.7779892083509061
46921,4.752329935462033
46922,1.8396202764917327
46923,2.765967956050506
46924,5.695568194571653
46925,1.7965605670605136
46926,2.041651604881654
46927,2.5690030627825458
46928,1.6575326152969332
46929,2.5154157241390784
46930,1.0801372421885027
46931,1.33131439842629
46932,1.2829757818496468
46933,2.7738084733482005
46934,2.59339388881617
46935,2.194279430539755
46936,1.112540976155163
46937,2.5871977016030634
46938,1.223018727982069
46939,2.2118226163731585
46940,2.9396416698880934
46941,0.9228897772920881
46942,1.5134275947992286
46943,1.2241499010388743
46944,1.6332610295305052
46945,2.098759997579865
46946,1.8464101351417845
46947,1.8812809595487785
46948,1.625392613542207
46949,1.3048735975916692
46950,1.778957858657126
46951,2.5783190460704226
46952,2.081872327797246
46953,1.5724667998555368
46954,1.0047974026234137
46955,2.884248692109768
46956,2.8813000819204184
46957,1.8759833362132987
46958,2.2988447811459345
46959,3.8559753087310504
46960,3.899742912177576
46961,1.8371185696222518
46962,0.7924566033331111
46963,2.0388363622747114
46964,2.1700200649861223
46965,4.6891041313688255
46966,1.7485132089346145
46967,1.0619659482342207
46968,1.7100433710515155
46969,3.1091992082465403
46970,2.471571560031922
46971,0.9724516483113952
46972,1.0760676682181476
46973,0.9922560296538201
46974,2.6722554284518516
46975,1.2164637040111792
46976,1.8906203827351966
46977,2.7519498388006447
46978,1.4718444009972167
46979,1.4995532004295207
46980,0.9145887771458128
46981,1.989417421053222
46982,2.755241519822196
46983,1.7790647584793113
46984,2.0793734687467555
46985,1.6577643022644146
46986,2.4481914875437134
46987,2.1988646016914153
46988,3.15068587899032
46989,2.1472170418217367
46990,3.114633711280252
46991,2.5242472114251235
46992,1.5226656604970437
46993,2.351283373193869
46994,1.6959720228034634
46995,1.259478151771365
46996,2.0108928271351836
46997,3.907846570873435
46998,1.947519677996329
46999,3.466799079662426
47000,3.2398299666766412
47001,1.5820058490074338
47002,1.6867066238669715
47003,2.485258733841622
47004,3.1546068390579514
47005,0.8351222738935782
47006,2.633818029574517
47007,4.334281947590345
47008,1.0628812173045254
47009,-0.5071121192000554
47010,2.7876340450328634
47011,1.6458831743154896
47012,2.975641064340895
47013,0.9709760331572603
47014,1.7505623855275623
47015,2.7895256278879437
47016,1.8863788837161088
47017,2.3379612613456153
47018,1.730595956823013
47019,1.7233956320076267
47020,1.547158213660456
47021,2.0192956056861
47022,2.3620149957911316
47023,1.440743620929485
47024,3.636362467662483
47025,1.4917776721959548
47026,2.293064758457721
47027,2.6292741751250652
47028,1.8805223137768543
47029,1.872007896357676
47030,3.6116131551278023
47031,0.8847525372262659
47032,2.1683605587730064
47033,3.4651101569184597
47034,0.6952566686039212
47035,2.8826719299609387
47036,2.219352847242991
47037,1.065675126683491
47038,1.5052553216895355
47039,1.077352696094298
47040,0.9290151727967135
47041,3.101630790221183
47042,0.7540718733961604
47043,2.450608434132622
47044,2.0843078469623357
47045,-0.01764761489020472
47046,1.9952334322637775
47047,2.2345844004388518
47048,1.2794906702547486
47049,0.5515860632714613
47050,2.075561663629774
47051,1.082246583415671
47052,0.9843205564976678
47053,2.0308287326363406
47054,2.774029699008512
47055,3.508963952532273
47056,2.931037271270643
47057,0.9303346889591673
47058,2.2566474229148277
47059,2.2587214743936137
47060,1.7969247550155423
47061,2.007445872742583
47062,1.8227331648949452
47063,1.7608830848719244
47064,1.4523992447542788
47065,2.2715303449324757
47066,3.2145689728685944
47067,2.515127538499687
47068,2.2252684931176567
47069,3.097445433103619
47070,0.27325636674197895
47071,0.9795325477152126
47072,1.554088880222256
47073,3.095997795084404
47074,1.991893279662893
47075,2.814685740107027
47076,2.279374325770366
47077,1.4627214843370986
47078,2.556456113545895
47079,2.0379967398843952
47080,2.0143612817588554
47081,1.865225581278711
47082,1.2917564583917205
47083,1.9949549445925676
47084,1.902506781881673
47085,1.2426074031909344
47086,2.8458383603432402
47087,1.8576167618494175
47088,1.9349319550021313
47089,3.019960705303138
47090,2.3416865003775946
47091,2.274877430280501
47092,1.7347678997770437
47093,1.5906623582956065
47094,3.6271587617814625
47095,1.724586656526359
47096,2.076795145187507
47097,3.043096083334209
47098,1.4041335540615911
47099,1.6718516107134214
47100,1.5966471607858672
47101,2.6474685849555364
47102,0.7980117860495604
47103,0.7573192696784794
47104,1.572205590969478
47105,2.7333654991111906
47106,1.5684230960770726
47107,2.168607230649915
47108,1.7212047915190603
47109,2.2315797717801082
47110,2.9109674342856557
47111,1.22515312389368
47112,2.1586150568089444
47113,3.4525955594853066
47114,0.87351864919248
47115,1.0479170263705306
47116,3.3952488538037393
47117,2.8690891475024536
47118,1.2832860978786904
47119,1.4423087359934676
47120,2.3726521271900403
47121,1.719516667431666
47122,3.818465189284158
47123,1.5722966025551024
47124,4.862846996828242
47125,1.4691502511408636
47126,1.7903257285048575
47127,2.855252488953173
47128,0.8841648326196925
47129,2.06120713046241
47130,0.42966644908405627
47131,2.1525653000212266
47132,1.466106254982808
47133,2.3031065255225123
47134,1.0032825313823857
47135,2.829501191964429
47136,2.2155095748484293
47137,2.4795066108610833
47138,2.054935706726642
47139,1.9169954070636415
47140,1.6906957399653528
47141,1.1134072657775427
47142,2.890901846509397
47143,0.8809295283531959
47144,1.0532708422470058
47145,1.285553999870448
47146,0.9781931023043349
47147,1.963947617987575
47148,1.9156772824399617
47149,1.9366567489750004
47150,1.2786904631303493
47151,1.603338342183438
47152,1.0640918696963446
47153,0.9854666149558433
47154,3.216723581911854
47155,2.951512998271486
47156,3.9751784615726002
47157,1.0322436091906049
47158,0.6400130899807586
47159,1.4902405458539967
47160,3.494490837335835
47161,1.9347836691743545
47162,1.2767035688897046
47163,2.718371638874576
47164,1.4593947875077937
47165,0.9488285404285115
47166,1.351139573692965
47167,1.4837424259323235
47168,3.5934952704929266
47169,2.179894841003179
47170,2.6276850505443896
47171,2.1258688960558096
47172,1.95102573173995
47173,2.1648608248764027
47174,3.020405667656238
47175,3.1452999918195452
47176,1.8728423461165882
47177,0.7117832290360901
47178,1.2813657472450508
47179,1.558460060743304
47180,1.1711824960000463
47181,2.41836199762486
47182,0.7223434476856916
47183,1.823249797195249
47184,0.4458985819144523
47185,1.0739801331055254
47186,1.2904056320690565
47187,2.38629092819588
47188,1.069908613479246
47189,1.4604382625028087
47190,1.9199279701074978
47191,1.0589352282125368
47192,1.5012677234390743
47193,1.0517427135922368
47194,3.3154482326995414
47195,0.7725918783251906
47196,1.6407773242654322
47197,1.0525384243331395
47198,2.648140354643406
47199,2.5562045147109735
47200,1.9106513076482123
47201,2.0390217690063857
47202,4.875544760697554
47203,2.4898276314529575
47204,1.707943331158095
47205,2.432105762928476
47206,2.333170628956058
47207,2.8295277835547417
47208,1.9418003012382634
47209,3.378944464371447
47210,3.313417220840538
47211,1.7637524511312144
47212,1.4761572786238197
47213,2.1169778207529113
47214,2.4988524935941463
47215,1.9751436109628209
47216,1.3925019483920416
47217,1.8899026025974344
47218,1.4893200886228364
47219,2.1965533633182055
47220,1.4368407597016706
47221,1.9605430181102044
47222,2.2785619623741447
47223,1.9982305456296423
47224,0.922965625288132
47225,1.7696236025141054
47226,1.154562574902858
47227,1.9430582400485186
47228,1.5516470607158546
47229,2.490784273371222
47230,2.394224813955649
47231,2.9766436788493174
47232,2.4174745170070118
47233,0.7382589759924976
47234,1.378268558986722
47235,1.492307927743159
47236,1.9561127521830635
47237,1.2252769596426596
47238,2.8212400184127695
47239,2.279089584708519
47240,0.7896336253191443
47241,0.4736954075766029
47242,3.390557195921563
47243,2.866244513176756
47244,0.9956200784947136
47245,1.7443788198895085
47246,1.3673448511449955
47247,1.4413754818705264
47248,3.1649842674700075
47249,1.6969050541496564
47250,2.3875469325933842
47251,2.279307081941372
47252,3.314458765962886
47253,1.4477571619047787
47254,1.47094489882517
47255,1.8364770435455888
47256,1.5368096027910134
47257,1.873912221651043
47258,2.779620247253579
47259,2.811228339487972
47260,2.195579691092096
47261,1.489899839565087
47262,1.3710892180407122
47263,2.578974110308341
47264,1.5068642708943152
47265,2.020175212007789
47266,2.0353132239378944
47267,2.669922122219109
47268,1.4024730503729224
47269,1.4247345374204237
47270,2.7224757840068357
47271,1.0100382901172829
47272,2.714743887045163
47273,0.84192337165371
47274,2.9506737943490045
47275,1.0819004488772102
47276,2.555624566896629
47277,1.263532262663265
47278,1.3826564493842035
47279,1.1561523979495725
47280,2.30453559003141
47281,1.878886027297515
47282,1.0094616595880588
47283,2.8234526257333563
47284,1.069871883659406
47285,2.39046318760089
47286,1.603268150174845
47287,2.3890378251112487
47288,2.90615800886221
47289,3.170569452447328
47290,2.408587070979312
47291,1.36394457173839
47292,4.133604173295343
47293,0.6086538267812251
47294,1.9217644624732237
47295,2.5223590382041756
47296,1.78540858085751
47297,1.3928359318104278
47298,3.2565739691682474
47299,2.3346960932946423
47300,0.45182490557920474
47301,2.279234970513503
47302,2.0234618327841396
47303,1.3057138784174391
47304,2.6545330866810026
47305,2.0683750969523125
47306,1.2563397158026568
47307,3.687669288924898
47308,3.316644996997244
47309,1.8748401397456043
47310,2.2494997972958437
47311,1.0861323688525637
47312,3.046792537959508
47313,1.0358095172748882
47314,1.5553817175402322
47315,1.6464491104386845
47316,2.8712107895888757
47317,1.1684998142019545
47318,0.8519841812826918
47319,3.4117654335882186
47320,2.5960761373793027
47321,3.4303620644753074
47322,4.019699047061355
47323,2.4685628157849386
47324,3.111244669845437
47325,2.0273988560075544
47326,2.6593683464495292
47327,1.6044274561012095
47328,2.0017469305049964
47329,3.0334198816758864
47330,3.303799199203187
47331,2.4523136076953485
47332,3.07221321632068
47333,2.574451936177642
47334,6.266337809666997
47335,1.07184002519978
47336,1.8999170300770665
47337,2.2448354772153074
47338,1.4609466273526301
47339,2.7099917421563227
47340,1.908378593692536
47341,1.8261366420443927
47342,1.3960785951956929
47343,1.4534286492911725
47344,1.3949462563537658
47345,1.2553579327249658
47346,1.9166709446475956
47347,1.5291467307642712
47348,1.36454204997057
47349,3.0558995739000956
47350,2.0414827137536555
47351,0.8663569351179241
47352,2.2936146893706315
47353,1.2904287233063805
47354,3.04478101793217
47355,2.8968741316526554
47356,1.4070654565869667
47357,2.4662586641530915
47358,3.5312804729907192
47359,0.93158019774339
47360,3.5342719424809594
47361,0.99706987724662
47362,0.7398581702479738
47363,4.271418439255687
47364,1.491285714394568
47365,1.901656344151295
47366,2.160732165494327
47367,3.158588712700695
47368,1.2195260107529613
47369,1.463859722695478
47370,2.1949772262348155
47371,1.1484139570040703
47372,1.2679507562247387
47373,1.32291158113836
47374,1.6600790656002467
47375,2.9863073182795326
47376,1.5950881247991084
47377,2.012677679005524
47378,4.038044181777455
47379,2.481565194688418
47380,2.4945523913108936
47381,0.6233733587420183
47382,1.6774635097401962
47383,2.6728698600065037
47384,5.155242213354146
47385,0.6551293050890514
47386,0.40661481557507173
47387,1.1852455518748322
47388,1.685526911624752
47389,1.2903925807439443
47390,1.078474912012755
47391,4.2047447095818065
47392,1.7413336405927602
47393,1.899343030594725
47394,1.7827279351068661
47395,2.825569266614739
47396,3.60925601329237
47397,5.0285003073017585
47398,2.802990661017734
47399,1.5504344775017422
47400,2.1669581884405353
47401,1.1485728550615626
47402,3.2323392419423875
47403,2.250765458393662
47404,3.179876074304392
47405,2.109260489089767
47406,1.069335453283717
47407,2.544006312045017
47408,0.5321481535491763
47409,2.506000603318686
47410,1.2346696882281698
47411,2.116217734175425
47412,1.4582326521701852
47413,3.47026748873515
47414,2.7403127038360573
47415,1.8659009480410056
47416,1.9292422040892383
47417,0.5462646725480944
47418,2.6477587874185566
47419,1.1568357864683527
47420,1.8287882124012675
47421,2.7076641004334796
47422,3.8687831995618502
47423,1.0652168146487249
47424,2.395908517666957
47425,1.285684092501814
47426,1.8098329219677716
47427,3.350201686340373
47428,1.2975141766637286
47429,2.1546937420642998
47430,2.4210455399137665
47431,2.1389194711899258
47432,1.2538875232244813
47433,3.5154288450008586
47434,2.107711334530652
47435,2.235269403954792
47436,3.279612838664722
47437,2.421455411340876
47438,3.602566217657742
47439,2.1261315981956592
47440,1.7256191659831508
47441,1.0713575261541202
47442,2.698337306606877
47443,1.4850747828394084
47444,0.979623852562586
47445,4.121431360540786
47446,1.8224701786624316
47447,1.304610380966043
47448,1.5157725992506705
47449,4.4704891228548185
47450,2.5847702062529585
47451,1.5025781427304175
47452,0.855549644229729
47453,1.270331776735194
47454,2.493712483352855
47455,2.6042913107203027
47456,2.189844642453668
47457,1.3762693422439334
47458,1.1812461289090983
47459,1.6131924036361092
47460,0.99028919691958
47461,2.2046171055089623
47462,0.6909113013020267
47463,2.379537209677128
47464,3.312934118266302
47465,2.739780433446473
47466,2.634903720755691
47467,2.081637570555035
47468,1.9627533301348485
47469,3.093222781164915
47470,0.7194721405559825
47471,1.7011933817295564
47472,1.4096717462498738
47473,2.086205956483443
47474,2.8791919798709706
47475,2.135466406171819
47476,5.473234341222568
47477,2.7920282036304833
47478,1.577624849599406
47479,1.2763633447345804
47480,2.761928278955512
47481,1.0455519853127022
47482,2.210530975634132
47483,3.2820151687016654
47484,2.025164738041415
47485,2.367740031861036
47486,2.173822773608567
47487,1.9633315188698965
47488,0.910119285496851
47489,1.3691676259374255
47490,3.1549418273947403
47491,0.6085353770205053
47492,1.7304195428121751
47493,2.316406035172893
47494,2.27647757486557
47495,2.5800630367462567
47496,1.705822738115561
47497,2.5286818908009003
47498,2.1109937725845818
47499,1.779563333933769
47500,1.9704898579584018
47501,1.2414063876940453
47502,2.4259576287802567
47503,1.7614934050711533
47504,1.765432094700916
47505,2.6416086352878274
47506,0.8288067053054569
47507,1.4971780549601057
47508,2.099827197539529
47509,1.7420390407093898
47510,1.9332766033696238
47511,1.8319444354495182
47512,2.722042887996796
47513,2.2757369443133406
47514,0.9731665475596323
47515,0.7783489035443445
47516,1.1335639185459492
47517,4.039850208837297
47518,2.825987173330507
47519,1.6570481749192858
47520,0.45842090765112076
47521,1.0769060386596472
47522,2.162744023283228
47523,3.198097632752937
47524,2.365902079454518
47525,2.524883887337186
47526,1.220551571098813
47527,2.2867710400914554
47528,2.112006103439345
47529,2.441457147792395
47530,1.3073157214932998
47531,1.9695944259337104
47532,1.5679673266940917
47533,2.54093113574098
47534,2.144460644786111
47535,2.441367005996913
47536,1.8340456130054896
47537,3.3406195842233366
47538,5.778110920651503
47539,1.977479822372974
47540,2.4376591700730934
47541,3.169100045051497
47542,0.8759626388747996
47543,2.1661228553071545
47544,2.310955412486127
47545,3.1287140196682266
47546,2.0931395365547623
47547,2.244412935181405
47548,1.4806768490239826
47549,4.211495837475358
47550,2.7393076066856317
47551,2.433396855277639
47552,1.1203268115839968
47553,2.815771982065204
47554,0.9067138361424192
47555,1.9439911567164394
47556,2.020164648585169
47557,3.125699363539102
47558,2.882053756515237
47559,2.2497494543901873
47560,2.3800751554297825
47561,3.069969324737091
47562,0.7129616933711169
47563,1.8786207690781715
47564,3.4143982456581377
47565,0.9217631587035306
47566,3.5973653509126713
47567,2.5291775797965137
47568,3.166309596660117
47569,1.624311139257717
47570,2.7578090606630816
47571,1.0707561954685652
47572,1.229501743362679
47573,2.3372417139927997
47574,1.677658170169483
47575,2.9698570344288306
47576,1.5963533412303867
47577,1.5979432899371808
47578,2.3864455952224297
47579,2.469112611368306
47580,0.5678549735911851
47581,2.74507699803306
47582,2.239240498394711
47583,2.2309552787685085
47584,0.766086001188004
47585,0.839720274508128
47586,2.982251011121722
47587,1.7096672213428725
47588,1.6970795457807277
47589,1.434919230840567
47590,0.9611359147263876
47591,1.8426999443063359
47592,3.2269251825667347
47593,2.795991884973663
47594,2.8978110001790505
47595,2.2977713240275115
47596,1.2840988651617273
47597,1.6206424769815762
47598,1.098271294217799
47599,3.0363506892042587
47600,2.7347086509595364
47601,2.243252117917681
47602,2.972800342081431
47603,1.6801642090746647
47604,2.4587682690021246
47605,2.0334730534255847
47606,1.3713816165023935
47607,0.8568973466568117
47608,2.321537623154743
47609,2.2042952556058175
47610,2.1978813766416785
47611,2.281627572226032
47612,1.156967117482882
47613,3.556551816723303
47614,2.6495324121602017
47615,2.958321214702469
47616,4.147348669271086
47617,1.9090103480043048
47618,1.7681167586747968
47619,2.35599858569174
47620,1.1874362319071885
47621,1.231017913557853
47622,2.546374971827138
47623,1.8240656270385252
47624,2.463687453342491
47625,4.235573831788972
47626,0.594346040336692
47627,2.4372066981894456
47628,1.7419486342657855
47629,2.728422401930377
47630,0.9548106406295211
47631,3.9324592558297162
47632,2.4280194795838987
47633,3.1541536882586776
47634,1.804535676867605
47635,1.9806558316256861
47636,0.6374833642147486
47637,0.7463660892794657
47638,2.743980531689889
47639,1.9936290590387706
47640,3.020982494112335
47641,2.1132719016147554
47642,1.6981675178285833
47643,3.6944681991266783
47644,0.6910157785147
47645,1.1564016085879736
47646,2.310391158774454
47647,2.9493524332024528
47648,2.8249456997217273
47649,1.6170698960465337
47650,1.6133563602605
47651,2.42642264911024
47652,1.1879344855851492
47653,1.6361024886373379
47654,1.013753311306349
47655,1.990203807153197
47656,2.316835323905824
47657,1.934280019322788
47658,2.8131188264326035
47659,1.9397849894456876
47660,4.325300325705687
47661,1.3687446279072653
47662,1.990368152423688
47663,0.87893321305447
47664,3.1214590378901086
47665,2.23375276628477
47666,2.553736580801658
47667,2.6632647697151164
47668,2.6780269520425897
47669,1.2478652812663746
47670,2.849802582114794
47671,2.2986531491916544
47672,2.1471966417212265
47673,2.612305326021673
47674,1.1536335683270273
47675,1.0011392551762732
47676,3.492051199531094
47677,0.9528984395070701
47678,2.453061133382594
47679,2.352847491087463
47680,1.9907624216521533
47681,2.840676503333672
47682,1.5277923545955368
47683,1.7345961081836698
47684,2.7930267341559194
47685,1.3560561539931122
47686,2.15939915595337
47687,1.5517387225535266
47688,2.0886045547173957
47689,2.1953343375631995
47690,2.2345966665037658
47691,2.017617507907463
47692,1.8621953403742602
47693,1.9607962621552169
47694,1.5768858173452749
47695,0.6957739692598501
47696,0.9726058012596503
47697,0.392389480222878
47698,2.423221879851784
47699,1.0506320182282174
47700,1.906533409872086
47701,1.4549367208963737
47702,5.509218320303322
47703,2.937683554161996
47704,2.1700047525520496
47705,0.9729602473503327
47706,1.6016856201713985
47707,1.5062976168448792
47708,3.069227973734062
47709,1.7073190870521309
47710,1.970009156032038
47711,1.264786295068209
47712,1.0257085479685806
47713,0.8051699961527312
47714,2.5843099930288
47715,2.471958138505446
47716,3.0515674860253093
47717,1.6551524216627094
47718,1.7177801118671177
47719,1.0298720300648405
47720,1.7375870445712884
47721,3.655151039368949
47722,1.8797775327800572
47723,2.5529303138145885
47724,3.0564650686515087
47725,1.1464343563346269
47726,0.9738919967849746
47727,1.9984607458524728
47728,0.5289373399934085
47729,2.7419487312894866
47730,5.592440220616712
47731,2.6648422598330264
47732,3.3868344595521513
47733,2.126435978858016
47734,2.47073753494249
47735,2.0689561742515856
47736,3.4425555069778433
47737,2.543944969732795
47738,2.7589383705542083
47739,0.8924544459208938
47740,1.0861025075133774
47741,2.0922288606135773
47742,2.234174528181942
47743,3.6546027993308634
47744,0.9919871875539208
47745,2.2154114972695176
47746,2.9603190674540976
47747,1.2944352380838247
47748,2.677472035769828
47749,2.8960057720825922
47750,2.2376742777124186
47751,2.4456055512898764
47752,2.03987691116399
47753,2.317067659327595
47754,2.655400605115066
47755,3.5144245713293323
47756,1.2751251094306504
47757,1.9999745616162308
47758,1.796114266367372
47759,1.5892001313012862
47760,2.7754789834611735
47761,1.130258793065824
47762,1.1233883735329222
47763,1.5451001685986547
47764,1.478337786919898
47765,2.5225750285455923
47766,2.055014206763392
47767,2.2366273711344924
47768,2.64812694821973
47769,1.9624039734709733
47770,2.5086936939482065
47771,3.4924032602051547
47772,2.1062743074242043
47773,1.373440169702068
47774,2.771607264606704
47775,1.3460769266713477
47776,0.6823330109423047
47777,1.080587714930605
47778,4.008453318146767
47779,2.1471744152313796
47780,1.45274046049909
47781,1.2252410704721264
47782,0.7183547728913346
47783,2.8353638387916966
47784,2.7659194491968755
47785,3.6201119163317834
47786,3.161140482653682
47787,1.7515772931919606
47788,2.7488213133481203
47789,2.485640467921659
47790,0.7924572120962416
47791,3.4583459867834883
47792,-0.3611571050509461
47793,1.173861139802117
47794,2.9413151778667306
47795,2.4314139550760423
47796,1.4942696581991903
47797,2.7237704223633763
47798,0.8325958702778742
47799,0.8632293915118261
47800,1.2771001371180581
47801,3.709867153367501
47802,3.9430832944287353
47803,0.4233624569480732
47804,1.3656087813364515
47805,2.193918161232748
47806,1.2185418638692944
47807,1.6176843241961798
47808,1.5398440919753575
47809,3.6015106259603478
47810,1.8393586996417959
47811,2.6593369425019127
47812,2.2920011095862414
47813,2.4219931143377558
47814,1.3908629045899694
47815,0.44496328593811896
47816,2.3117517608934044
47817,1.5479891933718797
47818,1.9148230717216315
47819,1.5352224313226124
47820,1.634474374871619
47821,2.8259458197149208
47822,1.9451174134462157
47823,3.538272522245908
47824,1.001148154773805
47825,1.8458892379869418
47826,1.9118238048785976
47827,2.5611492463674246
47828,2.4097197424466437
47829,4.72682204489843
47830,1.4420019451251882
47831,1.5191987135050091
47832,2.68346630964837
47833,2.5527870492625517
47834,1.0886596591170168
47835,1.6829465694973216
47836,1.0803389422919771
47837,1.9285634169470462
47838,0.7866655316791231
47839,1.7289725574650312
47840,1.2193252590515904
47841,2.8023115082588994
47842,1.7204143170005786
47843,1.579620400931848
47844,1.4719204306436673
47845,1.4370582987942875
47846,1.7073569230405816
47847,1.858112511794193
47848,2.520142886957249
47849,2.3378485443098818
47850,0.8932419391707391
47851,1.111188424590555
47852,3.2128635645619035
47853,0.9352323418162634
47854,2.7715959666904304
47855,3.459322665396801
47856,1.6785900564327996
47857,3.3412859540059436
47858,2.8097855712945865
47859,4.62506841109985
47860,1.8165570558440187
47861,3.3414840459422557
47862,2.5671203704304197
47863,3.8684853023380334
47864,0.6718094207486196
47865,1.7156951906948343
47866,1.6887781011685696
47867,2.6421962322080255
47868,1.4553430670659715
47869,1.895572972143416
47870,0.9272522062213717
47871,2.5749039201089126
47872,2.233013885445093
47873,1.3444261488805331
47874,1.4833214699828723
47875,0.548234083432849
47876,2.865361302174197
47877,1.5301942409095695
47878,1.532369456693221
47879,4.095639587976397
47880,0.7605942431367545
47881,1.7750322220330794
47882,1.767084656643906
47883,1.6755415614866571
47884,2.533300339387811
47885,2.5628048676687776
47886,3.00570681264006
47887,1.002041234780112
47888,0.7825877341039735
47889,1.5676459972171735
47890,2.5673063121883537
47891,1.6360938951029063
47892,2.0144459185006305
47893,2.045093378642921
47894,0.7139632841074537
47895,1.6557820998784258
47896,2.504900680045555
47897,1.1192082933069436
47898,1.8913472956976172
47899,1.4992810182230052
47900,1.4557908692004027
47901,0.7104125075060246
47902,1.3282578628153523
47903,2.2371860385762012
47904,2.6718569743161744
47905,0.41779152933576214
47906,2.4350139526297916
47907,1.3089905110803706
47908,3.18330938521132
47909,2.2670270999327933
47910,1.4814129039476178
47911,0.3510075610163348
47912,1.2363591117550392
47913,1.5522693088296116
47914,2.001848814681953
47915,2.050844226297958
47916,0.9356565416957245
47917,1.8358692222428097
47918,2.576577031280525
47919,1.2422449106947546
47920,3.800156820787439
47921,2.0881609884846206
47922,2.602378942989805
47923,1.329517214801232
47924,4.441998703773667
47925,1.144256055598735
47926,3.9809077249622113
47927,1.206877525245293
47928,1.3641265465643677
47929,2.8151232185024107
47930,2.7503201790417826
47931,2.4637684182221484
47932,4.356851349154201
47933,1.0032806494448927
47934,1.5948999628217884
47935,2.6731055291840597
47936,1.207574055297048
47937,0.7799379971139082
47938,1.5056490973119914
47939,3.8109870554044143
47940,2.396499787520529
47941,1.700482659114133
47942,2.421586448968757
47943,4.092199605911961
47944,1.0744351564534362
47945,1.935386288604068
47946,0.7993485888492877
47947,1.2646980411032906
47948,1.2093964990011905
47949,2.6432152604462864
47950,1.6348274115635526
47951,3.4704171652627203
47952,1.3320230900137098
47953,2.0373925805786577
47954,5.0670655779188145
47955,2.9589009554067935
47956,1.4156442141772665
47957,3.2464993693750195
47958,3.00449755578018
47959,3.0299011431226326
47960,2.2209513574596578
47961,2.083741143259264
47962,1.710424625140039
47963,2.4468129396019016
47964,2.0802838040721987
47965,3.2643523703302755
47966,4.841830911486799
47967,1.4153263841135448
47968,0.8765872347638926
47969,4.1651250194755995
47970,2.4207241416943965
47971,2.312856096366861
47972,1.0139483679110732
47973,0.7597664493898755
47974,1.7905486626064295
47975,2.297413423485441
47976,3.336481715355948
47977,2.54358611515244
47978,1.5517171881404614
47979,1.977868248754735
47980,1.9480388403796418
47981,1.634414404641067
47982,1.9433329119860936
47983,2.2842103115895647
47984,1.64155654583573
47985,2.4721102179790684
47986,1.8152629802826858
47987,1.4176962323192335
47988,1.0655078823665782
47989,1.7568569758695993
47990,2.809015655518184
47991,2.087368365678916
47992,1.6084999082773983
47993,1.220737672975364
47994,1.141911484078154
47995,2.7387224457252195
47996,2.712056786696852
47997,1.5879332746402817
47998,2.448287894368608
47999,2.7358112506772194
48000,1.9632353798460862
48001,1.8754650467618923
48002,1.3900176830909778
48003,2.1795038522454924
48004,3.5304142917103754
48005,2.4983389692417894
48006,1.1729849515903972
48007,2.6411800326947095
48008,2.766370201870277
48009,2.144220435501868
48010,2.8300397372280237
48011,1.8301168172583608
48012,1.1197678462739624
48013,2.1407862518548235
48014,1.8908541104619054
48015,2.5344193379826585
48016,3.0394031623287994
48017,3.196080241982319
48018,0.8889513961285367
48019,1.7774638441303559
48020,1.480448719016838
48021,1.9293551076342261
48022,1.8944966076410346
48023,3.696886797301037
48024,2.6649835195501375
48025,2.5298823687372085
48026,3.7269866666886493
48027,1.7919525216560181
48028,3.0578995564205833
48029,2.1703678577956715
48030,1.9621663156266074
48031,2.830245077490563
48032,1.649365260596003
48033,2.001301008068342
48034,1.05399669037212
48035,1.5356964948188683
48036,2.363118937994347
48037,1.1365727849992773
48038,2.323290028568497
48039,2.038628882570695
48040,0.6217488274593741
48041,3.1802645523254434
48042,2.235360994429275
48043,1.6385999540943352
48044,1.1285628144255817
48045,2.117253908257414
48046,1.7962617357176818
48047,1.6163809058170422
48048,2.7083533905698722
48049,2.6237471601475058
48050,2.293547721275278
48051,1.1501422913495425
48052,3.4174161960244795
48053,1.1930377243775219
48054,1.3143433337277521
48055,1.0385671489325183
48056,2.22907461460159
48057,3.8939941079091263
48058,1.4461015706818934
48059,1.9297490478262525
48060,0.33520764018638616
48061,4.2484234976745405
48062,2.4001399908046217
48063,1.9728422105849326
48064,2.937539850010044
48065,1.550838125610074
48066,1.0129642934891798
48067,1.3103219169179603
48068,0.720548702205523
48069,1.7431922891111107
48070,3.600484225746758
48071,1.5412147019420424
48072,1.2856313786069826
48073,2.1399142604081653
48074,2.7515966824811393
48075,1.7318778363914795
48076,1.7213129110581527
48077,2.793223253555201
48078,0.42349726854797964
48079,1.9553191627393893
48080,0.6255492472662105
48081,4.488929057900723
48082,0.6570384448641597
48083,1.237213286813077
48084,1.691255477767303
48085,1.9429066101440107
48086,2.4886447359633657
48087,1.5201070398874243
48088,1.6150108131038543
48089,2.228907685614619
48090,2.268290686293401
48091,2.498936166563798
48092,2.2618455314724635
48093,2.178702422199226
48094,1.1260897215017316
48095,2.0141054543212853
48096,1.2172325654721057
48097,1.696131574254327
48098,3.4846437573851325
48099,3.256710493441549
48100,1.921283520162664
48101,1.1026771402149684
48102,1.5918124565508869
48103,0.8985346466458317
48104,0.9976914161713104
48105,1.9949341976595498
48106,1.4734501641143574
48107,1.4184797175094594
48108,2.89573404990222
48109,1.413426872560965
48110,2.0458619359360775
48111,1.1994014600728953
48112,0.7513696461823294
48113,2.837014839512623
48114,3.1353623458238395
48115,1.5209591251959331
48116,1.5146949672979737
48117,0.7092742796416793
48118,2.0742552812053
48119,1.0943648568832351
48120,3.2397341010460003
48121,1.32310763669145
48122,0.4403965100904266
48123,1.2689462377218383
48124,1.082459068644372
48125,3.0494936219285513
48126,0.7698127817259639
48127,1.033651314444345
48128,2.550087692839785
48129,2.5970242536667207
48130,2.9549300858221876
48131,0.5139263637881903
48132,1.986028717475481
48133,1.8856905983152537
48134,2.235635138264005
48135,1.9561898923927465
48136,2.6906363139279996
48137,1.433453887428275
48138,1.499669125332705
48139,2.4109949834281146
48140,1.8006756219146816
48141,2.1267913620327086
48142,5.6746196691127615
48143,2.1865127641728783
48144,2.6985065403424393
48145,2.4613132418788872
48146,0.771878093487377
48147,0.8001119486292261
48148,3.0013621381768054
48149,1.2193521527884776
48150,1.4911381989508108
48151,1.398003834906266
48152,1.6219939111908594
48153,2.095520497581905
48154,3.44447525597241
48155,1.3020046867273614
48156,3.0397635362645623
48157,4.38206452861505
48158,2.091467304944789
48159,1.7423554035658562
48160,1.7105816553142326
48161,2.504404591348763
48162,2.289688235572587
48163,1.7617055969813045
48164,2.4004833109762593
48165,1.4356557106500283
48166,0.7330887591493571
48167,1.730504544224008
48168,3.0093500470200105
48169,3.9576927666234987
48170,2.6569617515608037
48171,1.8250371560767213
48172,3.511416880645559
48173,2.286464959196909
48174,1.306283991188966
48175,2.5780889706194934
48176,2.359113854342784
48177,1.1186409886792639
48178,2.7285030612092136
48179,1.5907740466302336
48180,2.0825884221517903
48181,0.6851718883646392
48182,1.6065335561237113
48183,0.2886747836204826
48184,2.9527455907702667
48185,5.177179330880623
48186,2.086808914575048
48187,2.7468321120187547
48188,1.669737627433907
48189,2.1386317240295263
48190,1.7881013816409883
48191,2.0019365752637874
48192,1.5351849581718007
48193,2.009497176829033
48194,1.3099435587421944
48195,1.093630637663356
48196,3.41720428419271
48197,2.4123649175821846
48198,0.9064123129428516
48199,0.8930172367098557
48200,2.1313769390421022
48201,1.9740301171879118
48202,2.2363093624113652
48203,2.088467334908845
48204,2.6375441648862967
48205,2.2968259211180317
48206,2.874428264819702
48207,1.8259700073923888
48208,2.600552934398852
48209,2.953967846171853
48210,1.7424839647520152
48211,0.9176560917775909
48212,3.0279132360218206
48213,0.7404056241890977
48214,1.7289141923000706
48215,4.796797532815592
48216,2.4859643905400084
48217,1.2532479967235055
48218,3.118975730784147
48219,0.8463417954038484
48220,0.9881781458003083
48221,2.3823386373785276
48222,3.271524378416931
48223,0.7645806212436845
48224,2.9821385474666364
48225,2.9173659173320097
48226,2.919394900788493
48227,1.9929865506585465
48228,0.9355747265906054
48229,3.2623054444423794
48230,3.187086767145363
48231,2.070422055398172
48232,2.679151773275553
48233,1.306845833916686
48234,2.1327484276555175
48235,4.733987454516981
48236,2.3639070623270335
48237,2.8767923035531204
48238,1.8430398094597855
48239,1.3154750808010398
48240,2.489754557886048
48241,4.063690580850309
48242,2.148212034755378
48243,2.833093824393618
48244,0.9205131257236623
48245,1.8417890367315728
48246,2.06725123227962
48247,1.9744707885531092
48248,2.8300728872503136
48249,2.0767741195233533
48250,1.8228602476914126
48251,2.158537194114647
48252,1.373711736131856
48253,0.5457148537436787
48254,0.8204480647046672
48255,1.4611127031843445
48256,0.7242780942231413
48257,1.0678783072677938
48258,3.7041418477069534
48259,2.2576588446608277
48260,3.1291844577646692
48261,2.857745529114741
48262,2.118690458805421
48263,2.3238411355835105
48264,2.2675583290672456
48265,1.6951373736373263
48266,1.767526907543843
48267,5.60650414397475
48268,2.5819767777008487
48269,3.024357961212875
48270,2.350164611095469
48271,3.6257114352100963
48272,2.20803566135962
48273,1.8910650468803034
48274,3.2639415788633848
48275,3.5911150932166755
48276,2.2394583462730147
48277,2.346358657045844
48278,2.001791138376465
48279,3.197636988763268
48280,0.9819059523757439
48281,2.821271092368793
48282,3.8113954940122348
48283,2.9566647637425696
48284,2.9781367814324575
48285,1.3388613928162592
48286,0.5568426370981321
48287,3.913688771053277
48288,2.4210844696702942
48289,2.088418116632287
48290,1.601115610443319
48291,0.8289246670249248
48292,1.478557529261483
48293,2.3749231792092225
48294,0.3687518184541183
48295,2.301508378367746
48296,1.542060629364645
48297,2.773919040271725
48298,2.8417508981353343
48299,0.6032767147807796
48300,0.7504533289378266
48301,3.1077969407598154
48302,1.4739573536916204
48303,1.91913737181223
48304,3.100686193779726
48305,2.7790387952420623
48306,1.9486708607776144
48307,2.4803753836941986
48308,1.9242793972810013
48309,2.7815362462555164
48310,1.7555260104181265
48311,2.854026148710151
48312,1.5564898986694438
48313,1.3369645592394228
48314,1.523767610233083
48315,2.0652466300807113
48316,2.719370431848322
48317,4.159490234176619
48318,2.465203127240674
48319,1.0814598945312106
48320,1.576973403017977
48321,0.8739643000440687
48322,0.7960051067444489
48323,2.516639251980397
48324,3.56535842113502
48325,1.3269111101341515
48326,2.3914265801381624
48327,1.6844214595971643
48328,1.8929619977678591
48329,5.076646434922797
48330,2.1954234657265523
48331,0.7045518610461592
48332,1.8285595385479532
48333,2.0639996724036713
48334,1.4067226569884532
48335,2.676060505657322
48336,1.4444361571749802
48337,5.082005096507547
48338,2.010858519746879
48339,2.1683790379922137
48340,2.4078862847879954
48341,1.9312319395081978
48342,0.45300905618802645
48343,1.1623384150420328
48344,2.5210219947221084
48345,2.0169038825057477
48346,1.7084036057322614
48347,2.5293625859691
48348,1.6666165414600904
48349,1.857903700640609
48350,1.9182247247942037
48351,2.2324198676056746
48352,1.1014058120699453
48353,0.9243440822121478
48354,0.9308774224747403
48355,1.1676167755078986
48356,0.5109922655477739
48357,1.2676714444702988
48358,2.9818578890131313
48359,1.8359889717038165
48360,1.6497249125784528
48361,3.6349805626613865
48362,4.750158911026777
48363,1.2372388566471422
48364,2.052715438036447
48365,1.5578953621180212
48366,0.45558661323154936
48367,0.8094178408471784
48368,3.4189048992773827
48369,1.1259912100199791
48370,1.342467901636926
48371,2.528486049648823
48372,3.7753643089450897
48373,1.8819530127439954
48374,0.753148478721446
48375,1.226875606893831
48376,2.360534305159664
48377,3.4078255393890267
48378,1.9386421959783213
48379,2.2195632710311095
48380,0.49906501189326846
48381,2.2667987443307176
48382,1.908273046708704
48383,1.1536419556007935
48384,1.7454686281071226
48385,2.0464066348911025
48386,2.243494745959172
48387,2.745501324550734
48388,1.0542838932969154
48389,1.7407748591966516
48390,1.512712765888839
48391,2.807960280777454
48392,1.755335030192274
48393,2.046747176785832
48394,1.5606197979379637
48395,2.075566602314442
48396,2.3683944558560803
48397,1.1921212459348602
48398,1.0703242178957204
48399,1.1921869250373653
48400,4.3426824569327245
48401,2.316183508284926
48402,1.2955105884982494
48403,1.195260332031669
48404,3.314981088114312
48405,2.2763464910085567
48406,1.963090022932338
48407,1.7068641129716333
48408,1.5680047598582156
48409,2.348624247216012
48410,0.7667608615609858
48411,2.88433027530181
48412,3.1023002073660315
48413,1.7464518838968992
48414,0.4648560482309314
48415,0.8731229927151283
48416,0.9867337946781483
48417,1.1434112680979673
48418,2.0733358514485793
48419,2.5468461034370513
48420,2.0063419146008563
48421,1.2922781080827441
48422,0.8606258146455197
48423,3.040361674765453
48424,2.3947009887516266
48425,0.9368624653074313
48426,3.8611462755169477
48427,1.0031490860020291
48428,0.5430683281840665
48429,1.2863640251666233
48430,2.7990814142907006
48431,3.2696156199108977
48432,1.8265274657017052
48433,1.2641190359953107
48434,2.0030713693861095
48435,2.7571799166153177
48436,0.8048534608529145
48437,2.5643753418213784
48438,1.8560241055611222
48439,0.6227598291278049
48440,2.6784309594666844
48441,0.9923895593337484
48442,2.7518612434255694
48443,1.6157562757733253
48444,2.415015053563625
48445,2.1994096112939907
48446,0.8359121761911048
48447,2.095880509934293
48448,2.2283335763319805
48449,3.101617582838575
48450,4.5925539406038105
48451,2.2895474198143724
48452,2.528241926321247
48453,1.6532628183002807
48454,2.117365774640266
48455,1.7083530376816363
48456,1.4133531304764269
48457,5.0783158642781565
48458,2.526335832965774
48459,1.975613517450146
48460,2.731786914227886
48461,3.8933869831103642
48462,1.7657532099285937
48463,2.7067429411112336
48464,0.661377969177753
48465,1.9012041874722208
48466,2.247141085371286
48467,2.180418389242565
48468,3.4129559997870196
48469,3.1514256088507047
48470,1.9611252864249913
48471,2.330158133816955
48472,2.149312467240353
48473,2.0404113843005156
48474,3.7419078177025007
48475,1.3085115314480085
48476,1.4770643572314022
48477,1.6531242256442091
48478,2.4853961633051576
48479,0.4439193465759139
48480,2.282361216112296
48481,2.126365603516721
48482,1.881445980936011
48483,1.7065130270413285
48484,1.6641003900812628
48485,2.826422380872888
48486,3.2272779600704986
48487,2.570356209037559
48488,2.116796134588217
48489,2.4638399222886314
48490,2.136167905600363
48491,1.7834114844193074
48492,2.5111130168445506
48493,0.6913715719149458
48494,3.358493242275248
48495,4.958215967552409
48496,3.1216282470465764
48497,3.2265553217676803
48498,1.9022416725656832
48499,5.121260223630944
48500,0.6403081822625474
48501,1.9607737750912726
48502,1.9693363604986054
48503,2.59484117295273
48504,0.932866679979103
48505,1.8102428294840571
48506,2.70836392708458
48507,1.6748590504773837
48508,0.646909389490478
48509,0.7045255143208955
48510,1.302818249020735
48511,3.649512699601363
48512,2.2168330917379855
48513,2.028680882890402
48514,1.797148200683612
48515,1.927422459189021
48516,1.8529229800753946
48517,0.9769898380685085
48518,5.048039253774508
48519,3.0460719714858193
48520,3.2764206031690755
48521,2.439443366231533
48522,1.8579758714785477
48523,2.3265227774903146
48524,1.4228586132889554
48525,1.4292998876189849
48526,0.6359262756068951
48527,2.4880058601868633
48528,3.5572813471744418
48529,1.9000132796747131
48530,0.7877399918935772
48531,0.645090277767455
48532,1.5278042298484742
48533,3.051529419324911
48534,0.8691660463892426
48535,2.3169205029284434
48536,3.976154809067001
48537,1.1773552300130667
48538,1.1066486990396278
48539,0.7175048058520055
48540,3.209820365661532
48541,2.4577720595018526
48542,3.5762617779310553
48543,1.9473914259185996
48544,1.981251331694697
48545,2.8088229307352357
48546,1.6845462000286524
48547,1.102719624809513
48548,1.7427353053246613
48549,2.2052527997327083
48550,1.256175252235085
48551,0.812892920545071
48552,1.4008824928327535
48553,1.4438183933372137
48554,1.3810179233040607
48555,1.2827840780248216
48556,1.8158395626451416
48557,0.8323630092084251
48558,2.1374159695695063
48559,2.5884241751679475
48560,1.0990330679558191
48561,2.8568032162266697
48562,1.8829767148085956
48563,1.5594383918096106
48564,2.6418429349182624
48565,4.080851043048288
48566,1.613425714955131
48567,5.002613923781784
48568,2.6530511452427312
48569,1.2831317494947747
48570,2.3724192870273875
48571,1.3378381363375276
48572,1.4102100406063052
48573,0.8790107510891438
48574,1.2988324396971542
48575,0.6605395997245473
48576,2.4985998001845964
48577,1.576711997391616
48578,0.6852213352601133
48579,3.1986257895537484
48580,3.5582924369124704
48581,0.9111520985427468
48582,2.251262037517339
48583,1.4918671042685538
48584,2.0596922900958
48585,2.7517452963836355
48586,2.4471560592159314
48587,3.2529593139182715
48588,2.360534492266172
48589,1.1095897366616931
48590,0.9675243126173179
48591,0.5371905178112719
48592,1.1372250385875624
48593,2.4679438568304057
48594,3.0212062420445456
48595,1.5698418772451852
48596,2.261336891663209
48597,4.1385129923562864
48598,2.1989403254174
48599,1.213584776904188
48600,1.720066565146059
48601,2.9305299658309742
48602,0.7234045167726073
48603,3.513639792105895
48604,1.1098674149229204
48605,2.741547780737566
48606,3.155773111041814
48607,1.6916381998803196
48608,4.738180287706147
48609,1.9420672431036827
48610,0.9609504300356981
48611,2.2118721050404737
48612,1.4281876690222681
48613,1.601784080397099
48614,0.8154479258617506
48615,0.9768582515205431
48616,2.3448393419499247
48617,0.960958159400608
48618,0.8117761065207141
48619,2.1462554924907558
48620,1.2794058422502168
48621,1.017443594383142
48622,2.4714281253452306
48623,1.79918953415876
48624,2.9987154372429963
48625,2.8342316281290074
48626,1.0052636315259385
48627,3.6579768193880717
48628,1.9840884619760466
48629,1.5323191812566996
48630,2.749463062764651
48631,3.903962773739014
48632,2.0947239789136667
48633,1.7144893815070965
48634,1.6337337785594492
48635,2.526221889260089
48636,2.748952939697947
48637,5.324727396696748
48638,1.4416816474355052
48639,4.172596154661793
48640,1.9336729349844042
48641,2.0181069663842415
48642,2.33410130340258
48643,3.1360491281284943
48644,1.470007298318425
48645,5.0154738350871675
48646,2.0593368985562712
48647,1.5355669970708767
48648,1.423902444170043
48649,2.085658213717526
48650,0.966620590356019
48651,2.6469937223182036
48652,1.595973289523105
48653,2.0374727383733138
48654,1.6075404975072196
48655,1.2225522866196208
48656,2.0531462744938302
48657,0.9733115553683866
48658,1.649645430793047
48659,1.2518050319267253
48660,2.524208767789734
48661,1.5179351667281118
48662,1.5777998842618537
48663,1.4828906487337328
48664,1.0351354748383308
48665,1.183580651760142
48666,2.100867045079301
48667,0.9951143435927783
48668,0.6892533243225536
48669,3.7453559864008277
48670,1.050501327064186
48671,2.919826272877348
48672,3.046398733467388
48673,2.087070423831566
48674,2.37488498493099
48675,2.415278264416717
48676,1.3729844903544723
48677,2.2651325426172413
48678,2.1266144007241827
48679,2.095440888263287
48680,2.708905395316865
48681,1.5002842921126707
48682,1.1920826619932576
48683,1.9723605555879011
48684,1.869490366888872
48685,1.1328110862846508
48686,1.1605871897471083
48687,0.7252865805445516
48688,2.8316696316421464
48689,1.2028748763694388
48690,2.2897761957957563
48691,0.8475472462803033
48692,1.433295659298441
48693,1.8334017174630652
48694,1.6050088949071188
48695,1.4094332108175287
48696,2.1475564489955765
48697,1.4341393974868915
48698,0.6474846089569191
48699,3.1323292372208904
48700,2.2304613386226357
48701,2.4786311308965345
48702,4.119521014974115
48703,1.4546287057232554
48704,1.97100568128673
48705,3.098317135146292
48706,0.6679133487310231
48707,1.9070155939882376
48708,1.388444997918615
48709,0.8356302273701353
48710,2.3131557805984677
48711,2.5621507776170382
48712,0.9690625448784012
48713,2.3602760078086398
48714,1.5148571681828038
48715,3.727293704696425
48716,2.37518023957546
48717,1.9511934849569776
48718,4.98101642576211
48719,3.1216136433653254
48720,2.9726793833577894
48721,1.7386740509456224
48722,2.7591841590366393
48723,1.0168658743683956
48724,1.5251527865804668
48725,1.497159575204737
48726,1.3015156872344598
48727,2.978322867136999
48728,2.0367824731849034
48729,1.4876806444534374
48730,0.9173255105742193
48731,2.4473512547376437
48732,2.6231989553753614
48733,2.1962945440107298
48734,1.3435751422265731
48735,2.402535715777592
48736,1.4823046769043664
48737,2.1946843524867496
48738,1.9634718369249562
48739,1.89320259128721
48740,1.0094608966184815
48741,2.857297083814732
48742,0.8211309282766344
48743,1.1534599178107818
48744,0.9241985597693976
48745,1.3540253772287123
48746,1.7090900759712362
48747,2.5199607470746095
48748,2.0184715927975994
48749,1.0865255225261912
48750,3.108370405348129
48751,1.2480294261490918
48752,2.048953566920833
48753,0.7464925326413585
48754,3.2149912322851755
48755,3.0095242809668186
48756,4.456472946279806
48757,4.729808875782172
48758,2.3827161357547517
48759,1.9592118627876438
48760,2.5443708318254927
48761,2.752352566027586
48762,1.190028353617297
48763,2.636713669722784
48764,3.1319119315470836
48765,1.4386752966890732
48766,1.5092195885644948
48767,2.8459092434823425
48768,0.7113612449084066
48769,2.795106504839371
48770,1.4362372244778534
48771,3.221133915138669
48772,2.49699732904293
48773,2.308007652519766
48774,2.4014931086336766
48775,2.207038027926874
48776,2.729337928088544
48777,0.5095863401623468
48778,0.8103437088693148
48779,1.1751637715364645
48780,1.5875461508719049
48781,2.2235419554467377
48782,2.0563837564483016
48783,1.7254859205806419
48784,1.305580113600886
48785,1.7243264027764305
48786,1.4371200503286765
48787,1.1620660294487415
48788,1.763695098312585
48789,1.9344699502416098
48790,1.8741955030625697
48791,2.286261586432378
48792,1.2463067559258185
48793,2.333420631359278
48794,1.413065135025736
48795,2.7063399222259967
48796,0.763240711112946
48797,1.0956018035252875
48798,3.0626177644106782
48799,3.5851391892929065
48800,1.8954506021964654
48801,1.4274029299481334
48802,2.5531963147202
48803,1.8909982866293298
48804,1.2720725892734954
48805,0.7862890560933842
48806,1.2527315946883029
48807,0.8477160905335985
48808,2.2206027543605877
48809,2.6322903725024425
48810,2.077562385878057
48811,2.3976709947388066
48812,3.2551190169859616
48813,4.9161034958962695
48814,1.8181705789701006
48815,3.1580590334134264
48816,1.590520659457983
48817,1.4977788120146762
48818,0.9406171497523736
48819,2.641478820180513
48820,1.48013497896574
48821,0.1688638548204473
48822,3.6532132905614425
48823,2.7199429559609634
48824,2.0533603795730535
48825,1.3165660992549455
48826,1.376299477783963
48827,1.3055366638161026
48828,2.988504284654258
48829,1.8263909415928516
48830,1.6181949076361413
48831,1.627684142318035
48832,2.4512426672438927
48833,0.6042228087194168
48834,2.694670622442718
48835,2.4572426883619336
48836,2.0803325422804484
48837,1.15836571727937
48838,0.7555763376558708
48839,0.9729636740394234
48840,2.191436612951211
48841,1.097607573508018
48842,1.5536227307008268
48843,2.33635874070416
48844,2.0857285861002346
48845,1.498002099955503
48846,2.3009835159417698
48847,1.8652250790479492
48848,2.43858954287845
48849,2.4639104390882984
48850,2.015001882149736
48851,-0.7566160477956565
48852,1.972213783578912
48853,1.7555022904255715
48854,1.0820246850859725
48855,2.842461910176471
48856,2.6990788450573895
48857,1.2241128075075984
48858,2.7520599196165314
48859,2.5414498409842885
48860,2.5431783898507696
48861,2.2225757127146757
48862,4.725728241927872
48863,1.4634352438348266
48864,2.516868161656536
48865,1.1404238317440196
48866,1.6325909658235993
48867,3.1879473498606536
48868,0.7907342832660653
48869,2.851672131652524
48870,1.7350709674447593
48871,1.902061345478419
48872,2.291451221076759
48873,1.5754270447236856
48874,1.5949072394712154
48875,1.6124534449552677
48876,2.575851313669947
48877,2.0226762289941895
48878,1.4795494473082762
48879,2.2365763410166473
48880,1.694737150726045
48881,1.5205103132607327
48882,1.7786820117609103
48883,0.9350856609864913
48884,1.5930928837343892
48885,1.5387988647532076
48886,2.8189312511024163
48887,2.459432078384399
48888,1.536998489235689
48889,1.3726806615689817
48890,3.3982363959853537
48891,1.0951625854572207
48892,0.6862341326456693
48893,2.4531371523363568
48894,3.654758065719623
48895,0.8711459040195884
48896,3.663295996763484
48897,1.0133487321118544
48898,1.4383937599259902
48899,1.3320819113159565
48900,1.4555317825351644
48901,1.4296699450102643
48902,1.536720791380791
48903,1.0581539578097114
48904,2.664226618126751
48905,3.8321666572568667
48906,2.6048620508090075
48907,4.819237398533009
48908,3.0593972250310095
48909,0.5267422787765987
48910,2.0313479325414825
48911,2.0451553270313276
48912,1.823607234223548
48913,1.8068290273997185
48914,2.0798436388062704
48915,2.068257676193131
48916,4.0274968153679005
48917,3.269147791535122
48918,1.7946772888556133
48919,2.609269774640101
48920,1.1405111812052446
48921,1.456374064318485
48922,1.383719952375774
48923,3.0807393112669423
48924,2.354141393239221
48925,1.575792915731828
48926,2.4129294620472628
48927,1.1040848828546679
48928,0.9537171909036637
48929,3.043903470927493
48930,1.5167582076280617
48931,0.9175231826997994
48932,2.175944961313693
48933,2.36305612485501
48934,4.4371778705114515
48935,1.8311985692097643
48936,2.4335456564538482
48937,3.304556125078907
48938,2.323985674359509
48939,1.6309208833021422
48940,2.213787097078953
48941,3.4316101879137513
48942,1.0891823009228325
48943,2.4700150099799636
48944,3.6381013045929116
48945,1.5658944944464714
48946,1.688899151368819
48947,1.9530715895279833
48948,1.6306038495075406
48949,1.4363248815500107
48950,1.0331664361933157
48951,1.758398267226486
48952,2.532825132180026
48953,1.639546418995696
48954,2.39164974765092
48955,2.1399791280138665
48956,4.971247684964684
48957,2.256842571812488
48958,2.0405809648744118
48959,1.7170547284186775
48960,1.4516115352216765
48961,1.0161276936613355
48962,1.3567814117790569
48963,1.365841488185314
48964,2.447404425448102
48965,1.6965360553929578
48966,3.576527573863533
48967,0.5925342052381133
48968,2.272132963364559
48969,2.6184147148800925
48970,1.8905165470167482
48971,1.3021111937744685
48972,0.918500430865496
48973,2.1332292688001395
48974,1.5165985511770295
48975,0.6266123785205231
48976,0.4312609228545945
48977,0.6698065018937491
48978,2.2960990858978825
48979,1.2536493316973782
48980,2.342324458353662
48981,1.6449943338642505
48982,2.2588331113291
48983,2.661245413034184
48984,3.2863083414896472
48985,2.7394691407803897
48986,2.278918866359536
48987,3.130446993864755
48988,2.9094361652070155
48989,1.9037558248348638
48990,1.8824534270846733
48991,1.3312364940262604
48992,1.061255257147085
48993,2.1621156545611804
48994,1.6354081585703604
48995,2.8850756511618307
48996,1.0809218224702626
48997,1.0096749978217794
48998,1.2972487099653485
48999,2.937870258286072
49000,2.4201753412328095
49001,2.4120945962486395
49002,1.9533450829261234
49003,1.163130641854341
49004,1.7907797823961324
49005,1.912082234172889
49006,2.2058566475119257
49007,1.962352680971751
49008,1.4760585315270625
49009,0.47168260046789
49010,4.320716711939102
49011,4.404991567958067
49012,2.052359422209836
49013,0.8723827021042929
49014,1.8287455982923042
49015,3.302991668930847
49016,1.4975056593343403
49017,3.5919301166690083
49018,1.8639967752465374
49019,3.4690653242272482
49020,1.167094888552274
49021,1.7887076866457114
49022,1.91627671500979
49023,1.6412019475180308
49024,1.643185657455863
49025,1.6536434622988203
49026,1.0639768615859744
49027,1.833737918598164
49028,2.455852915162499
49029,2.2053868942165913
49030,1.5645837625494643
49031,1.5648483045938129
49032,3.8666154666562456
49033,1.8004174338595114
49034,1.7788479979290663
49035,2.2089603342603006
49036,2.231510016468608
49037,3.077120877217343
49038,1.5037464280412145
49039,3.026996396750551
49040,3.727262027063464
49041,1.8650004710910402
49042,2.100534610075105
49043,1.6212403604504892
49044,2.5110036216153198
49045,1.9814496791256637
49046,1.9540075306060523
49047,2.5367454590547176
49048,1.9149210085392987
49049,2.133177328100661
49050,1.9138743843857675
49051,1.5681964873959124
49052,2.6469489957884242
49053,0.6365553411096734
49054,2.0677964227119823
49055,1.0572690360963897
49056,2.969454704002292
49057,2.000454612857343
49058,1.274285174868627
49059,1.800279990591779
49060,1.3913803747127567
49061,0.9394465603267328
49062,1.0050531868306258
49063,4.00871064000447
49064,0.6708585372433085
49065,3.2815859108163217
49066,1.0667401671584607
49067,1.5463986112240526
49068,2.893679242211565
49069,2.2785919334339475
49070,4.274792620049883
49071,1.8781535051220608
49072,1.9611074408499611
49073,1.9298723601886856
49074,1.648097281743052
49075,3.6824756152429394
49076,3.9080736685368755
49077,2.254955149920111
49078,3.077197243158029
49079,2.0884092189701313
49080,0.9819168782051158
49081,2.7673988217331136
49082,1.0262653596397548
49083,2.3186320078591542
49084,2.3007210021800155
49085,0.909525198155908
49086,1.6598382916842844
49087,2.2835558222711434
49088,1.3301422731131574
49089,1.965098548033783
49090,2.514413188566696
49091,2.167839770059661
49092,2.105118522328727
49093,2.659670758486161
49094,3.618529507084393
49095,1.8900439437919694
49096,1.5635603930419997
49097,1.970112281824445
49098,1.2277503301618289
49099,2.8107912201094827
49100,2.3575317376093814
49101,1.3857428932616678
49102,2.350866972746619
49103,3.893156264928482
49104,3.002627753226964
49105,3.2063332240065883
49106,3.0468871209807027
49107,0.9422953708955255
49108,1.1067255280931967
49109,2.8320851572570156
49110,3.5258181499557146
49111,4.259932827878291
49112,1.1764408591020903
49113,2.595953322867306
49114,1.0278274741137103
49115,1.8061371379207891
49116,0.6341904309283031
49117,2.032896853694897
49118,1.3097545948441116
49119,2.551345415319279
49120,2.9097522075686904
49121,1.6219006994883252
49122,1.1904455399582936
49123,2.6748113369746456
49124,1.0634055313508135
49125,1.2248751223033487
49126,2.1730985198942143
49127,4.167172711526209
49128,1.3220303388178003
49129,1.8496449059978808
49130,1.4203749163479706
49131,2.465746402181825
49132,2.6633629984556144
49133,2.399964561357141
49134,1.5857748605779172
49135,0.8080344799894625
49136,3.170519933268455
49137,0.8107287791943953
49138,2.141066424321881
49139,1.9230656662983883
49140,1.9110030252654475
49141,1.4928187317318908
49142,3.0092897444502604
49143,1.0904569909867554
49144,2.4260904819533415
49145,2.759937308211594
49146,1.6890934640654542
49147,1.0294732290722415
49148,2.806418607955127
49149,1.345767236587566
49150,1.2712805282563728
49151,0.9501769761558059
49152,1.3090223260325367
49153,2.0458416940597353
49154,2.3587838315409506
49155,3.238479406417273
49156,0.8066260899733244
49157,1.1232372749542812
49158,1.8067072120272805
49159,1.4414960810581796
49160,2.0464889097450545
49161,1.1356598678705758
49162,1.1800572984001327
49163,1.2418027581709374
49164,3.189308672036166
49165,2.486516212207963
49166,1.5683874061669236
49167,1.5443954061170793
49168,2.193790213486526
49169,1.079538708222234
49170,1.0521574204572666
49171,1.6341887544650469
49172,1.7833267671527757
49173,1.4216640042181474
49174,0.8722084375158978
49175,0.9254921810200791
49176,2.2649014807587413
49177,3.617878054896611
49178,1.731171010623516
49179,1.967863541185725
49180,1.715078175378384
49181,3.2512236215563384
49182,3.456826488539182
49183,1.8611415657051715
49184,1.8150255747804103
49185,1.3717136146024451
49186,1.20873780917319
49187,1.3949741357308518
49188,1.665588507558116
49189,3.102093805278887
49190,2.970791061707448
49191,3.5031894020638426
49192,1.6980890516247236
49193,1.7563458161192536
49194,2.2531250229125455
49195,1.7053738192342713
49196,1.6274034043092378
49197,1.0086218867558365
49198,1.9433707288030782
49199,2.309601905656283
49200,0.6679314457668717
49201,1.276425919546572
49202,3.0012287657660615
49203,2.092573771612539
49204,2.5307518580474984
49205,4.7631112110581775
49206,2.219662889021979
49207,4.58555565697262
49208,1.4603000013042085
49209,1.5327016678954557
49210,2.362729812787567
49211,2.8205363171927367
49212,4.50484829262837
49213,3.1269122479951967
49214,2.387894225682036
49215,1.8697165236655202
49216,2.452848482925564
49217,2.638148110544538
49218,3.213522253722207
49219,2.265687279919181
49220,1.234115553897059
49221,2.4018826238944975
49222,1.179374130549693
49223,3.609705083170045
49224,1.6527273783597742
49225,6.100535889178847
49226,1.2145557727099607
49227,2.095165286630081
49228,0.47490429004961143
49229,2.573865818561817
49230,1.4042613295133926
49231,1.9711961577860144
49232,2.848407890971149
49233,1.6944352138201317
49234,0.8672420493787776
49235,2.2808543649003106
49236,1.7941176367174627
49237,4.250585467111737
49238,4.973681502539936
49239,1.359330563467669
49240,1.4670761728100992
49241,1.6375487708548384
49242,1.0163445910371003
49243,3.755909628703396
49244,2.6785167501954597
49245,0.47699001232745175
49246,1.6583011572361706
49247,1.6622864609653085
49248,1.025042173603513
49249,1.7740231796354387
49250,1.5376472218196149
49251,2.3252173581225044
49252,2.0586534706125157
49253,1.5044877619564296
49254,1.8630363014492595
49255,1.4966859956042846
49256,2.0598022977333734
49257,4.3132615777740035
49258,1.9155648051350092
49259,1.666992748847182
49260,3.3073475299394524
49261,0.3850283999595412
49262,2.523318352771671
49263,3.148891585940479
49264,0.6957023674829976
49265,1.8125371538017454
49266,0.8427047835047894
49267,0.61919228905872
49268,0.6743871917855166
49269,1.7905272636228382
49270,2.7275806148342134
49271,1.8662842481690411
49272,3.372694107488261
49273,2.3970252717583698
49274,2.6420517152811023
49275,3.143030789182834
49276,0.7007192292878734
49277,0.8871850311840923
49278,1.8819878310419291
49279,3.207185937075284
49280,1.0304239081608877
49281,1.7975281507503418
49282,2.2414642068615116
49283,3.4958946387215555
49284,1.9591348074143333
49285,2.1282864445399845
49286,1.9663500507932419
49287,2.0125955170220244
49288,1.8441456603736732
49289,0.530092649461924
49290,2.1427504630744956
49291,1.420544709199337
49292,3.1938506887987366
49293,2.340809726546045
49294,2.9518651780530867
49295,1.1514924548838543
49296,2.5460739634100413
49297,2.2546243466158593
49298,2.782244606536697
49299,1.858395761603905
49300,2.396972397308449
49301,1.2336445859830043
49302,2.407740789036499
49303,1.2990471197370574
49304,1.5757194254349578
49305,3.1467849726866497
49306,2.7069263391698577
49307,2.1147804704451723
49308,2.4187325997383518
49309,2.1475479021098955
49310,2.476092188082763
49311,2.445114458222182
49312,1.074955434983
49313,3.0150809521093187
49314,0.6551571361056894
49315,1.6424310062355438
49316,3.4106259861208663
49317,1.991740336406739
49318,2.0024884034929507
49319,1.6665434643736639
49320,1.4528056625829926
49321,2.1868505389980477
49322,2.0405834607664737
49323,2.314098010512428
49324,1.7306005723638158
49325,1.6624371582548783
49326,2.6940661188909623
49327,2.9173965832960143
49328,1.2304726927949936
49329,2.9722286036301035
49330,2.040818883118593
49331,1.4282803780976145
49332,2.71600431866921
49333,2.7768523769297566
49334,2.8734787653935747
49335,2.0191924710000286
49336,3.0842395537189624
49337,2.138670336718466
49338,2.8102549303019977
49339,0.8137615835710825
49340,2.252724446711685
49341,1.9085340309110315
49342,1.743721202531308
49343,1.3156974735157725
49344,3.13697806771464
49345,2.1184905485006063
49346,3.625457315103919
49347,2.5510403743221026
49348,2.0838928154303495
49349,2.4520051124221176
49350,2.1332760962099577
49351,1.627843516486454
49352,2.6086328882819068
49353,3.739857816665225
49354,1.56877762414263
49355,1.3680450468101846
49356,2.1598676115125706
49357,1.3867805806240803
49358,1.8241768049134386
49359,0.8793246391712337
49360,2.344186605155503
49361,2.1854394013240928
49362,2.576409604157366
49363,1.4309854907714374
49364,0.8088549702563945
49365,1.550272629912488
49366,3.2366982113533176
49367,6.838409983798162
49368,3.477127049803588
49369,1.6198591777907474
49370,1.899996644486837
49371,4.6856859743952874
49372,2.736378425940618
49373,3.491401519776705
49374,2.8689767155316055
49375,3.540792222522672
49376,5.417748681987124
49377,3.1117073373862674
49378,1.5528013069838416
49379,1.8240920861374015
49380,3.1124578568651238
49381,1.6991218546891993
49382,1.1853794348996338
49383,2.5104681110583194
49384,2.528382565697118
49385,4.681882267212703
49386,3.0591485152081397
49387,1.9288064804801799
49388,1.4091060912853415
49389,1.7122040764570876
49390,2.0984653176409473
49391,1.3320075805988587
49392,2.3166259803198734
49393,0.758784698533308
49394,1.5177943201723174
49395,0.7022581089580662
49396,3.221240111944642
49397,1.6240302198216376
49398,1.8233384068899205
49399,2.8685256189693042
49400,1.9795727050654683
49401,0.7879025487320668
49402,2.701574863599067
49403,1.9712904137834677
49404,0.7098388341670478
49405,0.6966066769801991
49406,1.8939409877804145
49407,0.7391339620166981
49408,2.3168838157564586
49409,1.7976130480913675
49410,2.575287613937892
49411,2.366380562521446
49412,2.359401360264517
49413,1.6894072266968898
49414,2.062524178225079
49415,2.9402394713312425
49416,4.4670494314243605
49417,0.8316940270468685
49418,2.210886046898654
49419,2.866122179633013
49420,1.091106174777881
49421,0.7026873680457619
49422,2.259550316676556
49423,2.7479121094513097
49424,2.614124499599516
49425,1.8350762533575313
49426,2.766219491604293
49427,2.3963444109223566
49428,1.703777105820425
49429,1.5747111314448752
49430,2.626331677236383
49431,1.952765279299289
49432,2.087074051691989
49433,1.2356172024221372
49434,1.812323582173324
49435,4.699445630918351
49436,1.60726730772922
49437,2.6691177410471347
49438,1.4547172646591413
49439,1.6363267603649696
49440,0.8002671389967624
49441,1.7655096750453403
49442,3.2197179508026785
49443,2.3093002382954673
49444,1.458118760761156
49445,0.6810903171456495
49446,4.605041089807461
49447,2.3044685225470154
49448,1.9294504408347315
49449,1.8867203971406958
49450,3.471686612561829
49451,2.386057818003909
49452,2.4953975453645434
49453,3.482642238502198
49454,3.1026750940982346
49455,1.8777821059953546
49456,4.502897445181848
49457,2.6966955007073103
49458,0.8037744067521864
49459,1.026229959351955
49460,0.9283507815225427
49461,1.834572184505678
49462,1.3039231698015818
49463,2.155093888263341
49464,1.550851221478613
49465,0.8745146972506781
49466,4.3307866444479295
49467,1.1333647354304084
49468,1.5549752598092574
49469,0.5149529273776103
49470,2.1124487840875794
49471,1.1231559094881938
49472,2.015742451446844
49473,1.1769474164566454
49474,4.469735954402839
49475,2.2039306472465263
49476,1.5218802910234253
49477,1.451644849707609
49478,1.9884817195321922
49479,2.924830818419853
49480,0.906876042897526
49481,2.071847536348148
49482,3.7807073993981
49483,2.042079854261633
49484,2.295741756488244
49485,1.8999288615512206
49486,2.1854958551673214
49487,2.008563822597157
49488,2.2461668953132268
49489,1.6120995858746205
49490,1.2771687591256615
49491,0.7383661763272649
49492,2.7600459372966704
49493,0.8729730279133356
49494,1.4743488618974574
49495,2.419609312444468
49496,1.8197600413402348
49497,2.2751237271371316
49498,2.4589101042006725
49499,2.806686450439887
49500,1.5342089737751259
49501,0.9224930935472209
49502,2.208020647678328
49503,3.1118503973837655
49504,2.173035873164995
49505,1.192784388676106
49506,1.371251695667869
49507,1.3931280170262461
49508,3.0094994804997306
49509,1.2545714975503905
49510,1.9725475626780202
49511,1.069028728330327
49512,2.4354401521389697
49513,1.8667154957717322
49514,2.3762254059122974
49515,2.620107606942728
49516,1.346965852662553
49517,2.046777362047326
49518,1.3493842272351664
49519,2.2588644328234047
49520,0.9398706663296572
49521,1.2046025262514526
49522,1.3090246204614608
49523,4.257291372347314
49524,1.7257041444868015
49525,4.605024640327944
49526,1.3543247768215316
49527,1.6733544009700303
49528,4.692712219589399
49529,1.9121317239317115
49530,2.3535357061926483
49531,1.431290100294266
49532,1.310960712733678
49533,1.6767288450959263
49534,1.3600304442177595
49535,1.203362284328552
49536,0.8544789635423946
49537,3.1513582537999447
49538,2.179413950424877
49539,0.7848646513751056
49540,1.6571772275188188
49541,1.7995554353364902
49542,0.9495488077710554
49543,1.2216703678091712
49544,3.7035414266501654
49545,2.1836138769371054
49546,0.8283898759210793
49547,0.7789511975571806
49548,2.268553672340179
49549,1.3776170390607128
49550,0.9978446134007051
49551,1.7009712956767409
49552,1.682733701952575
49553,2.4355393924185798
49554,1.6081372817994612
49555,0.9013065753536758
49556,3.7599072113668264
49557,2.032386382497979
49558,0.8180719348401944
49559,2.8128045005932485
49560,2.627181765931997
49561,3.497246264216816
49562,2.3574831885664516
49563,2.750481308662163
49564,4.433232186558062
49565,1.683576425658405
49566,1.8297490594193597
49567,4.426426428377969
49568,1.547318455673011
49569,3.4080469459141263
49570,0.9652009840260725
49571,3.2716265529174997
49572,0.8982063010925465
49573,1.4954440801067257
49574,2.2778724646452453
49575,1.3031422598206497
49576,1.476084133735501
49577,1.6849708211094914
49578,2.6545060686898445
49579,2.684851682836925
49580,0.9754685013618349
49581,4.45580841035218
49582,0.7520337701264772
49583,2.5640630689448507
49584,2.404903503442174
49585,1.6668090879380522
49586,3.061255012943608
49587,1.545341926318745
49588,1.9789282647458357
49589,1.5477707160901168
49590,4.478616484090939
49591,1.479266350578289
49592,3.130754518960746
49593,2.1351146058059705
49594,0.8029194290239623
49595,1.0639295306958054
49596,2.3383973494767396
49597,2.5161456510464326
49598,3.270234326652375
49599,1.0566585071152055
49600,3.0182915686647256
49601,1.2638558108184021
49602,1.7294421154108797
49603,2.189273125696449
49604,1.8837745037645313
49605,2.509236543775163
49606,1.0211797519608048
49607,1.6251769795644897
49608,5.443796727399789
49609,1.4390027493232118
49610,1.1517372590567483
49611,2.6740280158444456
49612,1.4108999095996104
49613,2.018254241142845
49614,1.1205451931949177
49615,1.943426812253339
49616,2.60028713936396
49617,1.2533501922564803
49618,0.3588107163488594
49619,2.2061740862853902
49620,1.58192928970033
49621,5.061380470607109
49622,2.700980999289218
49623,2.0730967742611917
49624,2.5724451794515666
49625,1.1741578297706532
49626,2.2739874461657372
49627,2.5589697085509933
49628,2.2478945608717176
49629,2.141151618486081
49630,2.3285818575643056
49631,2.2398973819028107
49632,1.9614770584573797
49633,2.5061910961186165
49634,2.165291880271301
49635,3.437902749103845
49636,2.9743150629371122
49637,0.8071675455779577
49638,0.9869573461916481
49639,4.384805970535101
49640,4.051526183185448
49641,1.548245381936571
49642,1.416239736483977
49643,1.087862172489114
49644,1.1722298477042479
49645,1.5852869268053418
49646,1.208776609578596
49647,1.6677897896458695
49648,0.9649341088380972
49649,3.2873755068413324
49650,0.1297893205576237
49651,3.107166701620688
49652,1.1549083732583973
49653,0.8767692290866229
49654,0.965488281999459
49655,2.095856088734397
49656,2.2542961061050484
49657,2.469351023268306
49658,1.6883201957559812
49659,1.4891062558284922
49660,1.9819502107146185
49661,1.0424592032335092
49662,1.578440809617181
49663,3.5213709348854003
49664,1.0935977926776594
49665,1.7176177436128945
49666,3.728239060210573
49667,1.3790199054257677
49668,2.123314087919969
49669,2.7340793715665406
49670,2.1679766083105143
49671,1.524239150479378
49672,3.3205861579533043
49673,2.228243979989717
49674,3.2150318488338634
49675,1.7521710641729875
49676,2.814098539043247
49677,1.1796134048526632
49678,1.3601090749691345
49679,2.656371463011201
49680,0.8869817520179346
49681,1.3478589791956814
49682,2.5297447951728635
49683,2.899610439266187
49684,0.8109300920004934
49685,1.764548763183658
49686,1.3851115384009383
49687,2.701183453333787
49688,1.089503786607768
49689,3.231070676413456
49690,1.737311170213676
49691,1.531425959629619
49692,0.7985357381462883
49693,0.6534837150368311
49694,1.797901637589863
49695,0.7840376735044607
49696,0.7242500196748729
49697,2.6263111216402173
49698,0.8163441776030176
49699,1.2795285320424377
49700,2.531017369263825
49701,0.7521041830794992
49702,2.1776172260974
49703,1.939694417729303
49704,0.7275783914201135
49705,2.1630224253271173
49706,1.4521184797913556
49707,3.3490673475725465
49708,2.3704431729376303
49709,0.9403898972753417
49710,1.2230479877127358
49711,1.6874250555163606
49712,4.419962682237102
49713,2.092003670821928
49714,1.3744270001612087
49715,2.6380393242466518
49716,3.1722139140724757
49717,2.3009420697029306
49718,2.130041378351212
49719,1.2995269118023067
49720,2.0061489726854553
49721,1.5924888768968124
49722,2.1367231607498844
49723,1.36636187014685
49724,0.8952228284349424
49725,2.9837627950277046
49726,1.129605319102783
49727,0.009796597031499488
49728,0.7780653275117722
49729,4.875589639880449
49730,1.100674903556314
49731,4.244531059172974
49732,2.0060973913621787
49733,2.589859677533216
49734,0.9784168401626836
49735,1.1163100156754844
49736,0.8863087803064253
49737,2.417439412145942
49738,1.5767618559530696
49739,1.7953239274066028
49740,2.284419373944079
49741,2.089587581588095
49742,2.467653865083296
49743,2.636298227040019
49744,2.264209992743293
49745,1.2880121118196008
49746,2.338468180918259
49747,0.8877149163295748
49748,0.9591974902101903
49749,1.690373054741773
49750,1.1651131801882038
49751,2.309863696938212
49752,1.4563323728963589
49753,2.924676141982591
49754,2.5275356455117084
49755,1.2168354017335652
49756,2.258013564496995
49757,3.725264391650061
49758,0.760913481407389
49759,1.7757495603284248
49760,1.5377473701696012
49761,1.4110961331136629
49762,1.810501871161879
49763,2.161785891241582
49764,1.6438059980240816
49765,1.3886993052833283
49766,1.0045915654251338
49767,1.587241020257725
49768,3.995120973982356
49769,2.152096507637939
49770,4.172795662578441
49771,2.167999811820298
49772,2.8209539701844086
49773,0.8406772263914384
49774,2.21835450621143
49775,5.285138072383237
49776,0.5294158797738966
49777,3.1407524245407537
49778,2.3382578133995118
49779,3.0533979965396476
49780,1.7568907892357721
49781,1.0471826698652684
49782,3.30303074167907
49783,2.460762156199227
49784,2.830127131965842
49785,2.592746162194377
49786,1.3926482330752812
49787,1.3898661318592112
49788,3.233664826357032
49789,3.2382371329029844
49790,3.560433538728976
49791,4.21308572283829
49792,2.1367687118161633
49793,4.4836111932474445
49794,1.3860400336625993
49795,5.058069089726136
49796,1.7190093344840172
49797,2.4101266158328123
49798,1.6785500250925942
49799,2.4263621743505475
49800,2.6082039388329328
49801,2.196700034853084
49802,1.3461741579695605
49803,1.7095007879430035
49804,3.8477189548983723
49805,1.5737286310833305
49806,2.44659708143465
49807,2.7944525867653205
49808,2.656229612811334
49809,4.730956812610831
49810,0.25232907859703246
49811,1.3519175310514733
49812,4.422170539086924
49813,2.942961934542982
49814,2.1870005536020507
49815,0.8435664921498791
49816,0.27443766773545875
49817,3.531281674220171
49818,3.396748110267655
49819,2.335786259173407
49820,3.18008177841509
49821,4.4341989810743065
49822,1.444361042505836
49823,3.1980822445276864
49824,1.8057894627968984
49825,3.2613404973554943
49826,0.21454748531010992
49827,2.3429692021384803
49828,2.325389122252151
49829,1.0434288036397596
49830,1.3380660886805948
49831,1.771649710622146
49832,4.131913100875412
49833,1.3202823122526333
49834,0.9203314453894542
49835,2.8843910165057913
49836,0.995796128754538
49837,2.1895183417942157
49838,1.0069603710424992
49839,2.649339491034116
49840,2.2873799458538464
49841,2.1037122982636483
49842,1.6986279094216208
49843,1.1223871952998117
49844,1.5534711641590526
49845,1.0965937380612054
49846,2.8244293457814855
49847,1.357400758330531
49848,1.8334350883101003
49849,3.5274166726449074
49850,1.7494998876251522
49851,2.7296554602411653
49852,2.189060936358917
49853,2.0174849953093776
49854,2.0432048205864426
49855,1.586072600619591
49856,1.8538219127891615
49857,0.5422063745776207
49858,2.340546420240404
49859,1.4479626721491492
49860,1.4277349367428407
49861,3.3062484212970027
49862,2.5860210660245606
49863,1.3104070721323673
49864,3.0126857828855442
49865,1.1762203949294623
49866,2.6527923348564038
49867,4.9299495707654195
49868,2.949128239483887
49869,2.532454632866777
49870,3.35357398886595
49871,1.1910235688853028
49872,1.8072605348045023
49873,1.5985365668451017
49874,0.645780596182707
49875,0.21708849308619804
49876,2.262524977436758
49877,1.7292117280289894
49878,1.920509793447966
49879,1.0310145379203313
49880,1.5079734151946163
49881,1.4970460558690242
49882,2.352601950861615
49883,1.4164714121550368
49884,3.546950104949733
49885,1.3187180446425266
49886,1.4392319505925038
49887,2.625941940411341
49888,2.35152339707577
49889,1.6582678891161926
49890,1.2359253458299158
49891,3.9899053109280693
49892,2.347141549846558
49893,1.9350525122693831
49894,2.3459183765854483
49895,2.554375521352231
49896,2.133630791951763
49897,2.954636787390289
49898,1.9530139991915156
49899,0.8858404621788658
49900,2.207732923710271
49901,7.3942709476812105
49902,2.145361933128445
49903,2.478882014806292
49904,2.806196092264802
49905,2.6885451315524485
49906,0.7895789879079338
49907,3.146960142257857
49908,2.001149323992056
49909,1.6170710917286648
49910,1.172517971300497
49911,2.877939897295594
49912,1.946136200132063
49913,2.6822424350814664
49914,2.295164974642095
49915,3.02799918649902
49916,1.4580323485022895
49917,1.625015591284214
49918,0.7205509253316258
49919,1.9837661473845323
49920,1.4744173135011387
49921,3.020482078093469
49922,0.9346916385877968
49923,1.7710850422180364
49924,2.5989157893173775
49925,2.3142880075551524
49926,1.6430656725424946
49927,2.329371980883028
49928,1.2433012243635666
49929,1.5369980199344901
49930,3.243523832578834
49931,2.2861936485609
49932,0.34462960096130146
49933,2.7353277797921614
49934,1.9861797539737474
49935,2.8349193262850214
49936,4.133635586334552
49937,1.615649905385272
49938,1.8792561748992433
49939,1.159894040053846
49940,1.399820518393856
49941,1.3765516956202966
49942,1.616384289082223
49943,1.8666374839667164
49944,1.7101072214248667
49945,2.661989746973635
49946,2.238134996397452
49947,1.9491296615149345
49948,1.9613599484790463
49949,2.305946612208576
49950,1.9787195829405313
49951,1.7364807045133297
49952,1.3835830461057448
49953,0.7106316566218176
49954,3.451003770780236
49955,1.7235064342593525
49956,4.102461147629757
49957,1.9040534388615846
49958,0.23762001284703516
49959,2.3683905833597727
49960,1.129178888678613
49961,1.034656901358236
49962,2.7905867616135573
49963,1.483290803409293
49964,2.059688007653424
49965,1.5758698326318985
49966,1.7295505296989155
49967,0.9863360697105783
49968,0.619612830722847
49969,3.504574358068542
49970,2.850754052405893
49971,0.9897496190859307
49972,0.8294528319183634
49973,1.985618289459584
49974,3.677706744008905
49975,2.243803821134012
49976,2.296191123825057
49977,0.8313476732786604
49978,1.5697718731034378
49979,3.183823860897693
49980,1.3188756533979848
49981,0.8550133311412687
49982,1.9004082673596407
49983,2.2817485523959
49984,1.515539551265622
49985,0.7277727277370651
49986,6.164042539248957
49987,2.247980651982946
49988,1.8927801643219233
49989,2.6014382762469417
49990,2.2213893091445733
49991,1.3239864127771206
49992,1.65914963605454
49993,2.000190737790465
49994,2.889258948927253
49995,2.673772472380424
49996,1.4558646434264269
49997,2.8268623432193216
49998,2.0914516081526564
49999,2.814637589904212
50000,2.3615436326766748
50001,2.4511944510034347
50002,4.232959676181057
50003,3.4163443184545805
50004,2.975587555409536
50005,1.7332456331995196
50006,2.1913031210781675
50007,2.7745442636852466
50008,5.235959849529483
50009,2.2089659163366697
50010,1.2858438426183518
50011,3.109484256661805
50012,0.7577511578575162
50013,1.994291262115528
50014,1.6477341443517197
50015,2.215278001756534
50016,2.2063345968586
50017,1.6406956494389853
50018,1.44633478418422
50019,1.0062683175789608
50020,0.6608644517965594
50021,2.5777784932246313
50022,1.153080248599597
50023,1.6279675865302217
50024,5.017079567765396
50025,1.8369486298141489
50026,1.1847685634093956
50027,1.164859914269332
50028,2.432779043367166
50029,2.061082915854275
50030,1.6611473597492399
50031,0.8069176469383628
50032,3.8084524764842094
50033,1.7563814725949705
50034,2.6122076347018357
50035,5.436938781598318
50036,0.9558690972389776
50037,1.1027299308087812
50038,1.5858770154285402
50039,2.0120746100589635
50040,0.6576244287061037
50041,2.493202491347976
50042,1.7998209975901354
50043,2.757453017813564
50044,0.6203252897545788
50045,1.4895125259194835
50046,1.9585542080897973
50047,1.1011446074566358
50048,1.8643856492481383
50049,2.0793095220172724
50050,1.1126441435560857
50051,2.332821728471007
50052,1.3312165894910812
50053,1.1082425934779145
50054,2.312058938615369
50055,2.0496614473513297
50056,2.286479502712414
50057,1.320030751047799
50058,0.44877529156974916
50059,0.8745978953934106
50060,1.769972324752164
50061,1.3876530826831335
50062,2.1900139311460585
50063,1.2245203698410343
50064,2.82119357907769
50065,2.262014658986491
50066,1.8563187745320455
50067,3.096905812694761
50068,2.008018774190109
50069,1.610315511331212
50070,2.1488227438066225
50071,2.5303937708231707
50072,3.260315207506384
50073,2.193546912361146
50074,1.6931161429330963
50075,2.602182286548132
50076,0.49637946612020656
50077,1.534024608973258
50078,2.1150283349033465
50079,0.8792034512284523
50080,1.486470907129135
50081,4.1052044296941155
50082,2.0740649165688474
50083,0.8841973651180872
50084,2.599411739235027
50085,0.9758415896899386
50086,1.9749728237000035
50087,1.2213727672269705
50088,0.8146512523150342
50089,1.875344395878873
50090,2.2152052394652095
50091,3.7713501270049825
50092,2.676223871058003
50093,1.6095219877742615
50094,1.0584492015893865
50095,1.4430812716778725
50096,1.1399344606700517
50097,1.2024377703122902
50098,3.0029045817336204
50099,0.8416136696461685
50100,1.4425073284156191
50101,2.7499016877057763
50102,0.8401215188572486
50103,3.408120894806249
50104,1.8261015856820997
50105,0.7549694433221852
50106,1.7760496555878582
50107,1.5949264253230275
50108,1.0997197761857684
50109,2.2638451733722356
50110,2.0818431824005366
50111,2.3207760335402163
50112,1.810965020827755
50113,2.5941074899338936
50114,-0.495561261249005
50115,1.2677173654236107
50116,1.1028571365619406
50117,1.1180002393622068
50118,0.8449750744359257
50119,3.284650748414382
50120,2.2631996038533124
50121,1.3814892303894375
50122,2.0901167737562822
50123,1.0844184183769734
50124,0.16792767840512468
50125,2.7784022219645443
50126,3.2346993858722364
50127,2.064365922514501
50128,2.0494574062108804
50129,1.758365126275013
50130,3.758174589563229
50131,1.7925173380195965
50132,1.236128158524739
50133,0.9910797876121116
50134,1.1112177294953973
50135,2.3882694466683496
50136,1.1205473573478777
50137,2.8562656388197105
50138,0.5746314826272716
50139,1.3596775154813123
50140,2.9081815948437146
50141,3.638565309762928
50142,1.6008117780755846
50143,4.288714029183669
50144,2.315096164176939
50145,1.949553892949897
50146,2.710967972420381
50147,2.822225022581282
50148,1.277671384753095
50149,1.3588379143709268
50150,2.288971585065841
50151,3.2856882175809154
50152,0.9487152434175279
50153,2.2885262960786044
50154,1.9210417086584677
50155,2.2861791766841897
50156,1.712322432809973
50157,0.44307416680976885
50158,2.716211724397315
50159,1.2017995962111208
50160,3.626774140631344
50161,0.8617042160389623
50162,1.4066112691806758
50163,1.0907423414716995
50164,1.6372964040322735
50165,2.637680544378842
50166,0.7530735354259015
50167,1.5301467127322503
50168,1.7777051789144913
50169,1.1454485219939592
50170,1.450040916998379
50171,2.3546282526091353
50172,1.140978843772107
50173,0.8013800890167637
50174,1.9158779771353558
50175,1.1121220235933755
50176,2.7715573514569805
50177,3.110557859198625
50178,1.127249313525315
50179,1.7044578276455447
50180,1.7271455287657353
50181,1.3252310676522292
50182,2.799087681110823
50183,1.7490829678827176
50184,2.062900011311431
50185,1.8310102414828329
50186,1.0262616300979381
50187,2.2932777110844746
50188,1.05236044305315
50189,1.723982334443125
50190,1.7512154375521085
50191,0.968304023689516
50192,2.9297024849375113
50193,2.067316229883236
50194,1.6962477055033283
50195,1.2413734339215559
50196,1.2155208864139162
50197,1.8149621329893968
50198,1.282240152943789
50199,1.797295995223923
50200,2.468975449378039
50201,2.894810136247518
50202,3.110077404367704
50203,1.9698698281639828
50204,0.7042068485827748
50205,0.4572831031415525
50206,1.428363655246205
50207,2.7471604404094343
50208,2.4656535862816646
50209,2.3145821217239053
50210,3.6421002861858973
50211,2.4717969232611416
50212,1.5145109961898164
50213,3.5904075230219554
50214,1.8761380429658665
50215,2.986292838950366
50216,1.4273280957015437
50217,0.9117285668486979
50218,1.4891940813874704
50219,1.4733840491692298
50220,0.9375092675661598
50221,1.1675230299485726
50222,2.580766098029745
50223,2.063837710657939
50224,0.6972271187961248
50225,3.0784486090575207
50226,3.39249769342641
50227,1.5663416184673373
50228,1.6495559448813744
50229,0.7329627009717719
50230,1.925692250711709
50231,2.1070913405606895
50232,1.6924048229975064
50233,3.9143925212262367
50234,2.687272763470137
50235,0.9019602051458016
50236,1.251696811775961
50237,1.7794300071093723
50238,2.531133690762065
50239,4.45720924143291
50240,3.3302036938291657
50241,1.145714421574585
50242,2.2663269846256675
50243,1.4057738413064875
50244,2.098944760985436
50245,1.9687140294167058
50246,1.5506996045319887
50247,2.281706380128103
50248,1.9645508676887893
50249,1.9859291576030138
50250,2.185368329715775
50251,1.345040808580766
50252,1.1139161077141502
50253,2.253762448614115
50254,1.7553890712096099
50255,3.7376891942261956
50256,2.1905384016766085
50257,1.659098267464035
50258,1.110160121348347
50259,3.2966800233207927
50260,2.39186277435309
50261,2.861359177929959
50262,3.032529962949983
50263,2.129806371691931
50264,1.7229623157782932
50265,2.560934895066456
50266,3.469778004845754
50267,0.5883166484800917
50268,2.6307579049141943
50269,3.068165944694787
50270,1.437121488764209
50271,2.364326150976442
50272,1.492207309658344
50273,2.874268927847485
50274,2.0730754733386654
50275,0.7235306660417571
50276,2.500327530865807
50277,2.1988178571462846
50278,1.7008647373534167
50279,1.817176700558722
50280,2.435473661074699
50281,2.010843391720673
50282,1.6596207963331473
50283,0.9633510735971562
50284,0.8037414452923066
50285,0.8881521131533567
50286,2.885312468827042
50287,1.8045330620415179
50288,1.1131254967014321
50289,4.540246842843747
50290,1.3655839900615412
50291,1.8992482581215349
50292,2.041273450550367
50293,2.396156902525181
50294,3.4735925517805732
50295,0.9811002114375107
50296,2.6410944367073945
50297,3.8008392777780706
50298,2.346150442816967
50299,0.7340793426951429
50300,1.228799003960095
50301,4.063133077036813
50302,3.845316442026107
50303,2.6894238874049883
50304,3.2020789118553843
50305,1.9257694711041644
50306,3.2876220377470737
50307,2.539232036152871
50308,2.00707595028695
50309,1.1843630544742076
50310,1.0550152022812576
50311,3.7604636643653215
50312,2.4220327199092004
50313,0.9376881911500767
50314,3.1790128740856325
50315,2.598161049733111
50316,1.3047873116732127
50317,2.1389265301880904
50318,2.2557557258965666
50319,2.768052919506946
50320,4.435913566207265
50321,3.7564821475837427
50322,1.4409152280603656
50323,1.3100720145387506
50324,2.674664059371029
50325,2.1184285917575245
50326,2.9299182897727327
50327,1.9144020018589494
50328,1.0497182443598696
50329,1.8511418703385552
50330,1.1042817100546678
50331,1.1853948504388292
50332,3.4785738526148045
50333,4.801802676405035
50334,2.6132887314344977
50335,1.7170661288501101
50336,2.6730909303096873
50337,1.140147832434085
50338,2.8455083515362425
50339,2.5406239239704327
50340,4.011708448793517
50341,1.3029591803795633
50342,3.1551758350675847
50343,0.960150426041853
50344,2.0009888369077693
50345,2.03024065356772
50346,2.9547176594213944
50347,1.9657562733336853
50348,2.0116620762326853
50349,1.1352612803968363
50350,0.8615646719575842
50351,3.8261430289007627
50352,2.5321272752025585
50353,1.19608849320824
50354,2.2622969294790813
50355,0.7249561922842283
50356,2.167071277572621
50357,2.5254916442576736
50358,0.8660989351236346
50359,2.2934652874934933
50360,1.3164358524779267
50361,0.8148731943677525
50362,0.8497795768000778
50363,1.9847916263889296
50364,0.7784129480596143
50365,1.5710667437405768
50366,1.7907670390211514
50367,0.8866426932459639
50368,2.8404150233860186
50369,1.0394687760029093
50370,1.0263924277508956
50371,1.3513891576846113
50372,1.8311022028926836
50373,1.3469366764938435
50374,1.4388129774900769
50375,2.0246808386373267
50376,3.9239062327826026
50377,1.9500223989629752
50378,2.380719080658853
50379,0.7588213921857836
50380,1.9360912043933958
50381,0.8867819305002378
50382,1.219052900733832
50383,2.6919036980685327
50384,2.262284213913464
50385,0.5990978664806939
50386,2.55392944254746
50387,1.3789650331877148
50388,1.7630247523209484
50389,0.8831720122151729
50390,2.093580538928169
50391,0.7907870101996686
50392,2.1313470506971193
50393,2.061922425150218
50394,2.999088178815331
50395,2.8523159746696116
50396,1.0120983078093992
50397,2.18012127929666
50398,1.3561946240536749
50399,1.3070222400304239
50400,1.5101392296305711
50401,1.9360334267631778
50402,1.7516783731655359
50403,1.2394117336390345
50404,0.5838373386205156
50405,1.6771959540473667
50406,1.5577723348710073
50407,3.230840159643922
50408,2.3595720281533694
50409,2.280360136838315
50410,2.6191518710398363
50411,1.928767613229585
50412,2.8375759077102067
50413,3.1066484610811678
50414,1.4398761449714677
50415,1.8731846437162325
50416,2.004055844655543
50417,1.498145357262704
50418,2.213100119015511
50419,1.3424875581947084
50420,0.7739892387544707
50421,1.5399556528016412
50422,2.019859564146234
50423,3.988716988291916
50424,2.3306113037195395
50425,2.633637091594469
50426,1.4913113684836539
50427,0.6143205697087843
50428,1.752173436234873
50429,2.497510600319007
50430,0.9661408525578032
50431,0.7567643465514813
50432,1.543365867198137
50433,2.938205912917713
50434,0.7970510585269359
50435,1.9398452820736658
50436,3.0391300743358762
50437,1.1935341427874882
50438,0.9269062928192433
50439,4.387239134404471
50440,1.775958447245376
50441,2.102602977613575
50442,1.8487089300861363
50443,1.6084197077838134
50444,1.0212196305594468
50445,4.511408049125098
50446,1.1446356276227938
50447,1.4491483644383187
50448,1.6659489176542372
50449,1.42836352733514
50450,2.551251479975324
50451,3.0381084386923227
50452,1.648449158182789
50453,1.0457121275574686
50454,1.9413895448124698
50455,2.5252882584213303
50456,3.5005490940003803
50457,3.5599708372400904
50458,2.4462847337773646
50459,2.040200246096763
50460,2.4173827264949104
50461,2.25931211426904
50462,1.0764052131126256
50463,2.1990477371480814
50464,2.265828743762942
50465,1.1697404607433022
50466,1.6473154378148571
50467,1.1568907471323406
50468,2.302808861451073
50469,2.9283301350772923
50470,1.7707216634192982
50471,1.6401271574508236
50472,2.0502396971556074
50473,2.2013159177273316
50474,2.747729747611519
50475,1.8333527699121852
50476,1.8565121628900307
50477,1.104383244144632
50478,2.6299823699065747
50479,1.4711984496368622
50480,2.6503793756216147
50481,2.395219156664897
50482,3.0240165092713234
50483,1.3646637596698419
50484,1.7956430520234825
50485,1.6148556943447865
50486,1.4189123502405643
50487,0.9463690100405735
50488,2.7993773386142813
50489,1.6805895035875018
50490,3.4623365987844785
50491,2.579571378939935
50492,3.9548600209895746
50493,1.9551335301758606
50494,-0.06678033336610767
50495,1.4462860506641029
50496,2.270250023893343
50497,1.5693086530360496
50498,1.8994067095708864
50499,1.4427706720100026
50500,2.398269256154098
50501,2.532620206128829
50502,1.1625108790192975
50503,1.7372589312384896
50504,3.536300594440096
50505,2.9486772845408815
50506,1.8435313135749745
50507,1.1207698705102054
50508,3.465409403629625
50509,1.0804167678287264
50510,1.2912188905863538
50511,2.6804503939702933
50512,2.551578702654812
50513,2.3843995671037455
50514,1.140563796007303
50515,2.5199951070155784
50516,1.2012911233681685
50517,3.0080415138110688
50518,2.1120464670118544
50519,1.4867108045135673
50520,2.6059751792063572
50521,0.6340647597891724
50522,3.3995110387730882
50523,1.451966031242538
50524,2.480225573858835
50525,1.3697618297534895
50526,3.475073230349441
50527,1.7166593331972742
50528,1.490736779153739
50529,1.5115290288462155
50530,3.2239426579030273
50531,1.2256997966646317
50532,2.5112924127867338
50533,2.820697329482048
50534,3.4255893732920732
50535,2.994339828629652
50536,2.1834092850195965
50537,2.5359532044734614
50538,2.1615655640366533
50539,3.064191832398027
50540,2.1925722577849207
50541,1.2527552374179756
50542,1.6988984656043193
50543,0.9159801988990672
50544,1.8142313523680151
50545,1.4502996730029487
50546,1.857221433823586
50547,1.7490743785813585
50548,3.997377202807403
50549,2.8381639736913122
50550,2.3591795320064968
50551,2.464313648017484
50552,1.3402097156910635
50553,1.773775016013193
50554,1.077648783301587
50555,2.06359466252076
50556,2.4086263013412896
50557,3.263689194860863
50558,1.2738194320757863
50559,6.066988276632518
50560,2.982213292916814
50561,0.9085340414974361
50562,3.187664211151631
50563,1.3441832130346434
50564,1.7222759259765077
50565,2.6479986471954966
50566,2.2800821437271033
50567,1.0676336108240925
50568,2.354889287083413
50569,2.898630883392176
50570,2.497038892690316
50571,3.386627000695686
50572,1.6597197503943484
50573,1.7438058775226501
50574,2.7129000122091647
50575,2.7099378858707475
50576,2.536217877934636
50577,1.4891887883256665
50578,1.9882038876584467
50579,3.118902594250077
50580,2.655180232808508
50581,1.689330412327255
50582,1.7252455906810873
50583,3.3286392629483466
50584,1.5466166044223293
50585,3.3739983984750133
50586,2.4485071108481726
50587,0.5799441555560101
50588,1.4764000092972687
50589,1.2620934518400055
50590,1.6541969547889188
50591,1.7729408172216132
50592,0.7301794126394476
50593,2.3207460343140873
50594,1.1453250503055905
50595,2.9178740129819722
50596,1.4001294805972329
50597,4.676358764831324
50598,2.012328107174941
50599,2.3418846892493868
50600,1.5881715494359163
50601,1.804391068534759
50602,2.0791620815271905
50603,2.100406146636889
50604,3.6244421439684267
50605,1.6931818425911764
50606,1.4560493816257498
50607,1.6579939224703857
50608,2.225450721887089
50609,1.1740514332089482
50610,2.582642253907128
50611,0.6080322275183256
50612,3.458374430365698
50613,1.6727620658567197
50614,1.5035553408049545
50615,2.681770708848294
50616,2.796104448158477
50617,1.698278440864815
50618,2.4979117704024283
50619,2.078342868892637
50620,1.9563394873527535
50621,4.095589870457022
50622,3.5009813881252434
50623,0.9365034667274053
50624,1.2005558301440011
50625,2.3824903499230494
50626,2.064960231598125
50627,1.8498582855115195
50628,2.55982578248771
50629,3.948617426057357
50630,2.6340993074259735
50631,1.6578337617817773
50632,1.2271005972821776
50633,1.1130238259362848
50634,2.9630576447187913
50635,1.40592856133242
50636,1.4191081921163722
50637,1.7255400279631523
50638,2.5720857957795182
50639,2.2595157874924077
50640,2.1204199647456257
50641,1.0462100573528978
50642,2.7065331408293254
50643,2.2025111701123627
50644,2.6334286701568637
50645,2.6643957139776298
50646,1.6450312802541625
50647,2.2800271217573744
50648,1.8159304368971938
50649,3.698601358785286
50650,0.9539356546600892
50651,2.0113171308881057
50652,2.3908355578715863
50653,1.2448800780828755
50654,1.4096560534248148
50655,0.7748270572770686
50656,1.9680586282405876
50657,1.5306818788707552
50658,2.255025032295297
50659,1.9131513002796545
50660,1.279707520683619
50661,2.715964465392009
50662,2.076111383001919
50663,3.1099307021687004
50664,2.0672715078026194
50665,3.7924039849442046
50666,2.3035452943115367
50667,1.6132385938134384
50668,1.9179066213012597
50669,0.6594087264421411
50670,2.7489039586492403
50671,2.5062396464895507
50672,1.4419390667106349
50673,1.998148030888931
50674,-28.20874310036538
50675,3.4647929180608266
50676,2.4518623728695594
50677,4.42540637889255
50678,2.586880755152354
50679,0.9330461279473958
50680,2.6170230969222565
50681,2.6279029395292106
50682,3.400554454333591
50683,2.17046278387841
50684,1.253237544540557
50685,1.7092091439401464
50686,1.8212121694729753
50687,1.677265836456403
50688,3.276129879026062
50689,2.9932739154336936
50690,2.2643966133829316
50691,2.049010559157228
50692,0.8581598583835195
50693,1.6427705472926029
50694,3.7574854892213274
50695,1.33627475990912
50696,2.9449411197115047
50697,2.5871653778167776
50698,1.095038146016524
50699,3.149366911877113
50700,2.132052796528942
50701,1.9064972640071325
50702,2.68556793243366
50703,3.972854685276449
50704,1.1874627828968336
50705,1.3680911756035279
50706,1.423694814689643
50707,3.076585082220223
50708,5.543012191179404
50709,2.0664819348030825
50710,1.9124937908827668
50711,1.7565108054444103
50712,1.5252771213035352
50713,0.538862937732663
50714,2.7195366444515834
50715,2.331802817812818
50716,1.703991716125163
50717,0.9542546346583869
50718,2.9261273474116116
50719,1.7748402759561976
50720,1.9445204395503204
50721,2.1540904290901643
50722,1.122291556922253
50723,1.3645312362346012
50724,2.1370887237249043
50725,1.8309275114019137
50726,2.7453602359811704
50727,0.5924055880852315
50728,3.1963358298132825
50729,1.964885097373955
50730,0.8010787101407324
50731,0.8597950094989564
50732,2.0222799597595476
50733,1.016631575488308
50734,2.1833544523041475
50735,2.516716310076621
50736,5.156710066764081
50737,1.6676980508981423
50738,2.481696760274051
50739,4.478004351894899
50740,1.9179129744540298
50741,3.339636352743785
50742,1.633565642172531
50743,2.871118552413609
50744,1.7116014288424743
50745,0.8416499975852396
50746,2.0653745830535293
50747,1.4280307541437232
50748,2.9103759552367343
50749,2.1606088463252355
50750,2.0676700779210684
50751,0.522660974654432
50752,1.7129931242591887
50753,2.5057762893582414
50754,2.5566158121688467
50755,1.028690790472357
50756,1.5437159650735204
50757,4.032663378949341
50758,2.198400796302881
50759,2.1142882353654535
50760,1.5972620919158267
50761,1.2230498784672683
50762,1.4556079202398884
50763,1.648433446464086
50764,2.5558500115238907
50765,2.028843231445851
50766,1.9493688364347612
50767,2.7807590781505134
50768,0.8614566754289434
50769,2.2777653196828744
50770,6.648336979253433
50771,1.6220488317783044
50772,2.3636967528970594
50773,2.898795786316331
50774,2.044332421979707
50775,1.478942432246587
50776,2.3535705815996586
50777,3.1156657182753555
50778,1.5383753341591593
50779,1.46614715102179
50780,3.6117812919197867
50781,0.8899840720968264
50782,2.24197275364293
50783,2.2546250675049215
50784,1.8744691546668584
50785,1.521723916319079
50786,1.58114876131825
50787,3.924105494629888
50788,0.7850319273220556
50789,2.7847335267643736
50790,2.646959344782008
50791,1.2557901134492973
50792,0.5853494714974694
50793,1.4016632828607136
50794,2.2486277731369206
50795,2.9191750737424833
50796,3.9633230668473836
50797,1.5284030634136379
50798,1.3089321959413418
50799,2.2485101141336123
50800,1.97188471680116
50801,2.4171789698275212
50802,2.4142135579415687
50803,2.6928103072210696
50804,3.390650874718464
50805,0.8213412520245562
50806,0.9465372524441626
50807,1.7717507415213198
50808,1.1990092176915006
50809,2.139033728965561
50810,2.7998977314853484
50811,2.5949724067773765
50812,1.8961831237379734
50813,2.331105893493916
50814,0.967215949433271
50815,3.0554436786446395
50816,1.4097187673609177
50817,2.3513181327344093
50818,2.2767928664576154
50819,1.7345148736292835
50820,2.9823115247883187
50821,1.0921171201164874
50822,1.1829065753593433
50823,1.8723016413421796
50824,4.4480791720033075
50825,2.3881328551335663
50826,0.9800907702491237
50827,5.141578814805431
50828,1.2899154180640586
50829,1.2895723505789398
50830,0.4200263252236205
50831,3.3009077041690524
50832,2.420284687098164
50833,2.00750247726565
50834,0.1148503180843683
50835,2.747782189679956
50836,1.7546753112737612
50837,2.4048938471761154
50838,1.280074101804363
50839,1.5793303490205552
50840,1.3806010731382266
50841,1.3522092952417246
50842,0.5115088552395726
50843,2.0194305269175494
50844,1.3629938252745895
50845,3.161253594161227
50846,3.7166490746344927
50847,1.9180627423649845
50848,2.123866561320316
50849,1.8974991266698602
50850,5.710597931660377
50851,2.4863437804624233
50852,1.4344826461673996
50853,3.605802791032435
50854,1.8607992399178706
50855,5.504679741547481
50856,1.6758239119583642
50857,2.3651338821702588
50858,1.403972336246941
50859,1.329255314116498
50860,1.5144560357923957
50861,1.3561935003734256
50862,3.792991045500518
50863,0.832447271277946
50864,1.8014496370141764
50865,0.5860571643881407
50866,0.5994441355759825
50867,2.375630040033574
50868,1.955916226481694
50869,2.52590364541307
50870,5.7682794798710155
50871,3.1705391422163736
50872,1.5514606879878592
50873,1.3862251150280294
50874,2.8445663510064243
50875,2.4153053963146682
50876,3.8093240160739334
50877,1.5826413703330537
50878,3.033667753728711
50879,1.0163212213049668
50880,2.279438678082929
50881,3.4286961943071823
50882,3.4753610663351573
50883,2.289334773741107
50884,1.7590824021218374
50885,2.954580172315165
50886,1.4838622698255257
50887,3.7920864444260793
50888,1.1124094006980876
50889,0.6854232522088104
50890,2.215470414371854
50891,1.107884878758231
50892,2.523407780903657
50893,2.0821799912863277
50894,2.6930871065936266
50895,2.9847318508772425
50896,2.9262749946552766
50897,2.9266937914798383
50898,2.3351308689876795
50899,1.0997373012332652
50900,2.035381706444074
50901,1.0909215453878325
50902,1.6379317478156032
50903,2.311251866303426
50904,1.159226714094391
50905,2.186658219370745
50906,1.5376630452092037
50907,2.7464331445652057
50908,3.1873539511354387
50909,1.507654944852451
50910,1.1058970582954295
50911,1.8001891815286264
50912,2.2525976008650197
50913,3.5334131741961166
50914,1.5816538923647876
50915,2.208541499822534
50916,1.5469282159189426
50917,2.4573093316817882
50918,0.8928663928166749
50919,1.6602044964319624
50920,3.1312443745486895
50921,1.0129416995100122
50922,1.0958842782444584
50923,1.108629028398358
50924,2.0498280006683594
50925,2.7642111437720907
50926,2.280976269108155
50927,1.7158029318100354
50928,4.479847530232352
50929,1.1185582576277149
50930,2.771667591955353
50931,2.297601254304741
50932,0.7683230281572015
50933,1.8057409175757506
50934,1.4958316609528346
50935,2.592876927671572
50936,1.5455709093307952
50937,1.521655412395976
50938,3.0327555190377815
50939,0.9157993528300246
50940,3.1936855817625407
50941,5.76404218147599
50942,2.427789938903576
50943,2.7858177224585496
50944,0.9943512574022044
50945,4.0413851694790175
50946,2.6471286155121483
50947,2.35485553274545
50948,1.9687663107664868
50949,1.8149925344335749
50950,2.7219521629672307
50951,2.29367751583354
50952,1.8659055142380971
50953,3.0924199176520837
50954,1.723661455112623
50955,1.7909923746913172
50956,0.7323773968628622
50957,0.5917905298673425
50958,1.808856572531429
50959,2.47232979972458
50960,3.144817731409976
50961,1.6341666787369071
50962,1.7650216965380743
50963,3.5705038052252327
50964,4.189683197969632
50965,1.9028168683191247
50966,1.3100868706291386
50967,2.0991109028279915
50968,1.4946804805872809
50969,2.4244454911578295
50970,3.5902832402516687
50971,1.202967568817602
50972,1.5478146976169036
50973,1.9157673817351544
50974,1.6018484193934945
50975,2.348877287540919
50976,1.5856747315344286
50977,1.6213589328312175
50978,2.6427416878347607
50979,0.7209973015072855
50980,2.3886090352308464
50981,1.9457339518846801
50982,2.2319339784525063
50983,1.3506566942456608
50984,1.28901848116681
50985,1.092171304900294
50986,1.6338953796263418
50987,3.456615109221847
50988,1.5634937752656732
50989,0.8898285172179818
50990,2.1418658819560257
50991,4.222705047597689
50992,1.329385239968051
50993,2.0711500172090815
50994,4.052737797918159
50995,2.5542076913006646
50996,0.605011544806306
50997,1.3516068406123942
50998,2.3646001920773223
50999,3.0334775000534684
51000,2.5956709014956267
51001,2.2839230478718697
51002,0.835709995107667
51003,2.9635127604532308
51004,1.2571215079670175
51005,2.549909356704152
51006,1.3838563049816663
51007,1.0960968199177081
51008,1.1712999743501804
51009,2.9674167641119347
51010,2.583854095678621
51011,2.287516616480591
51012,1.4886437076543508
51013,2.666725953890907
51014,3.194378637928512
51015,1.5546153541729986
51016,0.7151254302231145
51017,2.475525944519635
51018,1.467520889037477
51019,3.34209321185671
51020,2.4668410235416367
51021,2.2103301676700404
51022,2.269722828263699
51023,1.1621574299443331
51024,3.058866672165923
51025,2.7786293552243286
51026,0.8566623031660505
51027,4.7801149232650495
51028,1.5503059409450977
51029,1.4686395244951918
51030,1.5878074101807762
51031,1.4438476056077754
51032,2.6493143078041648
51033,5.530410826912661
51034,2.3487655105140597
51035,2.027115841485486
51036,0.782148258161758
51037,1.4035537582905455
51038,1.8065648184348824
51039,1.3993639202481951
51040,1.4693454378713433
51041,1.3049872077542979
51042,1.3440923715379576
51043,3.656655757380893
51044,1.8011547585472591
51045,1.4655431331081026
51046,0.8603338708637445
51047,2.4226122075617447
51048,1.7124574008185256
51049,2.3718162033744115
51050,3.0100267487386567
51051,1.5808260179273113
51052,2.952622094608987
51053,1.2307923722152374
51054,1.4705421616291439
51055,1.3276475243842079
51056,1.3607431881133358
51057,0.9106715148810487
51058,1.367814610482558
51059,1.3148586551951986
51060,1.3906599859078632
51061,3.054075215867588
51062,2.173112192626977
51063,2.235209581199914
51064,1.1727910202896261
51065,2.4661437853212114
51066,1.8100773312218656
51067,2.834061827825824
51068,1.2229259950469817
51069,1.0417066917475246
51070,0.9281245104652989
51071,1.3594307646277208
51072,1.6802234051107554
51073,2.3012554514638204
51074,1.2867281704108144
51075,3.1972546426116573
51076,0.8957102715186274
51077,1.421088303093729
51078,1.5032458172462988
51079,1.2883500483743298
51080,1.6074170111233776
51081,1.9451386014891092
51082,1.221059142763682
51083,0.9909699690188809
51084,1.7091698551593346
51085,2.16696807368675
51086,0.6322756946598282
51087,1.9956653209619653
51088,1.420245236225103
51089,1.5086664187201144
51090,0.8367632510669445
51091,2.020203825511718
51092,2.061529773441979
51093,0.776737186024608
51094,2.89885475656806
51095,3.3224987767235383
51096,1.5757843156333742
51097,1.874207784415578
51098,4.041974233007753
51099,1.058635354067409
51100,2.0814425296989647
51101,1.6039082200526913
51102,1.649194281728672
51103,2.524043110595816
51104,1.9495961466680036
51105,2.6451485241562445
51106,1.8628181740687388
51107,3.38403284972404
51108,0.752304820168181
51109,1.0931956894836823
51110,1.343980699351082
51111,2.2293101116305856
51112,3.225884947716512
51113,2.4911125327669517
51114,1.5446663399463922
51115,2.550354841030444
51116,1.5405867658635692
51117,2.4108779053111995
51118,1.58677557178709
51119,1.1089493456468382
51120,1.0728973958964367
51121,1.0288297219964342
51122,1.7759939685047108
51123,4.158976663826937
51124,1.740993564046537
51125,3.748327817979604
51126,1.6813512940619013
51127,3.0340440186823834
51128,1.740176992634364
51129,2.4283176186351945
51130,1.6988883634617231
51131,1.5872427239739046
51132,0.7137653810484643
51133,2.0654679998915846
51134,1.0901244059008413
51135,2.6217644365494017
51136,2.234264532129064
51137,3.6851629956417504
51138,1.7051376528181983
51139,2.004347781127965
51140,2.079655299477114
51141,1.5198238161275448
51142,1.6456587921484278
51143,1.5491745151413774
51144,1.6860951469943224
51145,2.3651686489060104
51146,2.33811170016455
51147,2.360065339395195
51148,1.8412872320431326
51149,2.4655646781504608
51150,1.6503843498643143
51151,1.2513063413319436
51152,1.575716607759663
51153,2.9075690414273687
51154,1.9646467898351467
51155,1.559201552565444
51156,1.8056682843740397
51157,2.2816579801454147
51158,2.326132315054938
51159,4.256699415725397
51160,1.3123588805676185
51161,1.5461507481075536
51162,1.2816978416467784
51163,5.401146234404795
51164,0.7049915008073562
51165,1.593223840577597
51166,1.4246423285573009
51167,1.0125618844996929
51168,2.428526112074568
51169,3.8088957765204476
51170,2.4683258550026927
51171,1.4180385226006855
51172,1.8796240517285732
51173,1.0468724809222785
51174,2.436812077917242
51175,2.842581299184392
51176,2.7201054402155513
51177,1.9182603304634007
51178,2.0312750630302254
51179,1.7561297204863742
51180,1.5931500247999146
51181,1.2575988955248398
51182,2.122714995159928
51183,1.6888501890503314
51184,3.318150782952163
51185,0.5402506104669591
51186,1.5359131636890346
51187,1.5157129644843828
51188,2.372487827670117
51189,0.7847292790031339
51190,1.9584881012420716
51191,1.0164689617245735
51192,3.1527933390509624
51193,2.372324605938733
51194,2.1980146290333415
51195,1.7069152875244278
51196,2.9829938042079824
51197,1.9299718467502807
51198,1.8411738695326711
51199,3.3392034804927313
51200,1.2629609941749358
51201,3.2317626337169862
51202,1.890241294844035
51203,2.094432536927034
51204,2.744690866935091
51205,2.6776886108484668
51206,1.6758826088870684
51207,1.6956708688645428
51208,0.7335874438232715
51209,1.3382788293367618
51210,1.561492938649426
51211,1.6157701148549144
51212,1.8459675852735167
51213,1.1517889327554123
51214,4.129639281875914
51215,1.2694283668386426
51216,3.069761451417609
51217,2.70226118297197
51218,2.1834206467841604
51219,2.999119681579945
51220,1.7997782312140238
51221,3.2963042885826646
51222,2.2003822003865743
51223,1.0275795708892623
51224,1.5214347002998672
51225,3.216498700679299
51226,1.1553948722641714
51227,1.1184229668741388
51228,0.7982754029135641
51229,2.4274658978658046
51230,1.0768643059381056
51231,1.0668239435673605
51232,2.245444519693539
51233,1.5549425592405761
51234,2.9271765603838595
51235,3.1898343931491446
51236,3.439945935420898
51237,2.2996378982578314
51238,1.6906791038754
51239,3.1935190808253004
51240,2.3474445590557913
51241,2.661694157544904
51242,2.201341297217713
51243,1.225847420094798
51244,2.479788148505211
51245,2.029221828294883
51246,2.6710667134678694
51247,1.4259516081351542
51248,1.568262764390159
51249,1.4603753122112586
51250,0.8755722743262915
51251,0.5321890396589914
51252,1.6862134744758386
51253,2.1988295490213297
51254,1.9362205002320856
51255,1.6534680120090606
51256,2.2563766061859987
51257,1.5594417564974528
51258,4.938741731561951
51259,1.6049171374001254
51260,3.193121116988582
51261,1.3112501424744245
51262,1.9085872150091525
51263,3.0762419522404834
51264,2.9991213076263
51265,1.3108157323150387
51266,2.580494207675603
51267,0.6425784572495594
51268,2.1512102538479816
51269,2.6403369970194923
51270,3.8328530496978352
51271,1.74996750887124
51272,5.801811469526118
51273,2.3489641103644807
51274,1.9844362826613668
51275,0.719747312244241
51276,1.2932763013439832
51277,1.532428282735541
51278,0.9220553664487774
51279,3.6083913480715104
51280,2.1818513300832088
51281,3.562334685442469
51282,1.4731511306295637
51283,2.770201835600975
51284,0.9776727025421827
51285,1.9212756104453241
51286,2.196233637580125
51287,2.9991859756819714
51288,2.144282908592377
51289,1.3935396631874148
51290,1.4015298401192275
51291,2.483552454382963
51292,2.1398767572513044
51293,3.3231068134448414
51294,1.2138099550006451
51295,3.551407340827925
51296,1.79426034571593
51297,1.3629414214567142
51298,0.9856530069123188
51299,1.5313836715644733
51300,0.8118585933336568
51301,1.2519381330452042
51302,2.6601760393542158
51303,3.0767624045872743
51304,1.5446155888994362
51305,1.2223004515973663
51306,1.7087913233083647
51307,2.122106678185876
51308,1.1844796332073066
51309,3.2189125103075504
51310,2.0881445247863333
51311,0.6334377670012579
51312,1.7340810494860683
51313,1.6401881307725468
51314,2.11917459502806
51315,3.534540210923584
51316,0.8314234861627234
51317,0.9940579267488694
51318,3.057748358249402
51319,2.017900538594919
51320,1.9735066072752012
51321,2.734160359674352
51322,2.5829355594122525
51323,2.1481825298474213
51324,2.027862835523937
51325,1.2884909921094483
51326,1.4018679813885662
51327,2.106489654094336
51328,1.1597761674365792
51329,1.540577725250106
51330,1.7544825484716746
51331,2.8527632453707135
51332,3.9232893126852026
51333,0.5374420123540382
51334,2.5926369281926362
51335,2.763035364147303
51336,0.798306705772351
51337,1.3510341047752696
51338,1.6089479377426166
51339,1.0335635286511184
51340,0.6641920018916814
51341,1.0044362521291852
51342,1.8235283489978578
51343,4.981258239875562
51344,2.595530040693209
51345,3.3927128359981715
51346,1.0157277898929955
51347,2.056249614972362
51348,1.979977016329233
51349,3.3463134901401226
51350,0.588749731259842
51351,0.6687348930703969
51352,2.4303657830525687
51353,3.229611849960893
51354,1.3717740075796776
51355,1.0823148803810092
51356,2.9253897390055705
51357,1.8432230106074066
51358,3.247160415662112
51359,1.7694702233842214
51360,3.5504380869635987
51361,2.431441609215174
51362,1.5019912523690273
51363,1.5904670477312557
51364,2.1826452365906484
51365,1.1681150106421434
51366,2.2848356195418127
51367,3.7004188983468715
51368,3.1625457102237853
51369,2.2819921424533085
51370,2.1188800663016742
51371,2.56190611074587
51372,2.9727261853658753
51373,1.1527239834115939
51374,0.7021922506349121
51375,1.2104357209221952
51376,1.4187937269503301
51377,4.1601783881945416
51378,0.9541015323346507
51379,1.4937841479610405
51380,3.1062266827058274
51381,0.9621304204147272
51382,1.4651529966616046
51383,2.207668344557195
51384,2.3985682261211174
51385,1.929774776035945
51386,1.5631591958724336
51387,1.7142576657598205
51388,3.5819154899896297
51389,1.1929054261555372
51390,1.947583995514666
51391,2.3040008393758207
51392,2.436778362448937
51393,2.9675012710210957
51394,2.548832426949904
51395,4.314890439397093
51396,1.3745792367998355
51397,1.455998621926458
51398,2.4998998068271057
51399,3.6145023286622155
51400,1.4380288832502153
51401,1.9062786542904497
51402,1.5561150349682897
51403,1.611497356302099
51404,1.2189441409244104
51405,1.5999026261079088
51406,1.8475833267144175
51407,2.8372361366241456
51408,1.5193463425418976
51409,2.8044704345895504
51410,1.1094521235381514
51411,1.3681787705979822
51412,1.0246315560801271
51413,2.224272659512625
51414,1.7226150660684176
51415,1.9889635551157632
51416,2.78212277674206
51417,1.4537339798326094
51418,2.584686720355055
51419,0.6721772338584664
51420,2.3162388188407625
51421,3.899412161387577
51422,2.0578849624872113
51423,3.1325061308884052
51424,2.533296491871514
51425,1.6674045272977516
51426,2.8185715115449774
51427,3.4679034882680106
51428,2.0814651899590935
51429,1.303285254424626
51430,1.7850385135996625
51431,3.026080545824531
51432,3.544407788985243
51433,1.261510198838213
51434,2.089300766847064
51435,3.4347683093432444
51436,1.3922223930847544
51437,2.1338223453421428
51438,2.3443137369678233
51439,2.2533298446151413
51440,1.165723601638323
51441,3.503315601476519
51442,2.368750264693521
51443,2.106128523707131
51444,3.515318094747901
51445,3.3153059632832402
51446,1.4795754246792576
51447,2.3437237754716627
51448,1.5310345737834474
51449,1.1720421120453928
51450,2.021260610225003
51451,1.7075119688200893
51452,2.811047693452597
51453,0.8817483533799795
51454,1.2192301698630992
51455,1.7777446435081607
51456,2.7984181010987506
51457,0.7123896134189103
51458,1.587066894953086
51459,3.4194161207181573
51460,1.9488575007550573
51461,1.6098914236668413
51462,3.7674642008234436
51463,1.7293681500134461
51464,2.6527549713427483
51465,1.6762986802611728
51466,1.3076010494810113
51467,2.3374109648108607
51468,1.6724945765456916
51469,1.2773453526132705
51470,2.8210124333932676
51471,4.109759197308396
51472,2.5727252699493626
51473,2.1190483691537487
51474,2.7421741833130433
51475,1.6568539269490294
51476,2.989192333038975
51477,1.177343986860624
51478,1.3091769691485275
51479,3.6624662715849787
51480,4.491939235525027
51481,2.035694108619797
51482,2.6092612555131076
51483,1.3042240455487253
51484,1.4388797875098795
51485,2.977598097070203
51486,1.7230710050480447
51487,0.48284382877327303
51488,0.8066591414078665
51489,1.2817493981349664
51490,1.4875505509747917
51491,1.1906178585835256
51492,3.4770804238177426
51493,0.956768460283488
51494,1.0619125920519856
51495,1.6176175363174288
51496,2.2418364097707446
51497,1.4836063772803278
51498,2.334805138844022
51499,2.7355174718212005
51500,1.4842950046357863
51501,1.3843622407540899
51502,1.8587306103513903
51503,1.8950914115534694
51504,3.322839181149593
51505,2.1362088615275105
51506,2.0174508369484023
51507,2.504988537696338
51508,2.5323482949685037
51509,3.554890038388695
51510,1.3972806425736373
51511,3.0085664403502257
51512,1.9217121214373982
51513,0.6734582784600356
51514,2.0875646596498747
51515,0.8716872312876411
51516,2.570637954789621
51517,0.59599895259473
51518,1.5727018744850945
51519,1.1207521010892982
51520,1.4765957396722378
51521,1.9556447040676836
51522,2.315201248792423
51523,1.4964282892560767
51524,1.2550305060018196
51525,0.9660594929339972
51526,1.3507728309728897
51527,2.0990621878392126
51528,1.381609456686224
51529,2.3095360624988395
51530,1.9889393050587252
51531,2.113911084813399
51532,1.643946040783053
51533,2.186289382580245
51534,2.4293358360461674
51535,2.883762252245962
51536,1.4114264743299465
51537,2.2172651623232333
51538,0.7526187635387522
51539,0.614239050030438
51540,1.249416784277205
51541,3.099149211988479
51542,2.6039798912199252
51543,0.8487197381655314
51544,1.6310498359973202
51545,1.6054580811004975
51546,1.7923867097473085
51547,2.6879791313809314
51548,1.4248854937937416
51549,3.1736736179332787
51550,2.3426454040178477
51551,1.301234168925962
51552,2.3051529699936033
51553,1.390151722040546
51554,1.300288261198748
51555,2.0099505185207285
51556,2.2310944258515555
51557,3.6201744177470836
51558,2.3168501095323286
51559,0.9837487889685015
51560,1.6604485353219935
51561,3.152837011352805
51562,1.404072833377203
51563,1.1795583909118967
51564,2.8475081093365056
51565,1.375358190412019
51566,0.6770866087466523
51567,0.8519534837862786
51568,1.9960193119879968
51569,3.5330211698022858
51570,2.6249598866858186
51571,0.8273253794790527
51572,1.2677206346452614
51573,0.9080761388873988
51574,1.2584183091370598
51575,1.7121895999598316
51576,2.0416643355736177
51577,3.1947001797615577
51578,2.8141471011934733
51579,2.2232454396222074
51580,2.4157323859055317
51581,2.0143268419892344
51582,1.5604134728002528
51583,2.7186632178047354
51584,1.6924502298709605
51585,2.2373504193051055
51586,3.2820663344302012
51587,1.9618031174631234
51588,2.7432850171617282
51589,3.4689546003105853
51590,2.7307689193637295
51591,1.5715803621773183
51592,1.513322787827665
51593,3.3398073731648914
51594,2.629757963933489
51595,2.362995933346898
51596,2.9470420947464824
51597,1.8696001243600229
51598,2.5224859649211773
51599,0.9098600013213662
51600,2.100228622560966
51601,2.494787426442091
51602,0.5604209493340058
51603,3.224204630876276
51604,2.2752877778205267
51605,3.5613612968767576
51606,2.7238595998205177
51607,2.89347935455692
51608,3.9787077170716465
51609,2.7479171691982778
51610,0.6221364356634673
51611,4.20996301828416
51612,3.1741062343864748
51613,2.5463956108376387
51614,0.7620515056208497
51615,1.6120058169713367
51616,2.249563146883279
51617,0.969053325849476
51618,1.438655346141804
51619,2.5655196329966863
51620,2.8943531139655114
51621,2.1063780931762643
51622,1.5993037082924424
51623,1.416497778902258
51624,0.6399000524455154
51625,1.0603354231757045
51626,0.7173532738241057
51627,1.9565524218635666
51628,3.358981782937523
51629,2.233340850091512
51630,2.078781463683473
51631,3.182724345661317
51632,1.3774045513964701
51633,1.7579267065206672
51634,1.910329817916736
51635,1.879834816977766
51636,1.6861313061717347
51637,2.112027278300534
51638,2.1026661525302224
51639,0.9584110866814548
51640,2.208644330121107
51641,2.682239354663839
51642,1.004622717542393
51643,2.2519835573158424
51644,3.121341156760085
51645,1.3365177087252427
51646,1.7516809323836107
51647,2.2938308523864954
51648,3.0774424065263055
51649,2.2441895574226614
51650,4.7222792008078365
51651,1.706201830511393
51652,1.3374579549811223
51653,2.63987744675649
51654,0.7748852194667144
51655,2.5373744737090966
51656,3.6513205362035173
51657,3.2906282245471097
51658,3.275626699971415
51659,2.113513064971503
51660,0.9983195551062671
51661,0.6491895171515445
51662,2.308679760181395
51663,2.0332314279192794
51664,1.1981176169034065
51665,1.2911312437071594
51666,2.5994083833410038
51667,1.2776587205577847
51668,2.031183166155788
51669,1.4770994268869835
51670,2.895954700212261
51671,2.105898628643022
51672,0.7019037993520989
51673,1.1773536607426855
51674,1.8304467099518043
51675,2.7654217083206483
51676,2.519107613223216
51677,1.4292823328054887
51678,0.9285382134621081
51679,0.9562487362289609
51680,0.7746254353365352
51681,1.05360103455536
51682,1.2037764439151069
51683,1.4423375657405622
51684,1.1952630800319675
51685,1.7833678405864397
51686,1.8107096362608566
51687,5.751987259806189
51688,3.6295279744303777
51689,3.5411261559158085
51690,2.035492994020192
51691,2.304140964134323
51692,1.034598914785736
51693,0.519980115200358
51694,1.9999878679674374
51695,2.6968977076935836
51696,2.9002590005928575
51697,3.2255568857052346
51698,1.3666322450693293
51699,0.9206131279643479
51700,1.2757137383173252
51701,2.003104830337154
51702,1.3061321123300935
51703,1.7865964481054881
51704,1.2295309585806855
51705,1.7705166303875082
51706,0.5306099352908156
51707,2.5390934481673675
51708,3.463926812702855
51709,1.431599153635748
51710,2.2140875014027337
51711,2.9407449706155298
51712,0.8113979591864258
51713,3.4622627888268234
51714,1.9799634514292315
51715,2.2316857380256785
51716,3.1736498748716464
51717,2.894689621644293
51718,4.172599567010938
51719,3.096706661836439
51720,1.4925052829293044
51721,1.480655943339773
51722,1.7820435995959976
51723,2.2069342851078524
51724,1.7896081400366803
51725,3.2311049019567157
51726,2.6229757030015186
51727,1.7774077334878235
51728,2.4927953446294318
51729,2.341679959099853
51730,1.6120476769420726
51731,2.62388974511342
51732,3.419894090960671
51733,4.3666257477868875
51734,3.5900347224940425
51735,1.2251236052257504
51736,1.1819166093912408
51737,1.6772113342795372
51738,3.1939710533552024
51739,2.4465311359620934
51740,1.55729548201737
51741,3.236635027235568
51742,1.1582186163724124
51743,2.5911300843497465
51744,0.9740107681795145
51745,2.3491443346603127
51746,3.7117469644880465
51747,1.9057878098122139
51748,1.37060867451223
51749,2.5896712726358864
51750,2.1371585325294724
51751,3.198936054261086
51752,1.6041778812092424
51753,1.9034326981430674
51754,1.6534331720881745
51755,1.0485422762340626
51756,1.16245509522577
51757,2.478622856500241
51758,0.8195690731597871
51759,0.9023432297586886
51760,2.5605756543398606
51761,2.865676232092458
51762,2.607515110907034
51763,1.7284203267414178
51764,2.680632586558435
51765,2.212092830985714
51766,1.722957416027615
51767,1.1248518587903256
51768,2.2440648026281487
51769,2.7369851779837724
51770,2.1896039901521966
51771,2.3754091765864054
51772,1.9233673201873138
51773,1.6281963164209152
51774,1.5793129357135776
51775,1.4355200693431165
51776,2.2495790011047383
51777,3.007207720022908
51778,1.3890537006045385
51779,1.1938305962093558
51780,1.6797677882539723
51781,1.888726959748798
51782,4.4733091917620165
51783,0.7408403113892668
51784,2.943090596613647
51785,1.3567231658706511
51786,3.120973396367507
51787,1.842701436122784
51788,2.8502825230531563
51789,2.1569209491981134
51790,0.8391123537871046
51791,2.098192999156087
51792,2.626538762756386
51793,2.3252559012430574
51794,2.368523304372875
51795,1.649286538996794
51796,2.483892203298357
51797,2.9494598832142493
51798,1.3489678892820542
51799,1.821224437942906
51800,0.7383736523327435
51801,2.686824862334962
51802,1.4869590507411239
51803,1.8070787195193851
51804,2.1235801399231953
51805,1.6504596713365665
51806,1.4494789615463937
51807,1.276467121579632
51808,2.467785026628153
51809,2.4191117274664045
51810,0.7888987334912549
51811,1.7885077475231448
51812,1.923069764703886
51813,3.01389658050687
51814,2.7201340892403927
51815,3.9285674941904496
51816,1.822024336026434
51817,3.5034653428348896
51818,3.725485801118797
51819,1.5110982166942541
51820,1.9133874985154513
51821,2.075829274026578
51822,1.9693541821557723
51823,2.1308593367124082
51824,2.0396246760547605
51825,1.3005218802380831
51826,2.3294453133702895
51827,0.9727538789306358
51828,1.1201890922226632
51829,2.1537138426089975
51830,2.2183047444473267
51831,3.141375008933867
51832,0.2133358472107183
51833,2.181581032003468
51834,1.2005176986689072
51835,1.895293374056795
51836,2.2987392498273245
51837,2.3067803303349343
51838,1.4199189588176786
51839,1.6325481752579982
51840,1.7931193363059101
51841,0.8792574841431566
51842,4.7161329472626825
51843,2.0960336288030454
51844,2.5408968953358944
51845,3.683831363775713
51846,1.2164946173335274
51847,2.9784493283268922
51848,2.426872115454305
51849,2.5651681192969455
51850,2.425289637683793
51851,2.789114889041006
51852,2.3859131145482344
51853,2.316252369361596
51854,1.9079704222800764
51855,1.639941555759524
51856,1.3968345436756273
51857,1.1590792544237196
51858,3.655126721128287
51859,0.399476254823643
51860,3.497905550983436
51861,2.2066338627156803
51862,2.3675397596939582
51863,2.8632716767868978
51864,3.3081360691713293
51865,0.9826035215559763
51866,2.372546593401328
51867,2.6154989864389826
51868,4.4096155868482505
51869,2.5432184390280987
51870,1.9538870396824315
51871,2.3635348441502835
51872,0.7233227392654875
51873,0.28986932020436385
51874,2.8212112834934295
51875,1.879621944207745
51876,2.3875724102699714
51877,3.6017648851380706
51878,2.3699136967142955
51879,1.1808045912590792
51880,2.7544411335218832
51881,2.165353116446827
51882,2.9488600341748032
51883,5.219587613397753
51884,1.9620171287053019
51885,3.1799200201974465
51886,1.830462243383156
51887,1.2498471604043893
51888,2.1424167840779127
51889,1.0351094039962767
51890,4.197554988691227
51891,2.3315631075306023
51892,1.0163603774300363
51893,2.2951258245584008
51894,1.4717291940208135
51895,3.931893778340143
51896,2.3568100284156266
51897,2.1437977755422857
51898,0.9314948263468956
51899,3.3402882566605605
51900,1.2603843859467396
51901,2.3767091282798027
51902,0.8583467501021609
51903,1.8219690221981502
51904,0.753581249434351
51905,1.7970696224109197
51906,2.1462016737055514
51907,1.871062791077268
51908,1.8304335419343012
51909,2.5417771864984253
51910,2.327827270039311
51911,2.6866896987951954
51912,2.290400082696383
51913,2.041241108066348
51914,2.151690032882957
51915,2.3393712874269035
51916,2.0547058610139324
51917,1.6769628374001435
51918,3.0280599565024353
51919,1.272709613928047
51920,4.180176140004736
51921,0.7508864093386087
51922,1.2667946972430322
51923,2.2974103834985478
51924,0.8895209182858004
51925,1.7988328424442308
51926,1.2295037270422888
51927,1.908838750161184
51928,2.108206863058715
51929,1.7510256170911056
51930,1.5776739026601696
51931,1.54317677787407
51932,1.894989396461657
51933,1.8750922847162066
51934,1.3176388498791063
51935,1.4822863827057269
51936,2.702831360637081
51937,1.6758647860646114
51938,1.8665180190042214
51939,3.544702092821016
51940,2.950694216448486
51941,1.6163175363345808
51942,2.889721017802632
51943,1.30219936342397
51944,3.2843204660708842
51945,1.057339539533391
51946,0.8865279673324871
51947,2.266561465307607
51948,1.2019448851282029
51949,2.2901340429809274
51950,1.0907402015543148
51951,1.0385360232152188
51952,2.2569083356417856
51953,3.1584141652373923
51954,2.3550756297192414
51955,0.8793267242876972
51956,0.8011683318344502
51957,2.256055213569031
51958,1.0162105015544007
51959,2.3084760705207295
51960,1.3821806393691567
51961,1.8026125881180555
51962,1.8890353422766033
51963,1.6408131117762856
51964,1.6414826310881132
51965,2.3792281794517045
51966,1.6676196997851243
51967,1.2178063377851096
51968,2.4752102748826736
51969,1.5484598451267892
51970,1.2308608139212858
51971,4.156994860205661
51972,1.4300957339633307
51973,1.177308236451612
51974,3.031081643838892
51975,2.0898356601667594
51976,2.390183550341053
51977,2.7853505778541923
51978,0.5702134536942971
51979,2.8052951244422424
51980,1.276341117052997
51981,2.740294840393009
51982,1.6782298765683699
51983,1.9223277234322929
51984,2.640369742669609
51985,1.6683241745860506
51986,0.9660165920083763
51987,1.1897565934292267
51988,3.6898165566850345
51989,0.5462772773710505
51990,1.4124890624001445
51991,1.6217136428497874
51992,1.2494338910386524
51993,2.734496951456922
51994,1.1425631714801376
51995,0.6217959711408163
51996,2.6693673721366515
51997,2.737399561286427
51998,2.2129334350910064
51999,1.4686949730162588
52000,0.9827973892202273
52001,2.313996164907625
52002,3.9248074767915035
52003,3.5790004891650007
52004,1.0418032318267798
52005,2.0775524965438628
52006,1.188018222875204
52007,2.0283039163497314
52008,3.170861225713825
52009,2.062654095571279
52010,2.562644368563756
52011,2.556654473380039
52012,0.8163138533213363
52013,1.1611770098535068
52014,2.6923464785608395
52015,1.0564405077855419
52016,1.778874993833373
52017,2.4659494064899015
52018,1.7386780914602618
52019,1.7515478194608
52020,2.0340870525471964
52021,2.024389768663358
52022,1.5439037536689888
52023,1.773168500748799
52024,2.849117947980776
52025,2.7453862050719273
52026,2.9755356516880944
52027,1.234227314297474
52028,1.5709647787327619
52029,0.6924806840626339
52030,2.3220546437463305
52031,3.7651520297591254
52032,3.2642858745289836
52033,2.0364696302171446
52034,2.417317761498257
52035,2.6815004205944923
52036,2.0717757896308093
52037,0.9123352607819051
52038,1.5533223017575075
52039,3.3549877422735257
52040,1.0084278354867457
52041,3.4457949389154727
52042,2.978483825453001
52043,1.9031322278899303
52044,1.4052632600415258
52045,3.7178615779083692
52046,2.4387065055253494
52047,1.466425445373094
52048,3.759401981891532
52049,1.6385263264657546
52050,1.5625455873046157
52051,3.28982242109527
52052,1.9768324866171874
52053,1.9983988669780253
52054,3.369772762969607
52055,1.1696264818991473
52056,2.0673930216740395
52057,1.6707306767314982
52058,2.0975066123823503
52059,3.1771672249504697
52060,2.299667288611804
52061,1.285532326948303
52062,1.203630417031409
52063,1.2914898127120047
52064,2.1620802846338485
52065,3.7988823508383156
52066,1.5941828211047415
52067,1.7037454938958412
52068,1.5085236158408897
52069,1.0695747807722178
52070,1.1910968416102072
52071,2.2623861174116975
52072,2.8029655375206666
52073,3.3569941676951522
52074,1.4997778310226444
52075,1.2962035156289495
52076,0.5052503713342311
52077,1.6923264204999704
52078,2.043620655499101
52079,1.5708592382339965
52080,1.42859191475603
52081,0.43779316626779874
52082,2.0389211963349148
52083,1.4243537305375504
52084,2.2568646014841853
52085,3.793090335985827
52086,1.4243660662926665
52087,1.0374287131795121
52088,1.0766509662804857
52089,2.6373914585158538
52090,2.946153341574817
52091,1.7424046070569865
52092,2.666284145088188
52093,0.947205924864253
52094,1.6476662009861265
52095,2.367138822650194
52096,2.3210828980529676
52097,1.935239543303883
52098,1.8508280132123396
52099,0.5979999002564718
52100,1.8525372159759605
52101,2.235221604665444
52102,2.2220805671472057
52103,1.351403292177114
52104,2.09870419719633
52105,2.1802095156623444
52106,1.9003261503218063
52107,2.13858812311236
52108,1.8360695934177649
52109,2.5608021845922657
52110,1.946837909326053
52111,3.082356633222478
52112,1.808120696477065
52113,2.990018660407035
52114,2.262008557194381
52115,1.451373764225938
52116,1.2938684701353829
52117,1.9207962577213529
52118,1.8355531394041442
52119,1.4737493936579007
52120,4.678713600118531
52121,1.244342675753078
52122,3.1102728100868298
52123,0.5897848476937959
52124,2.35795875797675
52125,2.759402957614075
52126,1.7994448545451895
52127,2.0953326479707677
52128,1.8609107186319456
52129,2.401404337537574
52130,2.151315209101117
52131,2.753818203500547
52132,3.015923653064167
52133,0.8692255583728361
52134,2.9688514490136733
52135,2.1422606909305877
52136,1.9484778797544813
52137,1.2842224563055176
52138,3.1192420309968476
52139,3.103745963116072
52140,2.246158244141302
52141,3.6890359970486237
52142,1.836653426648386
52143,1.2208569901782802
52144,1.4216017654850965
52145,2.9576684173472962
52146,1.6762262746631258
52147,1.1081957089494416
52148,1.9422060190526942
52149,4.456062184343697
52150,2.2466323597945212
52151,2.194097619318999
52152,3.42061546751734
52153,1.6155969087822122
52154,1.7276302956869394
52155,1.6609745616500966
52156,2.656311576059526
52157,2.009179119228836
52158,3.8548471026768176
52159,2.1583506124520717
52160,3.739734487060108
52161,3.0745803918499384
52162,2.2641264323894212
52163,1.6031582965571296
52164,2.607710830761153
52165,1.268893330522733
52166,0.6458316683707075
52167,2.393332722386308
52168,3.907695496544026
52169,3.107436955803454
52170,1.1510811256323485
52171,2.164633939324691
52172,2.035212231047442
52173,2.8098585389151403
52174,0.6973891019418694
52175,1.0696210456642952
52176,1.7548968464925316
52177,1.187083993321469
52178,2.405606869375678
52179,0.8466787468329393
52180,1.527301804755755
52181,1.1830630233536148
52182,1.8076820484382132
52183,1.81158197994694
52184,1.9305344234522046
52185,1.4660534785139454
52186,1.5354285446810287
52187,4.73513271850101
52188,1.2535424514312332
52189,1.9948944388870338
52190,1.443038328462766
52191,1.3680974494217146
52192,2.928291189993079
52193,1.681958561713433
52194,0.5325378362317998
52195,1.2718183586098384
52196,1.6538787986883143
52197,3.5546185346736117
52198,2.8381177447133474
52199,3.2729994207685458
52200,0.656461202434901
52201,0.8984751186634163
52202,3.413110716046706
52203,1.9931131115679683
52204,1.1519221181022523
52205,1.9909712940528586
52206,4.466682389113718
52207,1.954797540985087
52208,0.8746337754851261
52209,2.2001580867250006
52210,1.1328585709250696
52211,0.47114337033523057
52212,1.2158108940077206
52213,1.5922880601655471
52214,3.0330313645882576
52215,1.241014173221263
52216,1.0222538669338554
52217,0.9358741774271415
52218,3.3514541035218066
52219,1.8272065980932304
52220,1.0155784708751163
52221,1.2716580732035858
52222,1.5487535384172055
52223,2.104774470315224
52224,0.7638509788844523
52225,3.3384651287656517
52226,0.27336363535924946
52227,0.7067899383013447
52228,2.2234352890708386
52229,0.8252988929610332
52230,1.2329745289893062
52231,1.4193277057958973
52232,1.9235681954779444
52233,2.3653169052496175
52234,1.9758090697607464
52235,1.637607848338778
52236,1.7742142604405764
52237,2.288510027506735
52238,2.8197568213329625
52239,2.927236622634414
52240,1.3005866235089663
52241,1.6566772575528184
52242,1.7723670824044895
52243,1.8226184950743836
52244,0.9586988046388036
52245,3.4728808450289
52246,2.1395155802490287
52247,2.913172134631683
52248,1.5760396353227044
52249,1.8765634852337634
52250,2.0223471867464333
52251,4.244062974714158
52252,2.801741831677109
52253,2.027148342496904
52254,0.4637580582440002
52255,2.7802875280138473
52256,1.3919802240454011
52257,1.8393079519526374
52258,0.7548261214310834
52259,1.6248993068624351
52260,4.770498223799908
52261,2.557317204647237
52262,1.4138601316422275
52263,2.714707664765573
52264,1.0692571534187074
52265,1.9039188651681833
52266,1.9630594117796711
52267,1.0317295990998652
52268,1.975878223614533
52269,1.882305694059884
52270,1.643151370953067
52271,2.701554299189386
52272,2.824172649769526
52273,0.7818446967753836
52274,3.735224865447268
52275,1.2669022919511725
52276,1.521309426389994
52277,0.9844638248398248
52278,1.3234004271965922
52279,2.170726436038482
52280,1.9075103519339258
52281,2.6295179768909556
52282,3.0060236186508327
52283,1.3845502229233695
52284,0.36073279801425784
52285,2.3276146019883903
52286,1.4747872236760067
52287,2.060236248755448
52288,3.1484132905101525
52289,1.935977899148984
52290,1.98427464090992
52291,2.9191355906804723
52292,3.299210687153991
52293,3.08611008422017
52294,1.42153807164647
52295,1.8267981178161143
52296,2.530961741781912
52297,1.5035270776523966
52298,2.6620615395071106
52299,2.838545589853087
52300,0.4989609299569544
52301,1.1617402169463311
52302,1.2220100312739284
52303,0.6041333434352829
52304,1.6162578831443888
52305,0.658124391352235
52306,0.8006006761102391
52307,1.9385482618439802
52308,1.4655537844481081
52309,2.637080453066009
52310,1.314520039408908
52311,2.890073860688691
52312,3.147831863296066
52313,0.6476551931720316
52314,2.46688331258321
52315,2.132744299043285
52316,2.0708524279599807
52317,1.8878601662896166
52318,1.4014490662716845
52319,1.6131688174204761
52320,3.2419621425511913
52321,2.3581707749131944
52322,1.557535455340929
52323,2.164118531630283
52324,3.5843885356928844
52325,1.0270216512467165
52326,1.643251152186938
52327,0.675308433741467
52328,1.9355398976758273
52329,2.558820262155397
52330,3.0276519418638124
52331,2.849684283489527
52332,1.4160628919563898
52333,1.7377091311479411
52334,0.8707555557098239
52335,1.8361133620397574
52336,1.0906135464853612
52337,2.6569421846204797
52338,0.7170792815668712
52339,1.6701479521519822
52340,2.6613727858791982
52341,2.086103070588255
52342,1.5003540650043625
52343,0.27583374863798227
52344,2.4237103708615315
52345,2.709098037400768
52346,1.047412523380391
52347,0.5904299895241003
52348,1.5628062244730963
52349,1.7887958686622234
52350,1.1967638755713246
52351,3.1798541885720546
52352,1.4982313354513401
52353,3.3234261431133554
52354,1.8988375549338947
52355,3.3009247760011853
52356,1.6837211687829559
52357,3.182389556453078
52358,2.1753070910914722
52359,1.429199126117087
52360,1.304954326898926
52361,0.7121561994445109
52362,1.8445852830030596
52363,0.7644939623707678
52364,2.709781625997241
52365,1.9989320367456322
52366,2.2707906731686514
52367,1.5746304883257132
52368,2.742235730948611
52369,2.0744940361846353
52370,1.8739636288233932
52371,1.1364348329177894
52372,2.163515080258467
52373,1.845967715556359
52374,2.174531381564382
52375,3.7677417348580526
52376,0.8003254269794304
52377,2.00954950766587
52378,4.164557665002608
52379,1.6034499255374364
52380,1.9553605081242758
52381,0.8568203830164727
52382,2.873764730923842
52383,0.9910150907391291
52384,2.6864518992674142
52385,1.0188669929036571
52386,0.8980522381417622
52387,1.5025733953073832
52388,3.701455415175591
52389,0.9611866488794796
52390,2.960212433498018
52391,3.394776290653599
52392,4.592091866396405
52393,1.8781752002280463
52394,1.72435300745747
52395,2.4572129373575855
52396,2.0572429056007344
52397,1.7801327632113306
52398,2.599645316614019
52399,2.746530195262384
52400,2.8802674303569553
52401,1.3068703386611027
52402,0.8781411355526565
52403,2.3206241861506136
52404,2.5690735227020163
52405,2.1483898495032783
52406,2.1532652796501885
52407,0.8171891031865108
52408,5.492929367133858
52409,2.2181026155840335
52410,1.477260698939748
52411,1.5570925204053516
52412,2.767490744061096
52413,2.4310831696404627
52414,1.968727203828454
52415,0.912894052291481
52416,2.6190226986782967
52417,1.1888453444564426
52418,2.531377653295184
52419,1.1552934318564816
52420,4.170132368072618
52421,2.765733198409581
52422,2.007553680114544
52423,2.4036888518081163
52424,1.8789082747663066
52425,2.9962892406721586
52426,2.9188292254546617
52427,2.206330775793024
52428,1.241157363166625
52429,3.1674494880612407
52430,1.763396160546666
52431,2.0456404285667453
52432,3.5372522300522213
52433,1.348445534278202
52434,1.2691642399766785
52435,1.8759195559664796
52436,1.719101795404928
52437,2.779811670415544
52438,1.7873995634949473
52439,2.503944695423872
52440,0.37148738032451334
52441,0.6685623041891553
52442,1.5606126159887346
52443,2.3985809333985664
52444,2.9795439251220195
52445,2.7585809934173575
52446,2.9090286547842403
52447,2.266719218442635
52448,1.6429946941659956
52449,2.717570263345582
52450,2.9005073982126284
52451,2.2642146651674615
52452,5.0743758751737325
52453,2.137542690774925
52454,1.4793153709489992
52455,3.083955078655638
52456,1.0809715481487565
52457,2.093630143263855
52458,1.2873226168464136
52459,1.1544413271985299
52460,2.578304306082064
52461,1.5687749453103699
52462,3.491919800279991
52463,3.1569908888205624
52464,0.9146685674765287
52465,1.6764127542427936
52466,2.2111875502238867
52467,2.2088279944686953
52468,2.270799932235864
52469,2.577515618122451
52470,1.795443464055385
52471,5.212336955634047
52472,3.3021925531922456
52473,0.9837553872447735
52474,2.2973695576771895
52475,0.6927385151042991
52476,1.267056330761907
52477,2.166235110454611
52478,2.9732942045419897
52479,1.1329009009462006
52480,1.0191731482888606
52481,2.337853101963791
52482,0.9963730938627897
52483,0.8340993649194708
52484,2.1146956678114783
52485,0.9993979244359288
52486,2.0531079684622036
52487,2.931427725536711
52488,2.4079444632551237
52489,0.844390513735366
52490,2.372961231411356
52491,1.5654614272016865
52492,3.055227107538091
52493,0.43527340328055075
52494,1.2846161357831
52495,2.5499996316657167
52496,1.1742106147140454
52497,1.388953945922541
52498,2.7639872061269024
52499,2.2553673786903268
52500,1.8412860514389457
52501,1.4843820842340598
52502,3.05805200433608
52503,4.473066789501846
52504,0.6493685604640724
52505,2.340618552337478
52506,2.4627357701656116
52507,2.7041594880855406
52508,2.3641031829440387
52509,0.9221401751845839
52510,3.184082245203772
52511,3.456771140891764
52512,4.0448740835769605
52513,1.4767874732482404
52514,1.1969307166140801
52515,2.491451559174866
52516,1.9176551997308628
52517,2.2398276583700785
52518,1.0770326041262344
52519,1.3232209659896945
52520,2.745761904850614
52521,1.3650561831677557
52522,2.7869681176440544
52523,1.8341545012560267
52524,1.1013229869367684
52525,1.6578262034128564
52526,1.315429551121273
52527,0.46464619868058676
52528,2.3676143537382224
52529,1.3385597267516722
52530,2.2928314279068367
52531,1.9033612982617178
52532,2.008480232020421
52533,2.557240791187329
52534,1.5853990438435268
52535,3.1850080086262587
52536,2.1175620440388947
52537,2.7632507127464727
52538,1.15153606419452
52539,3.370072977394731
52540,1.4764759216996062
52541,2.6295590746178767
52542,1.189195146117175
52543,3.1246814575530983
52544,1.6526923910177693
52545,1.422493158873241
52546,1.566173345328739
52547,1.3724735557378587
52548,4.1458982305869405
52549,1.87351458263797
52550,2.1992008697855887
52551,3.0213746514915307
52552,2.096571173378127
52553,2.6781471055045394
52554,0.3189724092410451
52555,3.1716171602651038
52556,4.873220850328611
52557,2.620178074476602
52558,3.0164081290110154
52559,1.9961573104519097
52560,2.2052253940740947
52561,2.47178534336064
52562,2.98884790006446
52563,4.010435646003433
52564,1.2600583886438166
52565,2.2869846912262553
52566,1.4298207716004505
52567,1.9856731254006412
52568,2.102185778638276
52569,1.8505869437873947
52570,2.4772475428201552
52571,1.617347129660093
52572,1.8395144549126918
52573,2.435521794797527
52574,3.636882918675216
52575,1.1338619852156206
52576,1.9825603218142795
52577,1.7835609120865321
52578,4.110595218162874
52579,3.392694443509189
52580,0.9686202867572611
52581,2.39058273808644
52582,2.174229251837094
52583,1.6162230725284168
52584,2.3290598069683632
52585,0.8697452332218383
52586,1.622826311145463
52587,0.7709223217684134
52588,1.8073987809392271
52589,4.2189734875981095
52590,2.0740229450602676
52591,2.821621372814551
52592,2.0967607971023234
52593,2.556209736072251
52594,3.224592509249792
52595,2.1377205353213107
52596,2.243563248680349
52597,2.2253236228385767
52598,1.6539675870954689
52599,1.302906637413546
52600,1.8602631059260126
52601,1.4577105668877302
52602,1.3650431753878856
52603,0.7052885526670458
52604,3.1501236926779974
52605,2.172071092792695
52606,1.0435794733161892
52607,2.6061679349585667
52608,2.9618530377775336
52609,1.5190193060076105
52610,1.052086912659039
52611,1.8687065991367469
52612,2.551841882194058
52613,3.4585221872274907
52614,2.607581529179445
52615,3.0848757572945864
52616,0.7311476827989942
52617,2.643537746677314
52618,2.0227238633906133
52619,2.5585980042980374
52620,1.781773412104517
52621,2.117969038531104
52622,1.4495721118027554
52623,0.978505333791734
52624,3.1491655166555326
52625,2.630274863448509
52626,2.8277795384170226
52627,1.2241955159927649
52628,1.6324659616681778
52629,1.3909941612867875
52630,1.694360422507419
52631,4.338896413232792
52632,4.053711975534473
52633,2.0742465509135464
52634,1.186391175712064
52635,2.3221885857813085
52636,2.0946356668772275
52637,3.7272992064272934
52638,2.4617424623537296
52639,0.418672363870602
52640,0.8517585307090236
52641,2.137868142309916
52642,1.3743436873833765
52643,1.5779458202159482
52644,1.2699546782517395
52645,1.5284501053696466
52646,1.4401058157079838
52647,2.462589973779618
52648,2.6839269696112673
52649,1.3283892025410786
52650,1.1084775132222582
52651,1.1552421868255784
52652,2.9317902033483314
52653,2.590995472210185
52654,1.8115588240507385
52655,1.141370880045148
52656,2.9855491325536185
52657,6.754000343973363
52658,2.184981764413042
52659,1.328630382695625
52660,2.16809141714322
52661,1.37338044250723
52662,2.0775488651365244
52663,2.8306343824570526
52664,0.8827184532357002
52665,1.468305831867415
52666,1.826527667598274
52667,1.53495082316849
52668,2.0716356150946673
52669,2.4414191218810437
52670,3.106617628623386
52671,2.0873314159543135
52672,1.0284725748722572
52673,1.9550518504958099
52674,2.8562025606071053
52675,3.911626036769352
52676,1.3107387630804546
52677,3.864530039582977
52678,3.08736097015424
52679,4.279225685579835
52680,1.1921520054500583
52681,1.4953357993741214
52682,3.3359752937150837
52683,2.800409457262763
52684,0.9208134686748544
52685,2.6091228451652206
52686,2.3373655283971324
52687,1.4381929193254486
52688,2.6562753999755024
52689,1.6540370461357305
52690,1.5374431350627198
52691,1.0592503438337282
52692,1.9713821655122707
52693,2.1779734455200277
52694,1.2423643701496907
52695,2.057711736546029
52696,1.196333381110069
52697,1.2215806435967842
52698,1.2267285102030066
52699,1.1904332991290723
52700,2.2035669672641838
52701,2.0976260260718256
52702,3.1879010692496514
52703,4.395710963718617
52704,1.1344705121742074
52705,1.3762299820293755
52706,1.721089833523397
52707,1.9703768706944835
52708,1.5713175595680902
52709,2.4743614349474434
52710,1.8693475913014375
52711,0.8684546073332946
52712,1.1962517087833398
52713,0.46112875253368557
52714,1.8293334080813715
52715,2.879583818914913
52716,1.5171616532983343
52717,2.2831305319769264
52718,4.956169124042564
52719,1.6364746448076666
52720,1.4548872487905022
52721,-0.9485414082063777
52722,3.4075339432317016
52723,1.579047671651015
52724,1.1062314719103519
52725,1.6897846250820159
52726,2.4652622269042332
52727,1.7088879528827512
52728,2.5716970131559727
52729,2.0803442701011967
52730,2.3891681860059784
52731,1.5287389199539412
52732,1.309639045152327
52733,3.9287091589811247
52734,1.7191318363640882
52735,2.349133480138537
52736,3.5955235636791123
52737,2.288029835536694
52738,3.025759724075872
52739,1.292720731180058
52740,1.6920685755176272
52741,5.063140003453956
52742,2.7189105752034983
52743,3.7501954358751313
52744,5.044474556287131
52745,1.5116310015753278
52746,0.8131167423494254
52747,1.6746616421812668
52748,2.8817146601206822
52749,2.049634815416315
52750,2.9767694441509924
52751,0.832278844116761
52752,2.556082802766017
52753,2.069153699262987
52754,1.7687002840262132
52755,1.0851697009301269
52756,2.0565043727669696
52757,1.5804834237948775
52758,3.8720581770164735
52759,0.8587587963798207
52760,2.713227538092898
52761,1.7015530929921603
52762,2.118319998995606
52763,2.602081793457817
52764,1.1545524956697228
52765,1.445379763582995
52766,0.8299921980079468
52767,1.0633694362240398
52768,2.0617972439980896
52769,1.4141573711427249
52770,0.5919790337142992
52771,2.751547454005138
52772,2.5784597895182095
52773,0.8318425288834739
52774,1.3691035730344119
52775,2.5315890323180135
52776,0.8144269613604003
52777,3.0445011370086696
52778,1.730107436529071
52779,2.8255267113463596
52780,3.6193411109520106
52781,0.8800325345421278
52782,2.4249381601331415
52783,3.178648805386647
52784,1.5171573970607746
52785,1.799814316101024
52786,1.9899160202814166
52787,3.0116941487167743
52788,2.4474390906561077
52789,1.0123425907637547
52790,3.246593539027973
52791,1.9518920639547197
52792,1.9613527254802285
52793,1.0725483180462199
52794,2.5258528348576625
52795,3.1251619367414527
52796,2.085187050132138
52797,2.7478960151488003
52798,0.9772802282347222
52799,2.959168287674917
52800,0.436427942505933
52801,3.3089029942498804
52802,4.4289818805153836
52803,3.5114784894064464
52804,0.8395254985204339
52805,2.8860646504973353
52806,1.0387033110932045
52807,2.9036710686502865
52808,0.6721184176404371
52809,1.3778359439806458
52810,1.4878310598326188
52811,2.4350947849622777
52812,1.790570415588494
52813,1.2945706464988156
52814,1.1198289954323322
52815,1.6051877244389097
52816,2.3740153113626583
52817,1.6289174740029786
52818,1.9961357786431542
52819,3.0867856898967467
52820,0.9711777612092796
52821,2.729973330920192
52822,1.5599321200884937
52823,3.194024434853052
52824,1.3979683035421466
52825,1.4262663490964123
52826,1.0261060132944841
52827,1.234767317123076
52828,2.3624049679030783
52829,1.5094482320521116
52830,3.4834756920365386
52831,2.184403515628052
52832,1.114047032012241
52833,3.9453304049084785
52834,2.3702902298059065
52835,1.2899775200318437
52836,0.6316570708855842
52837,2.588038463541526
52838,1.1063366684254312
52839,1.6359305915852396
52840,2.1372664152506253
52841,1.3336708536003279
52842,0.6152529396796389
52843,2.590583426552744
52844,2.0472383113597807
52845,1.874497334016997
52846,2.91093286114614
52847,2.5788899592787153
52848,2.7463907730072528
52849,1.693392127794727
52850,1.0752655039048058
52851,2.495764773769938
52852,0.43233501946602715
52853,2.30281305918513
52854,2.1039809233556106
52855,3.8490128021678096
52856,2.7387245096023243
52857,1.6151941318543699
52858,1.6650481571461775
52859,2.693038293376336
52860,1.7566017837643564
52861,2.044443761743711
52862,1.133499481032036
52863,0.8538617513830253
52864,1.0347142506856564
52865,3.750282881006658
52866,1.6735738910883846
52867,2.5718713345633013
52868,2.0943385175876053
52869,2.833076626245802
52870,1.162914976995868
52871,3.371489936491262
52872,1.9784103210757884
52873,1.8316577829738812
52874,1.0582167988694984
52875,2.0723236293342246
52876,0.9110556281779374
52877,1.556326285158807
52878,1.3740813775032485
52879,0.7663858444937297
52880,1.261251002452088
52881,1.4647576699602247
52882,2.767745282675353
52883,0.7684020153276414
52884,2.335559499192758
52885,2.5632326132341383
52886,0.9338510291648312
52887,2.723859933499316
52888,0.5253466256069181
52889,2.101442932393528
52890,2.1582428968681917
52891,1.8591328049982998
52892,1.0187870749449282
52893,1.2451036307173844
52894,2.1219855310380673
52895,1.7400196920869213
52896,2.5479264736249867
52897,0.7018031879304978
52898,1.169843980360472
52899,1.4651271928290477
52900,0.5779595632894292
52901,1.933847178915304
52902,1.7564878620173126
52903,1.4426920753791173
52904,1.5586659136560037
52905,1.822127773768134
52906,3.1344455017070665
52907,0.91285685702886
52908,1.6982878216755672
52909,1.3919826663123906
52910,2.6871503416871043
52911,1.8363290900794063
52912,4.834056244298726
52913,1.7430066791803576
52914,1.7230543948741435
52915,1.8635558772186336
52916,1.2428027137339406
52917,3.4511345817301766
52918,1.6565557674881042
52919,2.111117975173162
52920,1.4831271334070983
52921,2.759684820669154
52922,1.8831959891930445
52923,2.074409528445077
52924,1.4166989944975832
52925,2.1835667464012296
52926,3.166843615888016
52927,2.3246600419805397
52928,1.3207629881532377
52929,1.5079932060978685
52930,1.8377671537144842
52931,0.7518928331823851
52932,3.0213995953730297
52933,1.2938699495250638
52934,1.8547781749169339
52935,2.1274222927306177
52936,2.998644665691618
52937,1.3044161469883058
52938,2.1117099984085748
52939,1.445997574072397
52940,1.167172986874835
52941,1.8482864472715654
52942,2.342237957194019
52943,2.1311927385697835
52944,1.5971890390529815
52945,3.2610374005289806
52946,0.9834423264651129
52947,1.284379555171487
52948,1.724445927289569
52949,1.400903498900366
52950,3.2084905342403296
52951,2.25304210186572
52952,1.2596752871889159
52953,4.615602778128622
52954,2.1785502708784783
52955,2.860821018074379
52956,3.6469230475152052
52957,1.1001696828467153
52958,0.8759293113305127
52959,2.8632723472303248
52960,4.394591491582393
52961,2.0372186933333047
52962,3.186018368513036
52963,1.7630890231506022
52964,3.391510500657379
52965,3.1979953834300012
52966,1.825223010557469
52967,2.2756957833412947
52968,1.836228345372266
52969,1.904547693120211
52970,2.3182753951845463
52971,1.8235730448148537
52972,1.4971457373637271
52973,0.9021696382802169
52974,0.6051222355415611
52975,2.9235886673674294
52976,4.35578646109548
52977,4.825505937551785
52978,2.138441436077077
52979,2.5197651894585285
52980,1.1488932455144756
52981,1.4151101914565665
52982,1.4367360442345536
52983,1.7144411686638001
52984,1.1660997645422846
52985,1.9860853386439068
52986,2.425092446554661
52987,1.389207352643755
52988,3.6920314834961268
52989,1.1881638181359229
52990,2.006982597919862
52991,1.764458682244598
52992,3.4701897375103705
52993,1.5257386402370692
52994,2.9217586656018604
52995,1.6528993278760034
52996,1.3473804640792686
52997,1.6976805464923395
52998,1.8257083578159872
52999,2.61479238082541
53000,2.7903510627158745
53001,2.392490445046125
53002,1.6300734502026195
53003,1.4056337528354597
53004,1.299446044677726
53005,1.9630548383559052
53006,0.959316664896793
53007,3.9744580028161955
53008,1.8981327773748013
53009,1.8117633185933961
53010,1.6442083154394744
53011,1.705734143945822
53012,1.5002898841595034
53013,2.386009031101853
53014,1.1434478842667524
53015,2.2699958585919866
53016,1.672053557569459
53017,2.1619890077603436
53018,1.7650249657348276
53019,2.7007042418315486
53020,4.309630213960762
53021,3.3366138840223734
53022,2.5434928003127233
53023,1.2546148488049518
53024,3.93855133077847
53025,1.8276495337239886
53026,1.50599514389015
53027,1.9063833467507756
53028,4.757452346506231
53029,2.2531827268264557
53030,3.986029037616394
53031,3.173438532069813
53032,1.45140618535115
53033,5.297627112720594
53034,1.0352800958710624
53035,1.2612947075786032
53036,1.1969620767462494
53037,2.476310639861513
53038,1.2373999508764122
53039,2.8740581001269767
53040,1.3550703149522612
53041,2.8415558691806133
53042,3.562841111940603
53043,2.216721498579492
53044,2.9275184532635343
53045,1.4548733100088818
53046,2.028606126915779
53047,2.6516515945174923
53048,2.6977664387261235
53049,2.0339193137344616
53050,0.9867179623600215
53051,2.2703705859670755
53052,2.7969521532748196
53053,2.495565163718087
53054,2.5651769572652974
53055,1.8639297409500308
53056,1.724273951485717
53057,2.432774551319458
53058,2.3946949921849274
53059,1.1833841475040892
53060,2.3186996608061783
53061,2.6164118752100514
53062,1.7833823003382498
53063,1.4318137786118577
53064,1.0365581857934707
53065,3.730771292733383
53066,2.75752008338657
53067,2.1654911964861903
53068,1.6776048294761416
53069,1.0760901437060717
53070,1.9794054191512238
53071,1.0856649512947776
53072,3.0061056906090364
53073,0.8273360110768841
53074,2.5389915978113926
53075,2.6188027289459974
53076,2.371949575634492
53077,2.058589454699618
53078,1.8462158382711529
53079,2.1465542502965924
53080,3.3072386842359016
53081,0.9412032508434756
53082,2.9723301254219656
53083,1.3334820109217311
53084,3.734901815311506
53085,4.1399635337496115
53086,1.817518403687874
53087,3.2747856647160383
53088,2.029736120223337
53089,0.3049860542934404
53090,0.9719107167837286
53091,0.9330238972087876
53092,1.0088168932622956
53093,2.2601696605443102
53094,2.983015023276412
53095,1.7297964523399436
53096,1.1072057431870554
53097,2.0171950639384626
53098,3.6830772003890537
53099,1.6229878387864183
53100,0.8977443795038376
53101,1.5800303763180956
53102,2.8503994748240054
53103,2.147633948188801
53104,1.4239802365339962
53105,1.4849962991096994
53106,3.628241536147417
53107,1.3001039567331283
53108,1.632875187304652
53109,1.7424510516785894
53110,0.7108847133176859
53111,2.248160609376928
53112,1.459706910723444
53113,1.7287750557194137
53114,3.4564161782357736
53115,3.408192545604013
53116,1.951785192849261
53117,2.294544235296147
53118,1.6777138438519366
53119,2.1697784077795497
53120,3.1535806661288497
53121,2.2129197130413196
53122,3.3097509967125838
53123,-119.40922841964016
53124,1.4741476188656044
53125,1.3926662749840695
53126,2.4230827219487914
53127,0.418617090159902
53128,3.39984762382392
53129,2.437936083095938
53130,2.1510644614544425
53131,1.9926947454826553
53132,2.4297561065185427
53133,2.845181267921536
53134,2.1117280165573256
53135,2.412040938474437
53136,-0.008256207098323642
53137,1.7738772981395847
53138,3.3956740218913275
53139,1.6507337700567781
53140,1.8821279834216718
53141,2.3664992292710174
53142,2.814688668881619
53143,1.6806554208908473
53144,2.4944854417038904
53145,1.9742492166312537
53146,1.6958065703229899
53147,1.3089807443651331
53148,2.1989536221028096
53149,2.306704436707566
53150,2.202127027424698
53151,2.273260249297781
53152,2.190283855819164
53153,2.3421875470335785
53154,2.173388821906375
53155,1.189481808963226
53156,2.640470425152021
53157,1.7448184110002138
53158,0.643843549744151
53159,3.3698306672472462
53160,1.508217754955016
53161,3.1847830413729277
53162,2.644495622748085
53163,0.8328697446021671
53164,2.2244824367282696
53165,0.4192637776230903
53166,2.008244193981401
53167,2.4657086739870557
53168,0.5832796475276076
53169,3.0038482341396993
53170,1.6909943270073917
53171,3.522020221875497
53172,3.7305689050367654
53173,2.358171010400188
53174,1.0621768923078783
53175,1.0957426633264653
53176,0.8380227956286923
53177,1.0796552974066493
53178,2.0838357745266514
53179,1.6748648151693182
53180,1.7041699561195323
53181,1.8367128637735313
53182,2.147380592739868
53183,1.0616800844755154
53184,3.0180785964115877
53185,2.287230070535916
53186,0.9047442480302301
53187,2.0331947307522604
53188,2.1944907882331997
53189,0.5116630723437687
53190,2.8678541026735367
53191,0.6011642104617501
53192,1.262702114763048
53193,1.8892696917099308
53194,2.0451353135147237
53195,3.135408194785132
53196,1.0911455000069772
53197,1.3502802281316129
53198,3.0714316480028323
53199,3.0099185452963617
53200,0.9435554580757106
53201,1.1965141833921713
53202,1.4600540214065099
53203,3.1701295811595323
53204,3.158030789512285
53205,1.8422473573056983
53206,3.3076786559877895
53207,1.1668473185211532
53208,2.455914752769477
53209,1.9134990794777345
53210,1.7804531522174507
53211,2.5256736317624053
53212,1.400695587548487
53213,1.730622709476794
53214,1.324791532883129
53215,1.6244337260311887
53216,1.0737654227728832
53217,1.8449413365740703
53218,2.7171566812627965
53219,2.8011096934640456
53220,1.0736091145639968
53221,3.7328374296520828
53222,2.4385904896822588
53223,1.2931340755826604
53224,1.7836912413524182
53225,3.1919040177933518
53226,0.8212231814096675
53227,2.549557952512263
53228,0.8715817521340803
53229,2.6711365651501673
53230,2.8114210942793
53231,2.5153971098414765
53232,1.2804750440673196
53233,1.4204841652620566
53234,0.7657749286086677
53235,2.7743166759189997
53236,0.5918500300772145
53237,1.7615255728658532
53238,0.7984288855740296
53239,2.5107026974515385
53240,1.2026632675469706
53241,2.4296857677926234
53242,3.1733244795418365
53243,1.1295289016786718
53244,0.8115102520508835
53245,2.441982496640552
53246,0.66372867617034
53247,1.494932694557324
53248,0.5874293172416607
53249,1.8388872650954546
53250,2.935717506187391
53251,1.6024746166605333
53252,5.510798431575953
53253,1.8145000824836508
53254,1.4277561059870187
53255,2.2526611908133454
53256,0.8024936812796035
53257,1.0135714438385186
53258,3.776166234834708
53259,0.9210233356055291
53260,2.65382282662819
53261,1.8405981528417534
53262,1.7499586340770499
53263,1.470390622297149
53264,1.6081719762501656
53265,2.5126601460798987
53266,0.8964914146688763
53267,1.96039506548178
53268,2.7846218535205516
53269,3.650914976246842
53270,2.1678636068147092
53271,1.1940082963152783
53272,1.654676569015411
53273,1.1329632405673102
53274,2.5785952421772187
53275,2.313007302159523
53276,1.8600946280840311
53277,3.58213723933358
53278,3.2504193614946395
53279,0.640762440581117
53280,2.0045958053998767
53281,1.6791611995966242
53282,2.251981585254473
53283,1.919327914597151
53284,2.2880338979818795
53285,0.4625076813865583
53286,3.5352021079819202
53287,1.2545353121144025
53288,2.7131037284970922
53289,1.9049783082896035
53290,1.233701553956795
53291,2.792420919919241
53292,5.171068900001192
53293,2.524071420766692
53294,1.9842535953253027
53295,2.9815584986155024
53296,2.4978654240827645
53297,2.517412399227542
53298,4.641146976723068
53299,2.4817477131354657
53300,1.319174602794508
53301,3.8188276047602336
53302,1.2226047311627077
53303,1.7390332983328882
53304,1.7065458402753144
53305,3.8552714621952227
53306,2.8165274297373095
53307,3.3598291622209366
53308,1.86245955045678
53309,1.6561508063373402
53310,4.124529195016894
53311,2.4483271562053552
53312,3.0440351930157057
53313,1.7127201875189293
53314,1.5847580971405968
53315,2.9731055120306316
53316,2.2998008045331666
53317,0.9845444176668856
53318,2.7076190453507856
53319,2.329990669558473
53320,2.25323184809557
53321,1.9749226117811567
53322,1.9360241746661622
53323,2.6554999090732885
53324,2.253530738428882
53325,-0.2032117606245798
53326,1.9954513700031988
53327,2.2729157502753345
53328,4.369450718291407
53329,0.980544640572365
53330,2.4206627324354635
53331,1.9500355438098644
53332,1.3413536880381436
53333,2.4007095855610068
53334,3.1302701903983667
53335,1.0458983782814961
53336,2.2752846313253805
53337,1.9649652143934766
53338,2.1647251498237985
53339,1.8361768680585477
53340,0.812535888222147
53341,1.7786909291715496
53342,2.551601490811013
53343,2.249316478803113
53344,1.451731351556223
53345,2.550721017789588
53346,1.330924110215964
53347,4.292235970974648
53348,2.1765813901185176
53349,2.0712747640853344
53350,1.3250126861186722
53351,2.4703249922819204
53352,2.772023686319816
53353,1.8936448348152943
53354,1.9618783774692226
53355,1.815396017479518
53356,1.4241314579162783
53357,3.6613548225902584
53358,2.716239084835255
53359,0.6763603897103998
53360,2.4741971667340046
53361,1.4527582967454897
53362,2.5674389919491354
53363,2.4513833919247965
53364,0.6530225976960402
53365,0.9309103376169254
53366,2.4629802352576498
53367,1.1158044729962207
53368,2.2300519209925405
53369,1.2689096798920083
53370,0.7048693593064037
53371,2.005663535360501
53372,2.0007903550733808
53373,1.5996627913321824
53374,2.363781395243169
53375,1.1636115967364766
53376,3.167614450434346
53377,1.5080052127865464
53378,1.8393609633394057
53379,1.7234775307579646
53380,2.488634329556593
53381,2.793893594549335
53382,1.8098327115254769
53383,1.1628594764331162
53384,1.796058533404878
53385,2.4106910841893274
53386,1.8868505137178921
53387,1.8558229053569484
53388,3.4176525796905572
53389,2.27575094544466
53390,1.8957914855073206
53391,2.6598328854840965
53392,1.0851895298426122
53393,1.4137847207030383
53394,4.380997837308659
53395,1.9129873198361373
53396,3.0334303873750663
53397,1.5167050764933414
53398,2.2110845079551247
53399,3.3116463236922336
53400,1.1144005635465
53401,0.9728455128200473
53402,1.722208363289699
53403,2.8131398272656476
53404,2.5660320068525415
53405,3.7132395398045084
53406,3.060254368083438
53407,3.336550269177625
53408,3.1313225498378507
53409,1.2240004725319444
53410,1.0832909261331487
53411,2.621331837928583
53412,1.639554676810267
53413,2.2414557514524667
53414,3.526417330015992
53415,2.3131285461422273
53416,0.5608821543332603
53417,1.4467339634190104
53418,1.833167298107643
53419,1.135469706125324
53420,2.2328845783595206
53421,1.5407632408272072
53422,1.071717753051221
53423,0.9961288715740899
53424,1.5377879576997806
53425,1.377025831784639
53426,1.8350368257833942
53427,1.321802581494385
53428,2.3832487111812135
53429,2.477492702308499
53430,0.7879924258190449
53431,0.440613187586937
53432,2.7409711547974247
53433,2.222425768609387
53434,2.362081538411676
53435,2.386616305927678
53436,1.00799873338838
53437,2.5058768661831756
53438,2.246792771866584
53439,3.4079326867547515
53440,1.117753783599671
53441,1.4265473516318856
53442,3.244845507472892
53443,1.9444381538047573
53444,3.005231103585917
53445,2.593946408643607
53446,2.6863463638555665
53447,1.0902709427354331
53448,1.8445129169229837
53449,4.65751209020414
53450,1.5382555823665633
53451,0.9326971807553583
53452,3.088258357461857
53453,2.431841838562665
53454,1.6778626096474945
53455,1.1222708329557953
53456,3.634197552790031
53457,2.073667906083532
53458,2.911537757863872
53459,1.435114718873539
53460,0.5218018589928342
53461,1.2657103555559992
53462,1.937294770754054
53463,1.3499386138691456
53464,2.389368098068534
53465,3.293922452600018
53466,2.687844765248972
53467,3.6305182570295678
53468,2.7266117103807836
53469,1.503208112554109
53470,1.881748863170035
53471,2.5580119571916136
53472,2.3378352628660686
53473,0.9042809412266344
53474,3.457436879987487
53475,0.9587047511620632
53476,2.0678007805682945
53477,2.376887485584124
53478,1.9186755174623364
53479,2.5161514919380217
53480,3.0060854366097693
53481,0.609932279197924
53482,0.8278951305461284
53483,1.424620922265209
53484,1.695580201206102
53485,1.8797091842983527
53486,1.5212808265921787
53487,1.0701289960086093
53488,1.5252975681427792
53489,2.568156179682976
53490,2.4155042469495562
53491,2.8502166591090976
53492,1.9600971501389814
53493,2.061636805564209
53494,3.7792249426540856
53495,2.5682867293922165
53496,2.457134189351539
53497,0.4286161844141283
53498,4.808527610960031
53499,1.99736485203562
53500,1.092594189043755
53501,1.7322746439600714
53502,1.724741671461775
53503,3.4648191052727704
53504,4.695583699254829
53505,1.7405091072609231
53506,2.836773038595684
53507,1.8365244651033983
53508,1.7635604654425983
53509,2.714870311559057
53510,1.115356937250315
53511,1.6249641045220962
53512,1.3305696375201173
53513,1.9149132193244078
53514,3.2826800460734127
53515,2.3212305396654678
53516,1.91776097139007
53517,1.5609689284334287
53518,1.5109655658180579
53519,1.4236115763392583
53520,1.700323809568264
53521,0.918642863637789
53522,1.9710232192215393
53523,1.753065633169573
53524,2.3763345600422134
53525,1.9876395262529378
53526,2.677488974335038
53527,1.9117715524301708
53528,1.7279881352393751
53529,2.602884264061718
53530,1.467873679083997
53531,2.623943052856138
53532,3.8004675037985898
53533,3.0743475741263673
53534,2.669368281120118
53535,3.752952121170754
53536,2.795225172914261
53537,0.7374465258459715
53538,1.1368219416300214
53539,0.859062110467324
53540,2.5734786147689057
53541,1.4693927769766653
53542,1.0387283732476398
53543,0.5808031309191541
53544,1.6188458225495346
53545,1.1093784002086444
53546,2.4798852900311523
53547,3.0326728043924938
53548,2.05087186610837
53549,2.1168700789099013
53550,1.5702508518133165
53551,0.8833923765462863
53552,2.856594438420334
53553,0.7018785237588823
53554,3.062461181504208
53555,2.351534106195377
53556,1.3628898596155103
53557,1.8442274307283277
53558,2.058450025488046
53559,3.5429464894590446
53560,0.7390523936619253
53561,1.8737333387980506
53562,3.498717091994795
53563,3.180544548739139
53564,3.069854842450443
53565,0.625375381017907
53566,1.1152603966070878
53567,1.0779118984139906
53568,1.0223206918171606
53569,2.7094275072119025
53570,2.6277360525684834
53571,1.6830259556937825
53572,2.2730504792037927
53573,2.488067580991359
53574,1.1192187973520085
53575,1.1909418276960402
53576,2.2467764033273205
53577,0.9571666525320701
53578,1.277026207325779
53579,1.8165549137656036
53580,0.860133608360119
53581,1.042421510866948
53582,1.9688542706395573
53583,1.8461781878573085
53584,0.9256240252432271
53585,2.403407145891098
53586,2.087356740654375
53587,1.2431167564070797
53588,3.037203225224463
53589,3.0680852381740102
53590,1.6914017361083644
53591,1.1121124698561324
53592,2.1025931180561805
53593,1.0568802407171383
53594,1.7134607026365138
53595,2.700460895615752
53596,0.9391094333246635
53597,1.5280601242775766
53598,1.7400389978237918
53599,3.618038876692001
53600,3.2462842931229297
53601,5.003353120574335
53602,1.9775269311209094
53603,1.5407307765613645
53604,1.4049133004165562
53605,1.3214079029777714
53606,3.0089241359474705
53607,2.413506016192006
53608,2.539259725699427
53609,2.792511528601043
53610,0.5160095817247203
53611,3.8785361399813247
53612,3.2856215237439166
53613,2.952903094776449
53614,4.084051961143619
53615,2.4274409895960822
53616,2.3643728304354603
53617,1.266306997374702
53618,3.2286703103933156
53619,2.028944516971368
53620,4.282217514323296
53621,6.176843873832642
53622,2.483754044190622
53623,2.1477989302674168
53624,3.3925872743666368
53625,1.8840018149980473
53626,3.1835567612224374
53627,2.5841150643833863
53628,1.6735650257556962
53629,1.6996948971190058
53630,1.8065931033102096
53631,1.1215427746597904
53632,2.2342842749005634
53633,1.5080902629730168
53634,1.003821811026544
53635,2.644826823693169
53636,2.7886190316220087
53637,1.9544839644466698
53638,4.487726719232061
53639,2.157784966263538
53640,3.1690228248028554
53641,0.7392280730714766
53642,1.5546185548818734
53643,2.3216168905487997
53644,2.0520389883612644
53645,2.4681226239426373
53646,0.8358675935134592
53647,2.737878875284995
53648,1.6173559511344457
53649,2.310890122931742
53650,4.884634198687682
53651,0.7518432525522236
53652,2.1541061712627574
53653,2.444953153070916
53654,2.244118318072143
53655,3.0740711499015596
53656,1.2507689481080355
53657,2.0661436656865
53658,0.6603087860553138
53659,2.8520417097556994
53660,0.9011669032697434
53661,2.4303973660200064
53662,1.5962976231773816
53663,2.6937408631168616
53664,3.0999642085763846
53665,2.1132361961385904
53666,2.12721409176223
53667,1.9803183590158575
53668,1.1223073015299612
53669,2.342671259117683
53670,3.3704380021613964
53671,4.199192749731996
53672,2.8488324871739827
53673,1.1679456191294868
53674,3.073230122553813
53675,2.12905937826088
53676,1.5316976882517146
53677,2.0991080252016765
53678,1.8713891256420858
53679,2.5633294212490263
53680,2.7446591286046136
53681,2.3649538811284607
53682,3.422550752599026
53683,2.0327953641516707
53684,1.237530904870031
53685,1.1562310057454717
53686,1.4389361855980418
53687,2.0298167432426375
53688,2.1498646197651716
53689,1.4745470466422468
53690,2.1137961529713074
53691,2.1405201242769785
53692,1.930572251932464
53693,0.7218704489698133
53694,1.6097419122717476
53695,0.9331298110082606
53696,1.0142516267879422
53697,3.524290536538647
53698,4.064872242167699
53699,1.780204161007223
53700,0.6657330387940341
53701,2.8306621160287797
53702,3.090662530281069
53703,1.6255251311602343
53704,2.366204443248794
53705,1.8898867431850341
53706,1.764509805740719
53707,2.6429231107820534
53708,0.8250263624098899
53709,1.6430324471080304
53710,2.9267241833109985
53711,1.0820961808808
53712,2.683889733654045
53713,2.7215367098977232
53714,1.1215386653249801
53715,3.3991113811132756
53716,3.130603274785134
53717,2.8106245007284407
53718,2.4686932565990993
53719,3.0184518509107967
53720,1.3981447755680314
53721,1.5063360447347698
53722,0.7118948231822095
53723,3.1863767322533967
53724,0.6296993413967904
53725,2.1876174144458425
53726,2.110301689422645
53727,0.736165665658806
53728,1.8972236349855827
53729,2.127858734776428
53730,3.74107938558274
53731,1.2697268278498406
53732,2.7618219245146243
53733,0.8549797918083506
53734,2.3087261621916504
53735,2.4804692078104473
53736,2.7430299699958347
53737,1.1758728802990426
53738,0.9708337933819884
53739,1.5017905965076217
53740,0.8676121951614597
53741,2.5267667489734755
53742,1.1932820138480373
53743,3.655289107627855
53744,2.44655279640293
53745,2.1695511241827923
53746,2.346972872705127
53747,1.739260182147806
53748,1.4925968267913596
53749,0.8994094962810131
53750,1.964815310380434
53751,2.488489579676955
53752,1.7917262920177315
53753,3.1757606094731194
53754,3.22323043076506
53755,1.1330261888977908
53756,0.6051006280073103
53757,3.144732900159145
53758,2.8288489851455587
53759,3.1246806590510836
53760,2.332343284382919
53761,3.76351689697157
53762,3.084547215985314
53763,3.448493297782253
53764,2.765122233876017
53765,1.7597638716311828
53766,2.627807148072268
53767,2.44316909370659
53768,2.268962735642962
53769,0.9579879357773997
53770,1.8433030685481562
53771,4.580005969616767
53772,1.8130169763595951
53773,3.2264177497415325
53774,1.1944196873332125
53775,2.5851030961760877
53776,2.443133294935425
53777,2.203353739704543
53778,1.1715109406139312
53779,2.5032904729908445
53780,1.8377764926825684
53781,3.8348326512339987
53782,1.1310305851382942
53783,3.968578315099993
53784,1.2851949198505146
53785,1.2054125873599482
53786,2.132760578553704
53787,2.484498144695383
53788,2.054547085887865
53789,0.9511051434755906
53790,2.148859402178662
53791,3.3141902724028434
53792,2.0567310501939495
53793,3.1294812488903325
53794,1.9692838282901768
53795,1.2740662934491276
53796,3.107994885866024
53797,1.4885723953964778
53798,3.179894924996578
53799,0.7099326046351031
53800,2.4751541590413275
53801,1.7847158989918661
53802,2.3320082510273927
53803,3.970028426501475
53804,2.156248128971132
53805,3.0587689606842936
53806,1.576599501437844
53807,2.579770350887376
53808,3.071399286352719
53809,1.31441919373734
53810,3.5753473135729372
53811,2.7235490082715366
53812,2.729885055210989
53813,1.8698445937646433
53814,1.7742215032934645
53815,2.0008307671935803
53816,2.495467518034591
53817,4.765764691669009
53818,4.281450425834354
53819,2.5401131992627803
53820,2.6195621751217892
53821,1.2698144946485748
53822,3.164515752314717
53823,2.282151023785193
53824,1.3493051449174551
53825,1.9723844650430387
53826,2.133412315574308
53827,2.403610028406778
53828,2.2185121040468836
53829,0.9306021675817284
53830,1.3821130273089643
53831,2.040987209996022
53832,1.558697589758598
53833,1.7983504468886657
53834,2.156866731309808
53835,1.3586991549236451
53836,4.948294370915736
53837,1.4358604913707929
53838,0.6950385443658753
53839,2.1886151840220016
53840,1.5006277053531427
53841,2.2969282209736015
53842,2.4343587503705955
53843,1.812119989175958
53844,2.7247806902924516
53845,1.6097792479557747
53846,-0.10631025569716357
53847,2.0994079238118992
53848,3.0411950911331793
53849,2.7492313733792493
53850,1.419032752521023
53851,2.1050720551566293
53852,1.4207880720439086
53853,1.9604131766284674
53854,2.4074546861459147
53855,2.4705973540490085
53856,1.278891025753385
53857,2.3462105701169698
53858,2.50656379863371
53859,2.7468192860122294
53860,1.0936379306908783
53861,1.2426175010068938
53862,4.122273939269096
53863,4.47687776607194
53864,1.6678272330107724
53865,2.116766436361477
53866,1.16681701324109
53867,1.218954171734655
53868,1.9812964406495759
53869,0.6625257752839993
53870,0.8301526533621804
53871,3.565406392006796
53872,3.0257651388138846
53873,1.5054999919057117
53874,1.0785414460079075
53875,2.661255174631979
53876,1.311709541193384
53877,2.582092613171344
53878,4.635001733103653
53879,4.150677053738409
53880,1.1123398734768877
53881,2.1353373629476415
53882,2.091087065289347
53883,2.1552336556495995
53884,1.4217441505294097
53885,3.6103058565952075
53886,1.1421785423549728
53887,1.2667407235610746
53888,0.8088491603209071
53889,1.5891302760589703
53890,0.9714789922093736
53891,1.1540814808517474
53892,2.1061138474665633
53893,1.473613313379932
53894,3.2921309258635496
53895,1.2271857391328531
53896,0.8928681656130131
53897,1.5349032853729376
53898,1.0234423536702941
53899,1.354163749794342
53900,0.6490753735167551
53901,2.0417429896299986
53902,1.4133646500721433
53903,0.7766478792358136
53904,2.8516538644414915
53905,1.4182916984188587
53906,2.1771141732827495
53907,2.112787410349487
53908,1.1449349510383833
53909,2.680466955267182
53910,3.0384054786178787
53911,1.2258304887396925
53912,1.120256238019838
53913,2.264031393428869
53914,4.11601654830304
53915,2.0758042340440888
53916,1.1315804464790666
53917,1.690870045359052
53918,0.6631905801208724
53919,1.7502629819250082
53920,1.9806343837919407
53921,1.7802192360571816
53922,1.3443612796806725
53923,1.5749689531906235
53924,2.7285399511339996
53925,2.1173097510626384
53926,2.3185248766455437
53927,2.1802972041551563
53928,1.7087740026018459
53929,0.6219357469701841
53930,3.3730343471953894
53931,2.2773290866546922
53932,1.771982064455191
53933,2.6454169669741
53934,1.7190765462923459
53935,0.5425973701843567
53936,2.740751807529737
53937,1.2368670369010637
53938,1.6635291081251786
53939,1.9106154818024699
53940,2.5264132856011123
53941,1.6896464767424426
53942,3.206777992517747
53943,1.4072439492814262
53944,2.8751847318594947
53945,1.5683712096706337
53946,1.7788136703621866
53947,1.2868310634651188
53948,4.041387355738156
53949,0.8459567962898156
53950,1.8659888454501505
53951,3.098952423731962
53952,1.885250415224622
53953,2.649278853778757
53954,2.8509054921690087
53955,3.049517102244156
53956,3.2032538686342242
53957,1.3773662299872775
53958,2.572903405406638
53959,0.6372519891702986
53960,1.3343741130174216
53961,4.161475974859801
53962,0.9406390822318009
53963,2.418963662887567
53964,0.7593362858379216
53965,4.453935810958573
53966,2.121479333267505
53967,2.1642353748565917
53968,1.4178179427917463
53969,1.3099730922486437
53970,2.176353492924509
53971,0.7109848540104657
53972,1.50636293470993
53973,0.6101095170165856
53974,2.931869766824068
53975,2.13295242634857
53976,2.5242096962037444
53977,3.6079278531062506
53978,5.318902253091782
53979,1.9339378474948923
53980,0.905357707384912
53981,0.9041665649771637
53982,1.8788798597370011
53983,0.991822643409197
53984,2.68710865195823
53985,1.6662967843091145
53986,1.8917068342580343
53987,1.5392741299515968
53988,1.2100954557685704
53989,2.366014384477186
53990,2.5529301494368077
53991,2.325720632423671
53992,3.5015013966379946
53993,2.5605988996513567
53994,1.9658829049971906
53995,2.906308237113908
53996,0.5430861404302654
53997,2.620815241550222
53998,2.7699249487236024
53999,3.2621916684715906
54000,1.9515603705994558
54001,1.6124093396775585
54002,2.668707967858726
54003,1.6851284152802215
54004,1.9094658627816194
54005,0.535206767188388
54006,1.3590045811385245
54007,1.855184739311344
54008,2.545029171797612
54009,1.2971897851253438
54010,1.4946221588844857
54011,1.132666138261687
54012,1.3858699014448241
54013,2.6350062163986685
54014,2.31613603496422
54015,2.2140009539115972
54016,1.7178737562748871
54017,3.566199928591434
54018,2.572959068942513
54019,1.6755061670609201
54020,1.106353816780942
54021,2.151396374725042
54022,1.0972190296968485
54023,1.0607377747441866
54024,1.9686939472350709
54025,2.6140726517595887
54026,0.4771341277108583
54027,2.754470198657433
54028,5.515912757474386
54029,3.4610369066552984
54030,2.601880423958196
54031,2.0811374456808416
54032,0.13895391468003382
54033,3.006123207481668
54034,2.6629374514055577
54035,1.7060516904357463
54036,1.5049883789807303
54037,2.451534062606303
54038,1.0196229495869922
54039,1.6901574378444515
54040,0.8499913290269525
54041,1.4889893308368336
54042,1.8036223929230495
54043,2.358488443644095
54044,1.2507700369135115
54045,1.109392271897125
54046,2.3960088421450543
54047,3.031323251404533
54048,1.9002947494897207
54049,2.0223072408055636
54050,1.9649263651376465
54051,2.852430342471454
54052,1.1987455169782244
54053,2.539758535744344
54054,1.3462768625321395
54055,1.515834370931092
54056,1.2354155589687288
54057,3.402584110971876
54058,1.1161363243089149
54059,1.3878240612084518
54060,2.2154501920490794
54061,0.8391610229043671
54062,2.6623668530391207
54063,2.7245513708410307
54064,2.049324212284237
54065,0.8338552314737946
54066,1.3801849908953479
54067,2.298298779287993
54068,1.1812135181573957
54069,1.5204984881170596
54070,5.674878316289895
54071,1.134341725408678
54072,1.8848137678272998
54073,5.477143292306611
54074,0.9626354807718691
54075,4.0387449992838675
54076,0.8997429061510367
54077,0.9029838016181522
54078,4.480388726765629
54079,2.2483434634131676
54080,3.5241700712409774
54081,2.950421509047093
54082,3.868586992158871
54083,2.629055962587106
54084,1.6770984031396132
54085,1.5486208282299323
54086,3.1361773817737664
54087,1.247909430739714
54088,2.4138453532213227
54089,1.2391159402176903
54090,0.5884520774762088
54091,2.6104316842921413
54092,1.6728123584985646
54093,3.1060374484869477
54094,2.5297826890574733
54095,1.6530206325555277
54096,2.5194248981105467
54097,2.3077804644327706
54098,1.1073048117318685
54099,1.8245551199869148
54100,0.9899320529659015
54101,1.758552710844004
54102,3.2388521192287705
54103,1.864106733411095
54104,0.6704032036019818
54105,0.8355380918138202
54106,0.9796718259781336
54107,1.7607542086569232
54108,1.763051472633581
54109,1.7470443586378543
54110,1.7418084524962048
54111,2.7508966426600274
54112,3.048954161059843
54113,0.553295824639509
54114,1.2492652680380765
54115,2.3661771290152878
54116,1.8536161192338945
54117,1.4277728822367841
54118,3.1242636119489227
54119,1.6623176410991398
54120,2.8782694657876142
54121,0.8772173559621628
54122,2.53621218607444
54123,2.2404771880221723
54124,1.8868460567538854
54125,3.608509135153728
54126,3.1877812900898768
54127,2.04864350212603
54128,1.2045822564437891
54129,1.9622038461924411
54130,1.7352292935111997
54131,2.321507489854529
54132,0.9429245761012375
54133,2.439938452742954
54134,0.4298056946615141
54135,3.3514534601543495
54136,0.4500021599537867
54137,2.910216099190624
54138,2.2826014557414886
54139,1.1329095061011323
54140,2.1171748882626424
54141,3.598762786310946
54142,1.3525141910107301
54143,1.1291954204271555
54144,3.591463236314784
54145,1.9716278225348027
54146,2.3621406614927913
54147,2.2310940023693924
54148,2.0098644596772637
54149,3.7018489144848026
54150,1.964113036158924
54151,1.7327335753091155
54152,2.936338463485388
54153,1.1402077259820125
54154,1.8492982877595274
54155,1.8098699749880645
54156,0.7851902679458682
54157,1.7786843430166535
54158,2.487143579295722
54159,2.4452557330795095
54160,1.3944125794814148
54161,2.6153278384482554
54162,0.9840199325572065
54163,1.709019129050322
54164,1.7287068354357338
54165,2.264675630443353
54166,1.2813798040657538
54167,1.718873681677909
54168,1.355028506514433
54169,1.4682259530520447
54170,2.386647896063497
54171,3.0886279039213242
54172,4.122424415421111
54173,2.184189186738994
54174,2.3506027205137663
54175,2.7448643889799804
54176,2.5855263690369874
54177,1.7364436918185255
54178,2.262264373792508
54179,2.1834771174661434
54180,2.050172657819477
54181,1.2299832739017837
54182,2.4819035311479105
54183,3.2318999700340534
54184,1.5296292388548274
54185,2.973839183858505
54186,0.8758681521265181
54187,1.8575889500584175
54188,3.2709105138995405
54189,1.1168145953195996
54190,2.0164667995343883
54191,2.311498162067185
54192,1.954826742086997
54193,2.045523705165781
54194,1.4426925718424037
54195,1.8529901217215219
54196,2.0688685630977126
54197,2.5035449316622795
54198,1.6878669941707791
54199,1.9218796376074216
54200,2.1839715868718237
54201,2.372067989792047
54202,3.245326340584601
54203,1.360047293944806
54204,1.9950694362172534
54205,1.7705606545577304
54206,2.988628771036023
54207,1.7939533044856013
54208,1.892538041307322
54209,1.714282096779872
54210,1.716526257717451
54211,1.5303312251232093
54212,1.763851865508176
54213,1.9776200618740951
54214,1.8588520434098577
54215,2.351018070553014
54216,1.5509660527661886
54217,1.8722844776741177
54218,1.1635463376448492
54219,2.802296735574803
54220,1.6982909956551033
54221,3.9823686492043215
54222,0.9521345968641448
54223,1.4430411039528828
54224,1.7526719569652336
54225,1.7669829811006572
54226,1.35952341378351
54227,2.030714248603889
54228,2.4655084912885776
54229,2.829613564590975
54230,1.917390809673126
54231,2.313493917461873
54232,4.847445296190248
54233,4.063431581561108
54234,2.2421182604520915
54235,1.5769545576018267
54236,1.5881695858947218
54237,1.3456709259751314
54238,2.5379795233417646
54239,1.5039600064477305
54240,2.404161704383373
54241,1.2582036036307933
54242,2.764238597201942
54243,1.0946019797465034
54244,2.6927789546515477
54245,2.4726177788086865
54246,3.0781786021910342
54247,1.544035837392645
54248,2.397612175239974
54249,3.2688186708562093
54250,2.57277902217945
54251,3.1023994490005613
54252,2.499147991494258
54253,1.1026807768168148
54254,1.9801394395572665
54255,1.3859142450949982
54256,2.109787843360639
54257,1.3548945226929767
54258,0.6911384429163299
54259,2.1718173688911158
54260,2.073731999592585
54261,0.6524644120597181
54262,1.6383285637287521
54263,4.538524940210838
54264,1.4144087534400605
54265,1.7100470323521257
54266,2.236469677656377
54267,1.9923580375837027
54268,1.5596035568171693
54269,3.0153358482796797
54270,3.209809129513591
54271,1.2823240972425118
54272,0.778347754136977
54273,1.1796539491214766
54274,1.28951921555117
54275,2.451272920194331
54276,1.2502229021464082
54277,1.4880876315562013
54278,3.0752228810160354
54279,2.1158186824843916
54280,0.9379386775411298
54281,1.7265833528183272
54282,1.60084847194236
54283,1.9521478212120407
54284,3.879732538761605
54285,2.7568471303626474
54286,0.8599759037302341
54287,2.2128102928121827
54288,0.8672730633472874
54289,1.3534413931651592
54290,0.8987539296241529
54291,2.0227162427341376
54292,0.8434464988904473
54293,1.1966756524612414
54294,1.7517179847354534
54295,1.2016081608496485
54296,1.6344358230687739
54297,2.9203104830903364
54298,1.6254653989806833
54299,3.104280109333846
54300,0.7609828531113045
54301,1.248714351885159
54302,1.5416827404883158
54303,1.4630611656147643
54304,1.1736085691607947
54305,1.4837371944672988
54306,1.1872096430293517
54307,3.023436865608037
54308,2.7186020166273046
54309,3.3232850764507056
54310,2.874284532637578
54311,2.4956980278295227
54312,1.8140151726410956
54313,4.084979279914766
54314,1.2131980981065063
54315,2.301243738439357
54316,1.8741790968968992
54317,1.9611161017172414
54318,2.2409637997802783
54319,2.2388319413889555
54320,2.278167770905899
54321,0.5990456647670932
54322,0.9284803578334255
54323,3.7619433733481493
54324,3.382888931870017
54325,2.176729397109259
54326,3.7455777264184498
54327,2.1756277629720024
54328,2.449199202424328
54329,2.2438415936597984
54330,0.8846038194560926
54331,3.269903017538187
54332,2.362203066248302
54333,1.2842365918489556
54334,1.9354638787316993
54335,1.7081293325603077
54336,5.881084309975851
54337,2.0035763725314872
54338,2.5211625046794417
54339,1.4134598976354518
54340,2.039523053953051
54341,1.9424118694417452
54342,1.8201122099556848
54343,3.8320546088548646
54344,1.132544179467832
54345,2.224856827765283
54346,2.24000729329342
54347,3.7148608364231315
54348,0.9458440765198795
54349,1.0880947166611499
54350,1.9531777335792562
54351,2.5488658712024552
54352,3.555179521288128
54353,2.4257820568170168
54354,0.9961231988785109
54355,0.8936935723463968
54356,1.5471212239891976
54357,2.3157497379337464
54358,1.3938639961288324
54359,2.5685053762453585
54360,1.4858941951399096
54361,1.4026357817128066
54362,2.633612791528865
54363,0.700935032078494
54364,1.3838285619536386
54365,1.676197633253114
54366,0.9084254454173255
54367,1.0099441778701568
54368,0.3961105904669502
54369,1.3884522381542617
54370,2.105853700340848
54371,1.6235065284826966
54372,0.7773623992749243
54373,2.108954630568835
54374,2.1477765002132436
54375,2.679199315688468
54376,1.0106534223388088
54377,1.4948231521293032
54378,1.4640178382437519
54379,1.573138191556101
54380,2.5914976672084187
54381,1.5044776208680197
54382,1.4996779705240506
54383,2.5547845974355745
54384,2.8559061304064848
54385,1.3034178072700549
54386,1.198880357607127
54387,1.334407786612335
54388,2.0496808388012973
54389,2.5874228488885116
54390,1.087210441282597
54391,2.9726803950173384
54392,1.877365892917826
54393,0.7723965165943163
54394,1.5784954986223205
54395,4.769259737836197
54396,3.12659460613526
54397,1.8082681376998302
54398,3.4739047014018674
54399,3.277144925049928
54400,2.235287401879223
54401,3.2631617141680103
54402,2.027528617436989
54403,1.0637100196257485
54404,2.1195024846722994
54405,2.657526326439811
54406,3.2584343769890474
54407,3.0742807032021098
54408,1.2379860280999289
54409,1.509572402309562
54410,2.4363098039512785
54411,1.2592198553110343
54412,1.2632206248876265
54413,1.2185104104412439
54414,3.24940033969904
54415,1.2215009388921239
54416,1.3916445443465228
54417,2.893543367440092
54418,4.806099551163019
54419,4.993975112474661
54420,1.0300064326802136
54421,1.9049527142381102
54422,2.129695059462481
54423,1.4618324936970772
54424,1.6041151398759617
54425,1.3675952101992301
54426,2.5319815648444184
54427,3.042467766010507
54428,2.383601851066036
54429,1.9804592347170775
54430,1.5570401712823845
54431,1.5557887572332199
54432,1.3861390140533025
54433,2.433968837567253
54434,5.192197964239941
54435,2.4241514314238124
54436,3.423063052142229
54437,1.9631390821987829
54438,1.937537067931462
54439,0.9779794274633709
54440,2.797534908321726
54441,2.832475371403522
54442,2.915452896897566
54443,4.434155722528946
54444,0.7992347947144403
54445,1.342818134053008
54446,2.7345893304653295
54447,4.0806502026853515
54448,2.408917602603484
54449,0.9960885509690094
54450,1.6105197490301215
54451,4.227431803001398
54452,0.9247089414313372
54453,1.5297108869662033
54454,2.2530850118133436
54455,1.5158687792748857
54456,2.3847157525681304
54457,1.4675862461285512
54458,2.7192316627575828
54459,2.794539930721019
54460,3.7144802634433667
54461,2.010522717628735
54462,2.272228145386439
54463,2.2527182848778047
54464,0.6621005774394497
54465,2.4769417117460684
54466,1.3066731148485395
54467,0.7738419186285235
54468,3.269929465118313
54469,0.6231616899021084
54470,1.3233504377551562
54471,1.0366817954110878
54472,1.87176910400132
54473,1.4303534071293917
54474,1.1094573617910193
54475,1.59221908406386
54476,2.3355553569222174
54477,1.7139264036659974
54478,1.8483955269211982
54479,2.3448646609635695
54480,1.7784047844511157
54481,2.203528835046942
54482,3.2274614848375656
54483,2.9431303760415837
54484,2.5999927716060007
54485,1.270835870287474
54486,1.48304706192204
54487,3.331207441518334
54488,1.8441747253371865
54489,2.0538548985402976
54490,2.2231327841075235
54491,3.109395767897187
54492,2.7310637225725465
54493,0.2298023254663839
54494,1.2539727149831101
54495,2.542691611385667
54496,2.683731423053562
54497,2.4945273125453333
54498,3.367044418798802
54499,1.3174242124891897
54500,0.9290265687761838
54501,1.3897238603565008
54502,0.5936004856027104
54503,2.250615276274406
54504,2.3661517261448672
54505,2.1544505415430173
54506,0.7566042257624908
54507,1.9331589352415826
54508,1.5995663995364602
54509,0.9002468155078454
54510,1.7642039585262559
54511,2.3631526739533264
54512,1.109408434051975
54513,3.063124088800496
54514,1.5044981860694726
54515,2.0102383782044377
54516,1.6057280251354804
54517,1.2173388363618791
54518,1.5894649776889516
54519,2.6435101001565933
54520,1.2013578791018382
54521,3.4306228265063545
54522,4.004156745296459
54523,2.4396966269954454
54524,2.769968311797019
54525,3.1481178894447375
54526,0.942822999453373
54527,1.8780684904887188
54528,3.0536145646843558
54529,3.1584420418775814
54530,1.427561013327196
54531,2.3290114213070616
54532,2.411104551890592
54533,1.8710301694423528
54534,0.5198534121358627
54535,2.2620204515469347
54536,1.8439442218681883
54537,0.9947227913996279
54538,1.0051933295273194
54539,0.9729239396828042
54540,1.8497126995711177
54541,2.0361289851639732
54542,3.6979721998721438
54543,2.160196769492874
54544,2.7543478937628016
54545,1.845060393496059
54546,1.3691941536978653
54547,3.740529025889206
54548,1.9813181389271541
54549,1.4236354543314214
54550,3.294143033382145
54551,2.465380240451143
54552,2.9407399801753265
54553,1.6039215836044356
54554,2.491994027259242
54555,1.1703760923491338
54556,1.778722157429602
54557,3.769228387821361
54558,0.8138258025301788
54559,0.7283155023632766
54560,3.037184595494356
54561,2.199450273022425
54562,2.3207845272177003
54563,3.1029607387452565
54564,2.2918704724370436
54565,1.421576883696762
54566,1.1355765624811944
54567,3.4642880401741856
54568,1.263353430632069
54569,0.9469490271852443
54570,0.7067238018101456
54571,1.6091223798226828
54572,2.9619871389911943
54573,3.0821290300962723
54574,3.6806631538788714
54575,3.053546169772776
54576,2.1041505131997305
54577,2.1567325499541745
54578,1.9204696767766656
54579,0.7204701565588643
54580,0.8714299771167511
54581,1.1370166818689178
54582,2.5272574343672467
54583,0.6162351810061502
54584,2.576662963719972
54585,1.9943230909207195
54586,2.1579722812919933
54587,1.5628636134032696
54588,0.9463270192343067
54589,1.1260407637131244
54590,0.7124135955992905
54591,1.5031983998760303
54592,0.8443656495413769
54593,1.5775737947746542
54594,0.7278145831915062
54595,2.410026095251485
54596,2.892644695327906
54597,1.2291691010313066
54598,0.6977827527670719
54599,0.7980196515920603
54600,1.8669162204675196
54601,2.640720687055964
54602,1.398795009499711
54603,2.539604841389835
54604,2.2267425438245745
54605,0.9076429353224604
54606,2.0757921057141893
54607,1.2266348663750968
54608,3.614318175808055
54609,2.3695327618856687
54610,2.3900583091997056
54611,2.1599077384218397
54612,2.1761527310475266
54613,2.182207090692547
54614,0.434810734170302
54615,1.097654380598076
54616,1.7132980019309834
54617,0.6985277300543693
54618,2.639624405946737
54619,2.8084179139044103
54620,1.3921379084539787
54621,2.9222926500980613
54622,3.666350474796733
54623,1.9570108053058597
54624,2.84178614505041
54625,4.981130918335797
54626,1.9966907197616628
54627,3.1568345600025545
54628,2.8926445359966273
54629,2.2208304901961675
54630,1.3468628420826043
54631,0.9571973742347417
54632,2.2683266089977145
54633,2.30191754825697
54634,2.084821190469686
54635,0.874244786645253
54636,1.8544691105461517
54637,1.6702274214802095
54638,0.7525674949181997
54639,0.8033390013189639
54640,1.89262210396652
54641,0.8551194765973555
54642,1.360846350875054
54643,3.1274190220131324
54644,3.83304068528361
54645,1.91279304472366
54646,1.108469458050056
54647,1.3745859650432841
54648,3.0410433880795757
54649,1.226431331300578
54650,0.8362493956277071
54651,1.9274463861187634
54652,2.0481834649369866
54653,2.801173807808201
54654,2.515305765419928
54655,1.273938835999278
54656,3.676805602653676
54657,2.912680856909251
54658,2.6284643755697097
54659,2.2936477061375378
54660,2.2727442155288635
54661,1.49342712125949
54662,2.1037577823131564
54663,0.8342569381206353
54664,3.050690786005706
54665,3.1945908332053
54666,3.184201449758806
54667,0.4452943294989673
54668,1.2222305183963478
54669,2.109796542334397
54670,1.7959335333514765
54671,3.076385746869679
54672,3.150126027881786
54673,1.3259162518419636
54674,1.459664308154661
54675,2.991023830289837
54676,1.879613358824404
54677,2.182387002010163
54678,2.6996272513467865
54679,2.0545528201017227
54680,1.9334605676536434
54681,1.3792364743036707
54682,1.1357561075162756
54683,1.5073359873867993
54684,2.778110112951257
54685,2.887806695749351
54686,1.437743071129919
54687,0.8492450728128098
54688,0.6131060808445206
54689,2.999896297204149
54690,0.9770688479504521
54691,2.11913528858344
54692,1.637756235062941
54693,1.999245127599952
54694,4.161756720840689
54695,1.9783661575423288
54696,1.8052641735908743
54697,1.9838147456274307
54698,2.4553949811964095
54699,0.9806329250797923
54700,0.9922070806728165
54701,2.123656596341167
54702,0.9637394112487847
54703,2.3451660645861274
54704,2.3607817050186704
54705,2.884435766006394
54706,2.0136774614742343
54707,1.0449836563721
54708,0.7884755576009503
54709,2.1472340366654556
54710,1.1936853522602497
54711,2.087761001295238
54712,2.7639198113761303
54713,2.851814503139085
54714,0.8886010487846256
54715,2.3723667396912482
54716,2.5712835455948415
54717,1.1452630045678838
54718,2.278805438942161
54719,4.3402168029123835
54720,3.037717649900234
54721,0.9306402877665256
54722,0.9391922260655328
54723,1.5527473871796396
54724,1.2973498070922211
54725,2.9238718349118678
54726,2.849351771659773
54727,2.3241344084898437
54728,1.227840223812482
54729,0.4781929556163256
54730,0.7794456523380724
54731,2.168589361722727
54732,1.8875426777539168
54733,1.132667750993125
54734,3.4115810480869335
54735,2.6983081508289253
54736,1.718574923230424
54737,2.6228290065641353
54738,1.9121094872560356
54739,1.5854892349864294
54740,1.712333208123571
54741,0.9574428639303427
54742,3.2085646216299075
54743,1.4405715764453966
54744,1.88149903720036
54745,2.5924729525918373
54746,1.712176687916756
54747,0.6901287397158775
54748,4.800944766240892
54749,2.8256108625729475
54750,4.089538492885229
54751,2.570975190861933
54752,1.6009080626988386
54753,1.9550377390942835
54754,1.1636372340468348
54755,1.3114490631339528
54756,2.0049651728978723
54757,1.2501575063231236
54758,1.926593351420511
54759,1.0129656530562308
54760,2.1257604275365374
54761,2.7198657892695373
54762,2.0172223796605273
54763,1.7947428958804217
54764,2.059532258360438
54765,2.826577424367432
54766,3.0089449573415585
54767,1.0657201526426867
54768,1.7441815652008223
54769,0.8818415468093157
54770,3.563454534502231
54771,0.6180241821479946
54772,1.5253164993235977
54773,1.2563945469240458
54774,0.8838812273513987
54775,1.3141633429093567
54776,3.436122914441203
54777,2.9436047478367335
54778,1.5181175564889635
54779,1.2821000105800842
54780,1.028323025220434
54781,1.9234972799926346
54782,2.770986651730457
54783,1.1884952639680115
54784,0.8145098631288796
54785,0.8466579965324605
54786,2.1054625493341668
54787,2.006774414417638
54788,1.4445850641685105
54789,0.7462346255945285
54790,1.0217688479595814
54791,1.8661438862706667
54792,1.4385656176743602
54793,1.6752416153548246
54794,3.5011003761154917
54795,3.152978387423733
54796,0.8641854711548298
54797,1.4993512362069374
54798,1.0101978973328904
54799,0.577343643416274
54800,2.0132869141900223
54801,2.0702932883284326
54802,2.0266877129382443
54803,2.3379437095325137
54804,4.097784198804195
54805,3.642033086563888
54806,0.8351635299794715
54807,1.5712676747729724
54808,3.5423246379539
54809,1.4645194859871005
54810,2.9219184165915557
54811,2.516483300360651
54812,1.0123040176686011
54813,1.0664232574091308
54814,2.950306895967092
54815,2.0015674131581456
54816,0.874814109613002
54817,3.3642393366142223
54818,1.467464144025545
54819,2.949218072168666
54820,2.5476725378054006
54821,2.3628272352965247
54822,0.9550830550444722
54823,3.7271929498269323
54824,1.6370856679899966
54825,2.6364993878184784
54826,2.250850390114781
54827,0.4372020540989787
54828,1.4714672303529177
54829,2.086579889939859
54830,0.42716802258468434
54831,1.6436356827600243
54832,1.4071455656502714
54833,2.666317285700732
54834,3.0859753254122246
54835,2.6827821269008645
54836,0.6251114691180284
54837,1.8261015786395411
54838,3.2167039487945353
54839,4.518564956416899
54840,1.9757250771269845
54841,3.593922107741438
54842,3.1338432489727417
54843,1.5646197262392896
54844,0.9429752290520845
54845,2.343814472469891
54846,2.1545176178243857
54847,2.4841977540687914
54848,1.705453464626462
54849,1.0415784938317394
54850,1.3242903714756586
54851,3.731565007846857
54852,1.0148609617574245
54853,1.5860483665995595
54854,4.019562950377409
54855,1.897234945953361
54856,2.4853615872028065
54857,3.557867325492712
54858,1.6575416037538595
54859,2.82261473248278
54860,2.6500834521930052
54861,0.9018685341831123
54862,2.153158937424113
54863,3.3038418172407695
54864,3.070423373636576
54865,2.085687410003292
54866,3.720124420725316
54867,1.2800990069234537
54868,1.2353991877385262
54869,3.2216787989327464
54870,0.8117756735852062
54871,1.747364483572003
54872,2.677269002964241
54873,0.8855464274260818
54874,5.183593772324574
54875,2.40388176284225
54876,0.9975511658329062
54877,0.5562694147337517
54878,2.242513989928515
54879,2.1334032846752997
54880,3.4753558140596716
54881,1.227363163654335
54882,4.137089540452511
54883,5.365670676314213
54884,0.9620107109523168
54885,0.70129953972938
54886,1.5196479345103064
54887,1.9151543393947783
54888,2.619678509421167
54889,2.419426252798818
54890,1.064734388488123
54891,0.5518920775979304
54892,0.47403822096415027
54893,3.51329387149892
54894,1.615589173177458
54895,3.2820323771250663
54896,2.417486372727641
54897,2.1773561134946284
54898,2.3493837081058935
54899,1.2473904060055823
54900,2.1609802967728378
54901,1.2501079546609937
54902,1.7007890413250273
54903,3.3688296774579136
54904,0.628312767680999
54905,3.0842340653580926
54906,3.3935543817308975
54907,2.610676489550233
54908,0.8322183888341534
54909,1.3480677557651326
54910,3.2853354049173653
54911,1.3869888032736277
54912,2.0565422801159947
54913,2.404110294996716
54914,3.117455182798441
54915,1.2647450429568359
54916,2.9073180911935346
54917,0.8847738932621532
54918,1.8922275328220088
54919,2.235420329685642
54920,4.515722244386129
54921,2.2983055352457633
54922,1.3402730404193655
54923,2.322945829261702
54924,2.504408787284266
54925,1.20993953056632
54926,1.753772933079322
54927,1.7353111805881305
54928,2.250400602350343
54929,1.5372673147824436
54930,2.1014586771916335
54931,2.91468937140667
54932,1.4178505933634575
54933,1.5161077233751463
54934,2.530702941721618
54935,2.0050501827848883
54936,2.21142921363327
54937,0.6245473634985821
54938,1.4281719981338235
54939,1.630547308067694
54940,1.5067092258536299
54941,2.5042752585988417
54942,0.8982158995476972
54943,1.7856078891625806
54944,2.4942238715084137
54945,1.9491589014670616
54946,2.6701963005854203
54947,0.939641125259417
54948,1.912550639868872
54949,1.6565418215836054
54950,2.3450537586683176
54951,1.1969177378582891
54952,0.05233128231217066
54953,2.437004315875928
54954,2.661139142436614
54955,2.7833074394498603
54956,4.864094911186758
54957,2.4909631699229955
54958,0.6100658198664952
54959,2.6749523904999
54960,2.702177291324748
54961,0.8466394826978991
54962,2.0575869311331623
54963,2.3859567542650417
54964,1.4367258406493768
54965,1.2297714965155002
54966,1.8946620100782674
54967,2.098871807060423
54968,1.8927997404347003
54969,2.2602137642431366
54970,0.9425780973284681
54971,1.640095568345064
54972,3.751129138235658
54973,2.4811732959279063
54974,2.88826160532955
54975,1.357048981552996
54976,3.7763364491041536
54977,0.9256891084047574
54978,3.196191431785966
54979,0.9927297618137949
54980,2.0539048572806315
54981,3.1826663284726386
54982,0.7909343973903766
54983,2.351916280746881
54984,0.9813326220388525
54985,1.7870928298736466
54986,2.2435721338847863
54987,2.386273453540671
54988,2.2386865416391863
54989,1.3314259792988175
54990,1.8804625326940574
54991,1.135861328489856
54992,2.4139992170359825
54993,4.476964102607102
54994,1.11090133692716
54995,1.47972349791306
54996,2.421145153815761
54997,3.0339306983573273
54998,1.198974437249607
54999,3.1178935012382603
55000,1.0371164801331112
55001,0.7830191004287919
55002,1.1961523800080762
55003,1.1392180326289214
55004,4.363836550017798
55005,0.5936420856813278
55006,1.590258854813829
55007,4.582758839163379
55008,3.941585552821099
55009,3.4331874792177963
55010,2.221627037511329
55011,1.1789897247394983
55012,1.6222876669514825
55013,0.713903808158765
55014,1.6215558147374942
55015,4.049408651809475
55016,1.5671129891276543
55017,4.436885358159547
55018,0.9363482668852647
55019,1.2128207286564
55020,3.172377707083175
55021,2.1316139939271075
55022,2.052918726861467
55023,0.671117158662188
55024,0.709072884445991
55025,3.2962192385760467
55026,1.6060137361432432
55027,1.9639354850926374
55028,3.7337625086427444
55029,0.9022058057263713
55030,1.9246287282538255
55031,1.3807766290357542
55032,2.649667850386326
55033,0.7449783295799399
55034,1.9777051308206275
55035,1.6001567603503624
55036,2.017918452326004
55037,3.9111216757530975
55038,3.3930162121631646
55039,1.6826226038646475
55040,2.075626944641588
55041,3.079824139757566
55042,1.8900095423564416
55043,2.5346544970390745
55044,1.1609394948425553
55045,1.6017280802210259
55046,2.117654976352558
55047,2.402942041692942
55048,1.5110775038127464
55049,1.1413177218615296
55050,1.3663629157232187
55051,4.24781439373243
55052,2.2250115905223744
55053,1.5938408254442642
55054,1.5117825366553213
55055,2.565847038478271
55056,0.7488432682646966
55057,1.3185605221324899
55058,2.797774742008304
55059,1.4996914815236586
55060,1.8012302196811483
55061,1.6897502061239642
55062,1.4289004120675521
55063,1.5638158182957547
55064,1.0378951926554159
55065,1.6981487893278917
55066,0.4742520013820162
55067,3.0421894156002374
55068,3.3098366595197355
55069,1.9355140410580454
55070,1.4522208903468687
55071,1.3503387974761019
55072,1.8313935361227358
55073,1.0808718831366981
55074,3.1623408367568437
55075,0.960934164231734
55076,2.3691980635282484
55077,2.031218130488444
55078,1.8033229896711624
55079,1.3843682257475827
55080,1.7862709310785796
55081,3.879716229927883
55082,2.267159420130316
55083,1.0936681906677599
55084,0.6070743189951351
55085,1.2208282551509662
55086,3.300592733898103
55087,1.1293228253133982
55088,1.3267701119312711
55089,4.934426493528722
55090,1.0579371301560947
55091,0.8761005154550539
55092,0.5261259219254875
55093,5.461563289517191
55094,0.8712230423896621
55095,2.147938907004008
55096,1.1638604031854278
55097,1.5087715043085872
55098,0.873338793134284
55099,4.1939166786313
55100,2.4080269934712
55101,1.9695586609034912
55102,3.3617270854478
55103,1.2112185563578954
55104,1.6187434261723332
55105,1.7883928982944362
55106,3.0281800289072613
55107,1.878436896774108
55108,1.8360998014624137
55109,2.5540348075091153
55110,3.2406153669558115
55111,1.9171496264145311
55112,0.6067218391318683
55113,0.6846176374153607
55114,1.0823208215222202
55115,4.481151614829404
55116,1.11902200135275
55117,1.793883894776119
55118,1.550741876924949
55119,1.646802188100839
55120,1.0490708371185384
55121,3.4450764615076572
55122,1.4426680985243543
55123,1.474048659110398
55124,1.7981826731261812
55125,4.463609321381572
55126,0.7887841382686851
55127,1.8227867311517265
55128,0.954594761406586
55129,1.483867378236031
55130,1.0128849049977795
55131,3.6045713140725617
55132,1.5215125078397342
55133,2.3788827850248175
55134,0.5162943368585822
55135,2.295262308217108
55136,3.0015319981295683
55137,1.4476258919976637
55138,4.536101213008184
55139,1.4642397907320266
55140,5.467273309655244
55141,1.69236391526724
55142,1.1172674143968813
55143,2.9420949627100903
55144,2.147562496870055
55145,2.060633120286358
55146,1.1377237791858512
55147,2.857050804433104
55148,2.7833264133157947
55149,1.5587533044926865
55150,2.1850328739063833
55151,2.064316140114446
55152,4.778520423475417
55153,2.871626402117446
55154,2.467037496836614
55155,2.19227914429462
55156,2.189928829476006
55157,1.0804429848113024
55158,2.6088031210630085
55159,2.0595037531093716
55160,1.4147701548969174
55161,2.1281023627841797
55162,2.10551143905764
55163,5.073592430830647
55164,1.7613025640929472
55165,1.235316876922301
55166,3.2092681630760502
55167,1.8755401110220227
55168,2.541309786489311
55169,1.1804884452145963
55170,0.6313221370446662
55171,0.5619942441597807
55172,1.8437420673230953
55173,1.5325148834369635
55174,2.1817459317541115
55175,2.574728484714658
55176,0.6827839442893016
55177,2.5654958991452226
55178,2.32479966556426
55179,1.4190008452009302
55180,0.8118209799567673
55181,1.5761560431946329
55182,0.47767561660345237
55183,2.2132746610066114
55184,1.019229263910777
55185,5.402824711089412
55186,3.800266212247468
55187,2.3002678643665355
55188,2.805744150562223
55189,1.6149302213476666
55190,1.1957759723950723
55191,3.1643861431528
55192,2.219352024379649
55193,2.4584517214223958
55194,2.4464554076216167
55195,2.4017749839618183
55196,1.9184960518430536
55197,1.7817933078291937
55198,5.158841963468721
55199,1.5207258261189658
55200,1.9095133289131958
55201,0.881860625839753
55202,0.448274257606986
55203,1.0965852454592273
55204,1.2489654030791009
55205,2.5920620040288362
55206,1.9002722363702311
55207,2.971905522192973
55208,2.747755864193639
55209,1.987139701063743
55210,2.8757811265242346
55211,3.0664638731636025
55212,2.982040120420894
55213,1.1202279577271703
55214,2.3346839268253383
55215,3.853098500411736
55216,2.1940743547505726
55217,2.0132042624423185
55218,1.3983912698129792
55219,2.615333237451896
55220,2.749062459645419
55221,2.9519288367834555
55222,1.3635352050416465
55223,2.70978239334298
55224,2.1547072982657234
55225,1.7863902677299315
55226,1.3891999183989903
55227,1.9539481162718495
55228,1.146044316489597
55229,0.7647468596015621
55230,2.9479029615166077
55231,1.3171205432886417
55232,2.4024611815016534
55233,2.0754580078432276
55234,2.0136986108833845
55235,1.4770581635624218
55236,2.278409964090404
55237,1.3850454075141876
55238,3.7625256051503335
55239,3.2994859269931602
55240,2.59450640691961
55241,1.9687740063582488
55242,1.4225830669306596
55243,0.5010274524767375
55244,0.962533876460558
55245,1.0985952026636916
55246,1.211231724544323
55247,1.8065703923504408
55248,1.9033295659740226
55249,1.1554885636547887
55250,2.5153906920311364
55251,3.1065210326654302
55252,1.3061469280839937
55253,1.7699876950691795
55254,3.5514797443030126
55255,2.3859540365587044
55256,3.0029651533111554
55257,2.4200906460466207
55258,2.027897517141188
55259,2.3826879766809306
55260,1.8531432280159983
55261,4.229993130649749
55262,0.9483923347109204
55263,2.991879511996988
55264,0.7240386735055644
55265,1.9304447096180333
55266,2.630029573183837
55267,1.6358136432189703
55268,3.251328855318949
55269,2.35893748530896
55270,1.689480360368993
55271,1.2245513874983125
55272,1.608675132989223
55273,1.1371412355028987
55274,1.4679107388788033
55275,3.7079873000610952
55276,1.5814606803864457
55277,2.7940486720873743
55278,3.2344174151968765
55279,3.6581539849516993
55280,2.1743814162396156
55281,2.759832025180888
55282,3.5965588185826824
55283,2.244462280037798
55284,0.6706745506072345
55285,2.2131630483107223
55286,1.5362356744067576
55287,1.3763509951745796
55288,1.3960651663925638
55289,0.7467081116109036
55290,1.4583742327003257
55291,3.6621457353479947
55292,2.178039142029295
55293,2.4464475648187864
55294,1.2427201783548618
55295,1.1075187784728406
55296,3.713035691105521
55297,3.5881410363059025
55298,2.9692455964381317
55299,2.132758236926268
55300,2.042623909045407
55301,2.401918167195735
55302,2.168080261172694
55303,2.012703484375752
55304,3.395747811111736
55305,1.4012965173759007
55306,2.2511219282471338
55307,1.2065110814734261
55308,2.589895217526479
55309,3.5764825288544024
55310,1.882795820516865
55311,2.66936728811476
55312,3.2395040109859714
55313,2.2285593375369253
55314,1.554978955638834
55315,1.8683588293992592
55316,2.7844439159410435
55317,1.5689244717459907
55318,2.8939822728700086
55319,1.8602002705671374
55320,0.9738462584391279
55321,2.289296475361258
55322,1.3176863488826065
55323,1.7954680627265738
55324,2.960740173693811
55325,3.2762627752748337
55326,3.2177156312037347
55327,2.6501306971990495
55328,2.914928322821286
55329,2.4193729398177517
55330,3.492210230117994
55331,0.7726450460101582
55332,0.8101839983295669
55333,2.4333824532169537
55334,2.506524080099897
55335,1.104542030532091
55336,1.6429989409535644
55337,3.239322222418142
55338,1.0085266894037694
55339,1.5434840137419918
55340,3.1670880471995737
55341,1.3325188613295929
55342,1.0242611222690279
55343,1.4188545664256687
55344,1.2572868182770698
55345,3.0299165166590036
55346,1.7453278357979833
55347,1.6341026749233585
55348,1.8925980655814136
55349,2.1668927071973805
55350,1.4765474553701985
55351,1.5445125923442653
55352,3.2856735341187893
55353,1.7385146070000737
55354,1.7863514642448344
55355,1.107196751888626
55356,1.0478243637441302
55357,1.917927966329902
55358,1.1898784630175534
55359,1.5656306206372541
55360,1.5323441521485712
55361,3.2518372557913757
55362,2.2152987528945722
55363,1.5532764268704433
55364,2.4988263536857325
55365,2.156082061529279
55366,0.9953505250735226
55367,2.486961963077878
55368,1.24994286190557
55369,0.4382126876990533
55370,0.1724946443151829
55371,1.9924073278517405
55372,1.0079149399125562
55373,1.2621000674274434
55374,2.0957145268887167
55375,0.7829918932027375
55376,1.90457375684608
55377,2.2042760145714375
55378,1.7915919662172008
55379,2.7561355760641995
55380,2.1996296841622076
55381,0.6958199690859921
55382,1.326135701787738
55383,1.2489336109633236
55384,2.9694334764221573
55385,1.6024155765518238
55386,2.537159565029075
55387,1.6495307332275537
55388,2.263040894783959
55389,2.1632806089866143
55390,3.239091401437239
55391,4.068463485880901
55392,0.7742305653017105
55393,1.0683733741321682
55394,1.202184224603986
55395,2.648262203060785
55396,2.755684228794454
55397,1.1836036700992203
55398,0.42039585827007286
55399,3.2205593622519793
55400,2.076928502449338
55401,1.1264946507735125
55402,2.4517405298891255
55403,2.5556180678804914
55404,1.6588930418232373
55405,2.558828829420637
55406,1.1802251068455156
55407,3.6618397155706113
55408,2.5383870700897297
55409,1.7397855607738997
55410,2.9392137255482034
55411,1.7309522649664508
55412,1.5975669844285427
55413,3.000064219640482
55414,4.779958271497893
55415,1.7404521369376234
55416,2.084449004556607
55417,1.984299384017195
55418,3.1367187262492315
55419,2.4955312553948126
55420,1.466341593449929
55421,2.473385174602104
55422,2.297416538243798
55423,1.1689440981618056
55424,1.6712140882730502
55425,1.1905631564546049
55426,4.198962448106929
55427,1.9704825574242797
55428,1.672346869179055
55429,1.520706379568967
55430,1.473151098583859
55431,3.4612601476323768
55432,0.6991715716937712
55433,2.5063344316018323
55434,1.6104562852311837
55435,1.4691053418595494
55436,2.609107806477514
55437,1.9172197856899267
55438,1.5284784783688714
55439,3.963641154568112
55440,0.9233390641763641
55441,0.6092910215144549
55442,1.9070992288545519
55443,2.0326390256820766
55444,0.5325858087233577
55445,1.881873522497333
55446,4.648926352238053
55447,2.9809473359766834
55448,2.314795162868908
55449,2.4909102782279184
55450,2.581280537851118
55451,0.9716810254578299
55452,1.8777796629382273
55453,2.51503170554955
55454,1.578621323927539
55455,1.2566774566523726
55456,3.392520016679047
55457,1.7798221017614573
55458,3.2866692788907734
55459,1.247602628023973
55460,2.7463470467056688
55461,1.3084322920917693
55462,2.374771596828314
55463,2.904222524621506
55464,2.10132326348236
55465,0.7575158304983951
55466,2.1882787555623544
55467,4.0804881727037845
55468,1.8754258829845334
55469,3.5216728544682816
55470,1.2487061535439672
55471,3.1440731476533337
55472,3.13776474083355
55473,1.7356091053680167
55474,1.859626626316473
55475,2.7896373464648185
55476,1.3521233200284009
55477,2.2265497679468957
55478,2.245874212803276
55479,1.290695942596816
55480,1.2159755142624
55481,1.778593871691644
55482,1.4434053637665762
55483,2.2161241453648053
55484,0.696043148382163
55485,2.404793823208596
55486,2.3501575615958394
55487,1.513310368020118
55488,1.8329152774539956
55489,1.6841724361908383
55490,2.6544997826845282
55491,3.513502063050627
55492,2.7341736936838323
55493,1.445549291199601
55494,1.7870382257383461
55495,1.2813549283397698
55496,2.2715560447141208
55497,1.3623700563484
55498,2.546570603914521
55499,2.430457492612394
55500,0.42847040389297675
55501,2.050841988694149
55502,2.049186409477432
55503,1.7122711898959189
55504,1.0666789554373146
55505,1.9710959019383587
55506,1.1050838629308295
55507,2.610086330014216
55508,3.8627229981603683
55509,2.2579449673889407
55510,1.6588676226960821
55511,2.8083122613302045
55512,1.523403482312208
55513,1.788310307205851
55514,1.8612242917107302
55515,1.6019537703364541
55516,1.0084343205639392
55517,2.0650086065148265
55518,2.299602237923555
55519,2.753301444160659
55520,1.8360753766227482
55521,2.5787324965798213
55522,3.28820796935182
55523,1.0062506422264654
55524,1.0258388122547082
55525,1.1203170398489455
55526,2.0119481508636916
55527,3.394538552472685
55528,0.9026404839499698
55529,1.8951870153194967
55530,3.0333770915349625
55531,2.153666323534683
55532,2.492700918201596
55533,0.642254660750158
55534,3.330007331908323
55535,1.7183563561845325
55536,0.5779861650633542
55537,2.2152358706820827
55538,3.343864137305818
55539,1.392849954197093
55540,2.648454986922818
55541,3.0691200108074135
55542,1.710059626703302
55543,2.1047454747466965
55544,2.4198570946087763
55545,1.186862980906401
55546,1.071479964632065
55547,1.1331140996595401
55548,1.8815838761003683
55549,1.906268645005273
55550,1.998278813772064
55551,0.5762005606262939
55552,0.6644402057308447
55553,1.5832011890995012
55554,1.556370256298326
55555,0.8834419753966962
55556,1.8521614744091472
55557,2.3879862041364994
55558,1.3508817177081376
55559,0.7714521667244334
55560,2.285258901067923
55561,1.9494090489108409
55562,3.2403322673452273
55563,1.100781532046657
55564,1.1446798785222576
55565,2.5818090855787865
55566,2.806078826074586
55567,0.5952328548019672
55568,2.3766957954344186
55569,1.3051412397565834
55570,0.6719225880513626
55571,1.483907060138197
55572,1.6395744845725098
55573,3.9661386503737255
55574,2.2084846663233897
55575,1.2160385872772146
55576,3.91881873237816
55577,3.79124109781117
55578,1.6550751140089268
55579,1.5805129865688663
55580,1.4338279290577738
55581,2.233150857450145
55582,2.0451399833570783
55583,3.927154674663033
55584,1.6163554689088961
55585,1.274909771578539
55586,2.3566434792088593
55587,2.0716831859968217
55588,2.5950360255051557
55589,5.574006306186508
55590,2.0345300217770763
55591,3.651402315060185
55592,3.6622491634728966
55593,2.0544335220027143
55594,1.3818814208079893
55595,0.8299060411073391
55596,1.6057644994966758
55597,3.6716197913187933
55598,3.0628568230404234
55599,2.969318079952078
55600,1.9774895735419058
55601,2.512209090114599
55602,2.7587532106590267
55603,0.4239697416423702
55604,2.4419414862479165
55605,1.4579594319041327
55606,3.1343243328011603
55607,0.6531566138285463
55608,2.110103349707831
55609,2.251575482040753
55610,2.457041592350212
55611,0.9741790199926506
55612,2.854674342868069
55613,1.9937075000094104
55614,3.0166070294923237
55615,1.0551745575968603
55616,2.5012730362904314
55617,1.847631029442912
55618,3.3474982616511717
55619,2.5161488533948706
55620,1.081408044546297
55621,1.6079559545017652
55622,1.0554644095308028
55623,3.3080433627497463
55624,2.112952982592251
55625,2.625461724164868
55626,1.1350655044632312
55627,1.4163318900795936
55628,1.2575495602749847
55629,2.05956213836237
55630,1.8644663763592781
55631,2.569182223903514
55632,2.5318037025393814
55633,2.5851913898567354
55634,2.2609212173434834
55635,4.250313888202104
55636,1.1524969178168796
55637,2.3220282027799364
55638,1.5170911702729235
55639,1.447653680684855
55640,1.4468107294668506
55641,0.8384505953042982
55642,2.0345789272121273
55643,2.696163410219274
55644,2.0468651144142633
55645,1.358789523867049
55646,3.3427719309538055
55647,0.6417107583985775
55648,1.9226898005356396
55649,2.2847859313119194
55650,2.074880935250068
55651,0.8332803471957853
55652,1.0256482811485377
55653,1.8315702318769844
55654,1.1436074598071322
55655,0.8176154956348007
55656,1.8645148094981927
55657,2.988279709495462
55658,1.4312286833347265
55659,1.4206100341880337
55660,2.8835412618377383
55661,1.0387326095190055
55662,2.2664273038683156
55663,2.112521157643844
55664,1.5178938436347984
55665,2.8920702073052134
55666,1.763842293955836
55667,1.910752933904039
55668,1.4702576316449303
55669,3.328386648152307
55670,2.041608623159423
55671,1.4540937680560866
55672,3.6332902973710226
55673,2.2138899417730933
55674,2.5483401762194298
55675,1.5054368885414569
55676,1.4507319766216717
55677,1.2284814324075093
55678,3.2918987016281314
55679,0.9840632598411538
55680,0.8787468210211422
55681,2.1700110011946414
55682,2.382211887592465
55683,3.0300587480459775
55684,1.2894098940445708
55685,1.2735986480016415
55686,1.7580095297375955
55687,0.6871378616690755
55688,1.2941473727327981
55689,0.9754695930418258
55690,2.7649500878524726
55691,2.5032789148452004
55692,3.000442078739926
55693,1.2737342432886471
55694,2.580342854226817
55695,2.4718940796989024
55696,1.2545947637345058
55697,2.400989313409273
55698,0.8143528165462364
55699,1.6712288707645975
55700,1.1020672317861546
55701,1.1330489125623195
55702,0.7335497114149554
55703,4.1141518124409835
55704,3.1076812315953397
55705,2.735337804471758
55706,1.2897114911963037
55707,2.3343298251888918
55708,1.657820964952922
55709,0.5531044683735651
55710,1.6637501577614309
55711,3.8651658783753966
55712,3.0994665006301183
55713,2.1347732318241874
55714,2.7310758846238095
55715,1.148223656330888
55716,2.321652268161305
55717,1.1300475937307546
55718,2.280062165092435
55719,1.9684054675699407
55720,1.2448612561606502
55721,1.5732610629651766
55722,2.9542517339226073
55723,1.785259500906509
55724,1.166447361525801
55725,2.6997850276479234
55726,2.6301593317545304
55727,3.0528003374562935
55728,3.123765416653871
55729,0.9164010756668723
55730,5.237242701835331
55731,1.6069771718500796
55732,0.8040468225227961
55733,3.3647542404403943
55734,1.4171054712631168
55735,2.2157944278442905
55736,3.688349570981874
55737,1.7074082352906181
55738,2.042791442434723
55739,1.9093622797683203
55740,2.640145867582735
55741,3.277696441245727
55742,1.2969988821622884
55743,1.1168625214403995
55744,2.91264865692634
55745,1.7537923249106804
55746,1.3484256500318885
55747,0.740932987109975
55748,2.5128942200599376
55749,0.7311512085816538
55750,1.7311918328891842
55751,1.8936085559860523
55752,2.7581896964085253
55753,1.6392437899219807
55754,3.18549978143378
55755,0.8343876644110857
55756,2.3577614626794663
55757,2.4644362951270615
55758,1.864250822600244
55759,2.153237835704548
55760,2.804818542742712
55761,1.305145801168326
55762,2.5093076309813434
55763,2.0917805715744215
55764,1.8097905478411782
55765,0.6951026301706271
55766,1.095800580011403
55767,1.5916740086968595
55768,2.0043350805897013
55769,0.7481112995149637
55770,2.231047521977107
55771,1.1033745875192587
55772,1.9468205007302153
55773,2.5923124331359624
55774,1.8689705435925568
55775,3.1330395266792017
55776,0.6392667404739178
55777,2.51795951205003
55778,2.843205073610225
55779,2.892426261784184
55780,3.229036526773175
55781,1.42018779825435
55782,2.2339528173575083
55783,0.33840048331839867
55784,0.6782095892315319
55785,5.096598886983404
55786,3.518966614271907
55787,2.953601268003272
55788,3.8616421790576716
55789,2.7988778035749284
55790,1.790755892855831
55791,1.114151217370452
55792,2.066357392612961
55793,2.7486780501856494
55794,3.405047604145299
55795,2.639281060073362
55796,2.032204561964651
55797,4.216944083650393
55798,3.785529807110155
55799,1.7101755475499694
55800,3.0868343696191154
55801,1.834196051329517
55802,0.7230512381042082
55803,1.6684382828324296
55804,3.8479868478590937
55805,0.7581529336457073
55806,1.8690170687329193
55807,2.278531269800286
55808,2.262275082616103
55809,1.9600284316267427
55810,3.7235776752785092
55811,2.291381683245877
55812,2.5293653159551788
55813,1.688200132752801
55814,3.41135140202363
55815,3.4785906262571906
55816,1.228486074951693
55817,1.9285349039875577
55818,3.477461486395189
55819,2.5311244543120814
55820,3.001413947956056
55821,0.9663385776855229
55822,2.434966403893018
55823,2.665314307910652
55824,3.549041879231712
55825,1.563598074905233
55826,0.7317679440483325
55827,3.492905189469841
55828,2.288155497783979
55829,1.9087830633990883
55830,2.7684933708116297
55831,0.778635417903704
55832,2.541518308987211
55833,1.7453731656668516
55834,1.872097685784528
55835,2.6372263512746805
55836,0.7985699032054789
55837,1.4112830203839088
55838,5.156755532854451
55839,1.3300828999497902
55840,1.3251982623503444
55841,1.161652516760288
55842,1.5014984621646512
55843,1.7028401888573832
55844,1.31874811021871
55845,0.7304530198669887
55846,3.4062001042305816
55847,2.2595673373160174
55848,2.295633167722972
55849,2.749884231405222
55850,1.6886778302671566
55851,1.5280808952156555
55852,2.161016329054579
55853,2.9116429435750923
55854,3.1688504092920233
55855,1.964428353050355
55856,3.2557688795071194
55857,2.3796450257350763
55858,2.148983397138526
55859,0.9382880195820782
55860,3.227847261014265
55861,1.7838772142783377
55862,2.458087642783145
55863,2.4902516656557943
55864,1.7477458752016481
55865,0.8412171664141574
55866,2.683989207244597
55867,1.6543994084315194
55868,0.9318516792435823
55869,0.7188436756135026
55870,2.108003096618919
55871,0.3886643410742785
55872,0.7037918593197823
55873,2.3556568362053305
55874,2.5931708338692694
55875,2.024363587901494
55876,1.3481771423049516
55877,3.419509692531026
55878,2.1846856280909073
55879,0.7118348127245362
55880,2.699654789133721
55881,2.104769750419738
55882,1.118704547931646
55883,3.880185388462966
55884,2.2508837535235138
55885,2.200634898456915
55886,1.7878559377123828
55887,1.9413458807517578
55888,1.8150986645747942
55889,0.5117670289166973
55890,1.6735389518038666
55891,1.8831006670589865
55892,1.7440258709058618
55893,0.660049397802343
55894,3.244956723551045
55895,2.366894055169727
55896,1.6414003903241827
55897,4.943331075914333
55898,2.1720277702621935
55899,1.996302412294117
55900,0.9882959534989517
55901,0.9096268321293657
55902,1.404379206358076
55903,2.4875814810441774
55904,3.74878002195209
55905,1.4272558140682499
55906,3.374150036381767
55907,3.01333588776507
55908,0.3201508955686201
55909,2.5487741478068564
55910,2.327832220152235
55911,1.2726219757112496
55912,1.830296243702069
55913,0.7884560675445762
55914,2.661289408340455
55915,2.5040265001775914
55916,1.688972638062726
55917,2.2158686462442496
55918,1.711472775433183
55919,2.7212833036153974
55920,4.920390985184444
55921,1.2175327219288228
55922,3.4280940233723847
55923,1.387831781616459
55924,1.4323242340797187
55925,2.639541393053694
55926,1.8533231661377876
55927,1.6788922486065623
55928,2.650483218053811
55929,1.113371325796269
55930,1.6252165437080386
55931,2.830932497386076
55932,1.3834502419606913
55933,2.0853070957245485
55934,0.5256595444129921
55935,1.3278582685467235
55936,0.7504248979850594
55937,2.7219175789929615
55938,2.102483306143885
55939,2.2010436540624063
55940,3.662322240577968
55941,2.2364489718147844
55942,1.8244072667445472
55943,0.7540378626787039
55944,1.4358530416316206
55945,1.411000328156124
55946,1.3764426912944892
55947,2.593426227426651
55948,2.880289056400219
55949,1.224506448129663
55950,1.8735085835559495
55951,1.9198743947242498
55952,1.0149396981796066
55953,1.3281005010446485
55954,1.0350209743166126
55955,3.394295907698197
55956,2.7948672266117605
55957,0.8476852805015689
55958,2.046046693576418
55959,1.2116140776534827
55960,2.0500902353571213
55961,1.326601588281708
55962,1.8094325510842033
55963,3.7593480258217973
55964,1.8607009609607452
55965,1.445409882416559
55966,2.4636012346615566
55967,2.866154578627917
55968,1.7318794707863425
55969,3.5152034692373526
55970,3.0509272042418765
55971,1.7449020275815066
55972,1.4270132190167466
55973,0.4816193601578824
55974,1.6599468067243528
55975,2.423494300331729
55976,1.8684310452787862
55977,2.711294909915271
55978,0.33659422675325246
55979,1.415398357810009
55980,1.401030003758894
55981,2.7517827573252056
55982,2.1303685303800286
55983,1.1924615498042535
55984,1.680803138402954
55985,1.4460249533471234
55986,0.9327846085886087
55987,1.9542536144105078
55988,1.178245727093529
55989,0.6347337016707151
55990,1.161332310380434
55991,1.0173858214974025
55992,0.7844120885827159
55993,2.809744601215815
55994,1.3353698404855585
55995,1.9835828055713058
55996,2.543650473492736
55997,1.8056952547291338
55998,1.3510582152230235
55999,1.2070574510712824
56000,1.6844786600780886
56001,0.9033221936211682
56002,1.7265562605223899
56003,2.5705847665342425
56004,1.453280871990021
56005,1.9642466339274485
56006,1.932937572251408
56007,2.4030590255147253
56008,0.722804329276503
56009,1.9746837701525273
56010,3.1090792348086076
56011,1.7448687396925102
56012,3.3998674240183426
56013,2.785090447027418
56014,3.3396573177680615
56015,1.171342023728645
56016,2.1610032501072887
56017,2.113968767768828
56018,2.3549907574665134
56019,1.3821433826863974
56020,2.84770014912829
56021,0.8260339448493177
56022,1.3478157037844518
56023,1.6936431496408524
56024,1.2921742244140582
56025,3.317108550391655
56026,1.082976683323725
56027,2.6716112351566927
56028,1.99359582341663
56029,4.204205526155651
56030,4.066012772992767
56031,1.5561272799751045
56032,0.9650094808439498
56033,0.8963922627455965
56034,2.883691595059023
56035,0.7613910766598515
56036,0.7757818245362991
56037,1.6843841569973428
56038,2.319834325557313
56039,0.6440959491756821
56040,1.764095154919918
56041,1.5152664054552965
56042,2.7925863371735353
56043,1.320171265600866
56044,3.6020341701074905
56045,2.2476697152838376
56046,2.669530699595615
56047,2.094685116582358
56048,1.9272241966852768
56049,3.9659293240490605
56050,1.6329339773244307
56051,1.8419364797012214
56052,3.1493244225820014
56053,3.4033490256056815
56054,3.0743169802317176
56055,2.310543098802018
56056,1.245857946777452
56057,1.6648781722781827
56058,1.7105102658104308
56059,2.5126626020597804
56060,1.2004289704813722
56061,2.4735242213467963
56062,1.0278247374422769
56063,1.5323357332261942
56064,2.210388512844222
56065,1.92470209536285
56066,5.233922034785852
56067,1.6753999689087244
56068,3.151357252804221
56069,0.6920798831079686
56070,1.5852199463697367
56071,1.2725007574543703
56072,1.0025598153035595
56073,3.2890914023507527
56074,0.7906948643794784
56075,1.3722957572145198
56076,1.5976291858266656
56077,2.0942670036152187
56078,1.745713524643353
56079,1.2622076279107013
56080,2.891387792968917
56081,2.7252004580488496
56082,1.6604204278741612
56083,3.1591376715495905
56084,2.266863379731493
56085,1.8805188304572802
56086,1.2191626247251612
56087,1.436743810020264
56088,1.168722361929472
56089,2.51934010021154
56090,1.9757018695950457
56091,0.3832222419945346
56092,1.077305997958181
56093,2.3432111192964022
56094,0.7881257395781098
56095,2.39667529762551
56096,2.3954690938852288
56097,1.4583790637013045
56098,2.4479108375306318
56099,1.2889205204362533
56100,3.910215138142096
56101,1.028225069106444
56102,1.679228568502257
56103,2.2490557867601275
56104,2.0590548754963756
56105,3.9344551748886865
56106,2.585809981855224
56107,2.2777673966961096
56108,3.8204321731065853
56109,1.6778550294495496
56110,1.5984495237405305
56111,1.172525164245318
56112,1.298382688376197
56113,2.082330182586052
56114,1.3973367435453703
56115,2.5494247812908135
56116,0.8282414541340621
56117,2.5538623162420357
56118,3.5583948545872808
56119,0.9337129949692873
56120,2.3938681438965865
56121,1.2850466180387947
56122,2.222726617092352
56123,0.8154938081675915
56124,0.7975206674278787
56125,1.000190763842003
56126,0.7997767722619677
56127,0.8363484383209006
56128,2.847405782445808
56129,2.3540654981294473
56130,0.5990212470572693
56131,3.464522197655672
56132,2.1488880800936307
56133,4.03995745507601
56134,3.0431429025555055
56135,2.8751154717181784
56136,2.2161536794135124
56137,1.622913257136677
56138,2.5983532007620376
56139,0.8375130005593725
56140,2.6259940284588517
56141,2.6268342220736294
56142,2.047846404138344
56143,2.229700105515011
56144,1.8490428769356733
56145,3.96917285780086
56146,2.1807341418442583
56147,1.6208532295067961
56148,3.353130114523939
56149,1.1161823328235165
56150,1.3743581232124917
56151,2.649341900321648
56152,1.8580498071556555
56153,3.3307923414159326
56154,1.715126571014455
56155,2.7913075717495737
56156,1.0285872769647177
56157,3.794200223926911
56158,1.8532205719800778
56159,0.932451682971422
56160,1.425568992863024
56161,1.41505403292118
56162,4.392065809107894
56163,4.865632918299244
56164,2.035088752380137
56165,1.1343517015520526
56166,1.935286443919754
56167,0.007126706325269794
56168,2.5247209933990895
56169,1.2879113142041412
56170,3.1393117586737027
56171,1.7670670031167681
56172,2.5160925516976853
56173,2.086658910245067
56174,1.6774545137354018
56175,1.2960541067495832
56176,1.0773113127619958
56177,1.5339336778791086
56178,1.2390098034539996
56179,3.062982078688126
56180,1.827671660116014
56181,2.0525175231215123
56182,2.2623842827584646
56183,1.5491849547665915
56184,0.760184324567323
56185,1.0803064152110018
56186,3.420650150403592
56187,1.928722710105351
56188,2.7680213874370203
56189,2.021137023893008
56190,0.9121477890747265
56191,2.743740544888002
56192,1.4010386923129552
56193,4.3412626698178975
56194,2.3988647574304913
56195,1.5613722146696922
56196,2.502188504471608
56197,1.2194848007117152
56198,1.5913923108340988
56199,3.057699246383013
56200,1.8023098897813021
56201,1.0761532752041525
56202,0.8112009617456444
56203,1.7232552354675228
56204,2.4884148471320238
56205,1.2401609541121026
56206,2.8551383315423244
56207,2.40502089542537
56208,1.8031611349015044
56209,4.1357550358594075
56210,1.7410017551785621
56211,4.116700213712679
56212,2.837206685566745
56213,1.270655014528021
56214,3.847111846567433
56215,1.4429339641464516
56216,1.862223366399693
56217,1.9711300994854675
56218,1.6450218169258939
56219,2.58149758711075
56220,3.060353529383125
56221,1.1069310764784497
56222,1.0117052980961638
56223,2.6349262102464515
56224,2.2436985209235196
56225,1.4862516842471258
56226,2.2654796853584607
56227,3.2826171309606345
56228,2.570384290815472
56229,1.5871269924533955
56230,1.9961444849934544
56231,1.813674844536596
56232,3.732462035805728
56233,1.7272614807174342
56234,2.4511707169234604
56235,3.0516356930317023
56236,1.6974520118276537
56237,1.7486173250761432
56238,4.575353965920787
56239,1.9350844264088245
56240,1.213772287994292
56241,2.526032819781907
56242,1.7323016510217037
56243,1.5715456357956192
56244,1.6015207420825313
56245,3.3086447517792443
56246,1.3093639797915309
56247,1.0862684168470942
56248,1.8679435663891617
56249,2.9777896609071384
56250,3.410995913952039
56251,1.876681233571265
56252,1.8926919302387013
56253,3.6249205297674543
56254,2.4777657920541323
56255,2.767533565741335
56256,2.270686233614274
56257,1.3752779164450182
56258,2.9576257001692206
56259,4.549524813016152
56260,2.8668570103288893
56261,1.0246999805819748
56262,2.255359113003383
56263,0.6355798515731443
56264,4.250514423096096
56265,1.638847395265234
56266,2.050417753330894
56267,2.2682826905067976
56268,2.418930889381759
56269,0.8481355555093479
56270,1.4986828143034394
56271,1.763119946967354
56272,1.5839006130261488
56273,0.7830502261261678
56274,1.5216346045401146
56275,1.3249994607153646
56276,3.934765148934961
56277,2.393795275024363
56278,0.5928844171613186
56279,2.222517738898947
56280,1.7124832008630086
56281,2.3560135654484533
56282,1.2949124936957652
56283,2.214014842596871
56284,1.092471466418008
56285,2.5140441674768716
56286,0.9305606522025336
56287,6.948492403755214
56288,4.149825650668166
56289,2.592677876825352
56290,2.385358554689109
56291,2.209768727967319
56292,2.028244780865439
56293,1.906521164995386
56294,4.570231316649913
56295,1.8757237228414034
56296,2.645147701719285
56297,1.689786860144327
56298,1.5844383836910119
56299,1.4843324092300954
56300,1.0507574719168993
56301,0.37651832745671143
56302,1.188080015341857
56303,2.433769948060249
56304,3.1844311462716384
56305,0.7427207292568347
56306,2.6667930632575043
56307,1.8040392546473107
56308,2.017588148455875
56309,0.33137687467629817
56310,2.36365916209056
56311,2.394287999248821
56312,1.4850581746212903
56313,3.2497703673005027
56314,2.1080057445051104
56315,0.8761024797795507
56316,2.511493681953997
56317,1.4635832054466142
56318,3.8899870320097456
56319,3.263728209169418
56320,1.209028720700335
56321,1.1530998255792078
56322,0.6387450303013544
56323,1.2818120103972355
56324,2.1664123236964805
56325,1.8162119216620773
56326,3.029367063776423
56327,2.988459592354392
56328,3.295782797545119
56329,1.7941373934282332
56330,3.1125282530134406
56331,3.15752082075392
56332,1.4587479021141156
56333,3.14503601864158
56334,1.4981578360133234
56335,2.0259328607592444
56336,0.9962650717527914
56337,4.925539804691031
56338,2.1148694155693057
56339,1.705137280727829
56340,2.908838400493128
56341,1.6951193804403353
56342,1.2267199901702703
56343,0.8899202907028929
56344,1.027029890515312
56345,2.884455602551302
56346,1.0786370471380486
56347,3.1792939146368475
56348,1.092361507386574
56349,1.8658616152770868
56350,1.3563545262429422
56351,3.09477927700539
56352,3.402827130065024
56353,1.8280030875924815
56354,2.723879516961947
56355,2.1135705516183556
56356,1.1680877647812942
56357,4.175293636698601
56358,1.6979932341263613
56359,0.8577593914154171
56360,0.9009447421692904
56361,2.5564543123022396
56362,1.612351222630057
56363,0.36833321685650233
56364,1.2161654195740006
56365,2.7413853687021152
56366,2.2104437762514273
56367,3.1664892134030573
56368,1.6370605678674828
56369,1.1056959806801991
56370,1.686638426829834
56371,2.6617209978910275
56372,2.6743861058088534
56373,0.3321246843474377
56374,1.8699111765136287
56375,3.144018349287112
56376,2.773037870367265
56377,0.8113392500387739
56378,4.335360205009753
56379,2.730599252556434
56380,2.436011971729588
56381,2.125723830468676
56382,1.4789026163163932
56383,1.3189752170119995
56384,3.7438655979540023
56385,1.9219096408876517
56386,2.539610586180462
56387,0.5477042418462652
56388,1.7686156046938528
56389,2.031044122325543
56390,1.9284431212501012
56391,1.4540909195483245
56392,0.9611797152911983
56393,1.9387225833659762
56394,2.8334948831313547
56395,1.8156692066723998
56396,3.1011203726736802
56397,3.347776867004203
56398,1.8559458482110678
56399,3.856200648665297
56400,2.5324258621649314
56401,1.205827322147659
56402,0.7932920838756026
56403,1.2973391510393846
56404,4.060470326870789
56405,1.532541355052789
56406,2.5903268323377553
56407,2.861432052771253
56408,1.3118007496767667
56409,3.4922697666861247
56410,2.4847210860237148
56411,0.879323196318186
56412,2.5955112093873858
56413,1.829704635009282
56414,2.9692066420699668
56415,1.4945178591576997
56416,1.3335802194586712
56417,2.8424494561884224
56418,1.9981395865289109
56419,3.0883657456279288
56420,1.7081151904920695
56421,1.3124696728252196
56422,2.613565889310369
56423,0.6531841428413863
56424,2.9938088203122426
56425,4.21243374751953
56426,1.1758849374765852
56427,1.1318188891449417
56428,1.6569035441494329
56429,3.0157589608371644
56430,4.084856315121247
56431,1.3050440691346274
56432,1.6194325792745339
56433,2.0147990555820208
56434,2.0502596115276397
56435,4.066140197376345
56436,1.1806755401847546
56437,2.4361148518937377
56438,1.441309468212527
56439,3.298251587604316
56440,1.731329951216285
56441,3.451801892382324
56442,1.2296708539138343
56443,0.7018561798450413
56444,1.2518790780048654
56445,1.6905146014628976
56446,3.0327384520696263
56447,4.3254187569323825
56448,0.5837719113803281
56449,2.1595699979048995
56450,2.86026450023326
56451,1.4164545745703414
56452,1.6330689893505657
56453,2.164614106163956
56454,2.416731792814492
56455,2.396166218759962
56456,0.808026489924206
56457,2.3570584033293223
56458,2.547824944937336
56459,2.7576618665042965
56460,2.174921483126642
56461,1.7067383863090733
56462,2.3747458604505063
56463,2.4696546145222307
56464,3.4668800289730974
56465,1.479718328540006
56466,2.467021366907634
56467,2.4048321479543553
56468,0.8475602963433779
56469,2.571742670700221
56470,1.5288420035746846
56471,1.5630319256466727
56472,0.9027601760510358
56473,2.8499996918501473
56474,2.0173508753205205
56475,1.7628043441367858
56476,1.7977941378396487
56477,2.1651662014020907
56478,2.2873347655600504
56479,2.5403276222410547
56480,4.556354964985534
56481,1.0594797674644134
56482,1.4595302019712655
56483,1.8431400096755262
56484,1.5948227717445356
56485,2.40877670938389
56486,1.5256648199263374
56487,2.5855080377548667
56488,1.9320577654300486
56489,2.199208564659873
56490,3.745241969661212
56491,1.6013043469137962
56492,0.17857968673084557
56493,2.32200992297712
56494,1.2750793103036848
56495,1.3058799449951017
56496,2.7937564093324347
56497,1.4692811399335461
56498,2.4837325869961013
56499,3.4866253517154497
56500,1.2311153919242521
56501,1.5932727941675218
56502,3.2033326803454294
56503,3.2447555239637644
56504,2.6450904360475285
56505,1.3838852001655972
56506,1.4833045307698889
56507,3.0305528812978686
56508,2.000389608106847
56509,1.634664228597817
56510,1.3164773516334414
56511,2.098721770517759
56512,0.004087691253705117
56513,0.7743067236586718
56514,1.6389927611719237
56515,1.2466765253732355
56516,2.2936432759300125
56517,1.6207385618757577
56518,2.7380293368984248
56519,2.2334091442824935
56520,2.865232532717787
56521,1.9169165904658207
56522,2.0759607560952453
56523,2.8031805922548507
56524,2.106426983984509
56525,1.6556112388575492
56526,2.497040343953419
56527,1.3777723271242088
56528,0.8527986732667507
56529,3.543729704526246
56530,1.5571050640350457
56531,1.7888197698965236
56532,2.376699701830578
56533,0.9039337738919393
56534,3.794522163489578
56535,3.5063838862867307
56536,2.2655084897252245
56537,2.8653436425466374
56538,1.5009382881528701
56539,3.2255167134080445
56540,2.077892145764711
56541,2.974270599635478
56542,3.077001905081975
56543,1.497330319546169
56544,3.260594100899315
56545,1.0597236618140506
56546,0.9159717775285436
56547,2.2195114784175054
56548,1.9522300052209438
56549,1.8168357739812997
56550,1.6259068629807452
56551,1.1715887247975765
56552,2.0336816263304662
56553,1.2068504115884515
56554,2.5106618277343706
56555,1.6757453712734254
56556,0.9002082769705204
56557,2.54486296317447
56558,1.7507297506736883
56559,2.4835623861550324
56560,0.879334593615031
56561,1.0845441019560873
56562,1.7945499674664553
56563,0.9792214371689774
56564,3.272247136353972
56565,2.5046365000552306
56566,2.794878373377319
56567,1.5267539461878847
56568,0.8005021038934537
56569,2.159804107272354
56570,1.7209788203791767
56571,2.8519729100257827
56572,1.3914959624298469
56573,0.6755613784503716
56574,3.8457068456903336
56575,0.7934063359097117
56576,1.9584617902187098
56577,2.8236984117377837
56578,1.2024133608175909
56579,2.418578094081699
56580,1.530706313825167
56581,2.519889077409065
56582,0.8343210680576512
56583,2.0853313115622463
56584,2.125875247031278
56585,1.4324283574109593
56586,2.0000891297057173
56587,2.013003813672075
56588,2.008669222508505
56589,2.8936142737484296
56590,1.653611728848265
56591,2.272208094741732
56592,3.5984415834353776
56593,0.4593183437440196
56594,1.5519867214459033
56595,4.499384244926066
56596,2.582062003817615
56597,0.8686059047003063
56598,1.71459905869796
56599,0.6532414937958215
56600,1.3606912008467624
56601,1.2249114692564866
56602,1.260954951558265
56603,2.0807149541460355
56604,1.8787298325400634
56605,1.44086720999886
56606,2.312103792517295
56607,2.2780320460831582
56608,1.1159979290876016
56609,1.4457833407625493
56610,5.189177135120023
56611,2.2923481066242495
56612,0.48630941848597686
56613,3.1481597548865103
56614,1.7135725974154958
56615,1.282578029742357
56616,3.0338826889925805
56617,1.7501891629073647
56618,2.2960843010506586
56619,1.8061826286308111
56620,2.7741590572768793
56621,2.81101046864001
56622,2.334527668786766
56623,3.040444134040232
56624,1.7854160087291326
56625,3.0107134995009552
56626,3.723617226987674
56627,1.9878545848722844
56628,0.5585962349402429
56629,4.9531706185607085
56630,1.8542850929934538
56631,0.8580646982528073
56632,0.9039785565133549
56633,2.2219613974875223
56634,2.4479988434633277
56635,1.0524108251371196
56636,1.087740504748698
56637,1.671832444908322
56638,0.9872175033374369
56639,1.3334573325950352
56640,2.08256604085992
56641,1.0501662683590247
56642,1.8392379680778141
56643,0.806529612826214
56644,2.1046552510304686
56645,5.434906334435087
56646,1.5906694970419188
56647,1.2782221934425344
56648,0.5616221222335049
56649,3.0906212839227614
56650,2.2440937882804555
56651,1.2310461867284097
56652,3.7809785612091993
56653,1.5899192914085098
56654,3.7344617645526377
56655,2.0318010504431108
56656,0.8078128705561234
56657,0.9515660329751121
56658,5.809289989024595
56659,1.8425584134070938
56660,2.612095401205213
56661,2.044443805899963
56662,2.147039191685284
56663,2.340343071378502
56664,2.554040753592094
56665,2.4230400105839784
56666,2.5867119626127284
56667,0.8286135386916875
56668,1.2876965138275729
56669,2.9797398328747455
56670,2.728900297816441
56671,1.930438399248633
56672,2.2682637710193525
56673,3.568250336110399
56674,1.9195961943631268
56675,2.7199493590698047
56676,2.0224310779353267
56677,2.3379593882222345
56678,3.2253152107471443
56679,2.4472041451292093
56680,1.565427670456021
56681,1.8344627943803893
56682,1.9268404462398543
56683,1.8642670722022707
56684,0.9826612783746249
56685,2.219350808962279
56686,2.858663677949611
56687,0.6355109382846571
56688,1.7936683165251601
56689,2.3006678189991625
56690,1.7735211980531211
56691,3.2026250350981265
56692,3.7341835981694693
56693,0.9262523773007167
56694,1.3823023976404478
56695,1.3378528954437776
56696,1.6963029998122217
56697,1.6768372516362184
56698,1.790886137158342
56699,0.8964821523453885
56700,2.108144938091815
56701,3.3015983788699863
56702,2.4381887337930586
56703,1.8927603222577893
56704,1.5938323025226317
56705,1.9103371059749925
56706,0.7559315385701986
56707,1.5800129731582082
56708,3.177471766924217
56709,1.6077210654830516
56710,0.7282328289453268
56711,4.23331691703115
56712,1.6645417821392279
56713,3.1968851634622446
56714,1.7052730380367827
56715,2.0759845579531238
56716,2.0103040802170717
56717,4.172655561260147
56718,2.404746418305937
56719,1.4855872099536391
56720,1.956620259622401
56721,1.6688762206419376
56722,2.7643124169576403
56723,3.3313331266725505
56724,0.8877514190539024
56725,2.8457276280234147
56726,1.0442324663761475
56727,1.5563793518678928
56728,1.426739778643455
56729,2.2283529366660026
56730,3.1016344787972265
56731,2.997696592908202
56732,2.5210874179099996
56733,1.1913563266240637
56734,0.9224747818431389
56735,2.471612063919313
56736,2.7915360950102617
56737,0.5593736367536373
56738,3.119388579756251
56739,2.5431937040966694
56740,1.2127691120694273
56741,0.9320488747295066
56742,1.0281421778195927
56743,2.8312347085650096
56744,1.5257195889251456
56745,2.733952754178805
56746,2.794040685947241
56747,2.481989456982408
56748,1.995749311706195
56749,1.9873985526575417
56750,1.2831210532334474
56751,2.0170671730212213
56752,3.9053355880601295
56753,3.4314907188249073
56754,0.9968165057140688
56755,0.96674424762708
56756,4.997195873946399
56757,2.2203370207036848
56758,2.5658807913130524
56759,0.875962572791142
56760,2.4511352598302416
56761,2.6609657018942734
56762,1.1806323589978867
56763,1.4819612713697872
56764,2.8410380628543273
56765,2.094520671972763
56766,1.0755704269274737
56767,1.774510916626756
56768,0.9099035519394114
56769,1.2144849845213948
56770,1.6942415432033222
56771,2.966051721138573
56772,0.7003270810685258
56773,3.5775168248203535
56774,1.2008529167802955
56775,2.5522911171041223
56776,0.7932451921849726
56777,2.1213340043936206
56778,2.701707907038756
56779,1.1421287296859113
56780,0.6522522982854788
56781,1.712350605285227
56782,2.512675447677939
56783,0.9311860420793927
56784,2.2202084288140647
56785,1.0923812579390848
56786,2.6290188485599266
56787,2.6008287839834203
56788,0.6052945112854822
56789,1.2433403662688285
56790,1.6719769122300114
56791,4.338020508655465
56792,3.0756959277306386
56793,1.6790538261580572
56794,5.372287801092515
56795,1.143856936486518
56796,2.1607771234918154
56797,1.310503183893875
56798,-0.8179272099154069
56799,1.2748147290577982
56800,1.7645240254964882
56801,1.7632892230107053
56802,1.1432180626661967
56803,1.0695277684638178
56804,2.793419047066923
56805,0.8624863836123531
56806,1.9482718226430258
56807,4.486122257468114
56808,1.5916089839377925
56809,2.775002695846812
56810,3.927957617631254
56811,1.9795500124071772
56812,2.4182137601878004
56813,0.9577731214306517
56814,1.2584087489542277
56815,3.362087431429533
56816,1.7174002930521262
56817,0.8442162428426379
56818,2.7428243241390398
56819,2.077193304459602
56820,1.9777991694289518
56821,1.8069426930759143
56822,1.7510046092756149
56823,0.9574060997983942
56824,3.0644657952813397
56825,2.5865537435080377
56826,2.3910695504398554
56827,1.712095356971023
56828,3.4327125632212336
56829,3.167812302663666
56830,1.9541802521722822
56831,1.1845179846249074
56832,0.9808177102869173
56833,2.3848206809788373
56834,0.8130724913942835
56835,2.7450623766227444
56836,2.5867758484770356
56837,2.05658683277915
56838,0.3505910508788652
56839,3.8898589688205085
56840,2.515369840238211
56841,1.7688960686209363
56842,2.2787526445160076
56843,4.450988193464983
56844,2.0766845036346844
56845,1.2186829795315255
56846,2.000546793905446
56847,2.401888440150376
56848,2.0765483406314935
56849,2.175264192230859
56850,2.3898537754328153
56851,1.222071684181575
56852,2.0164941479382072
56853,0.9720678991431022
56854,2.1053711444619445
56855,1.39921300913716
56856,1.2255006533787345
56857,1.4777136797808375
56858,2.248746941079961
56859,3.0088073117929532
56860,2.54192360220053
56861,1.8162428503644925
56862,1.4636960043427827
56863,2.357654540953721
56864,1.9910454369395474
56865,1.5310913120049783
56866,0.9168802253254604
56867,0.8409640609199052
56868,2.694570238696631
56869,0.741042669096462
56870,2.80121126388514
56871,1.879234185716772
56872,2.249906594130099
56873,1.8786725580054657
56874,2.572427464747367
56875,0.6250020174551629
56876,3.028589266198768
56877,1.940593238940128
56878,2.5831121770519054
56879,3.2178948976026938
56880,2.604840365691363
56881,1.3354562207218272
56882,1.514306490545426
56883,2.3722634915895675
56884,1.9325592529130269
56885,1.8133983190912808
56886,1.7956555601929303
56887,0.9620548943316329
56888,3.862909303072829
56889,0.9050619109581568
56890,1.796234215606237
56891,1.6271018736449072
56892,3.036640139389281
56893,2.6414451098974645
56894,2.8710660494220157
56895,1.701707638456103
56896,2.556439906110487
56897,1.6855263628048682
56898,1.6855758250036423
56899,1.767252526342677
56900,1.7623700138790959
56901,2.931618164705217
56902,0.9459914882803879
56903,1.1231519290516339
56904,4.269432727264647
56905,2.4976056024034996
56906,1.8672884762557977
56907,1.7084927638705985
56908,2.202799189899114
56909,1.327921535739538
56910,3.0090774515180136
56911,1.358098009862946
56912,3.715201217043475
56913,1.1716775640361625
56914,2.3747899816993403
56915,2.300629883291979
56916,2.091495851082076
56917,1.2538462250847466
56918,1.4928003983630767
56919,1.2143057744291106
56920,0.5747132103187234
56921,2.074218927317961
56922,2.6377726605688885
56923,0.8741857151410422
56924,1.8382502168172898
56925,4.5867095828625715
56926,0.8437153910260271
56927,2.6739487926907124
56928,2.5198654448665287
56929,1.9672943740106668
56930,2.044747236077516
56931,0.8905002546540324
56932,1.1044870045365975
56933,1.603250600169705
56934,1.3909549108469186
56935,1.5226898060452676
56936,0.8628125476287245
56937,2.006970527492232
56938,2.182754375060089
56939,1.1483834630232401
56940,3.0209498118536864
56941,2.6321834720300252
56942,1.2429329342668645
56943,2.218318867231776
56944,1.7646029184186638
56945,2.487077435583817
56946,3.3242140198016763
56947,2.5446890356470284
56948,1.262561395020132
56949,1.5354232542563047
56950,1.138553842665818
56951,2.7773525901564007
56952,2.375794053679048
56953,2.4024646012089796
56954,2.1836617761244703
56955,1.745253871299898
56956,1.23860724071179
56957,1.928558081978398
56958,2.422330799314924
56959,2.2823568877603044
56960,3.1745347630961227
56961,2.55779742251676
56962,0.843253152992876
56963,2.2853170864851826
56964,1.6658843821313987
56965,1.8622966466841753
56966,1.9282755482516087
56967,2.010027804789079
56968,1.6113170758899322
56969,0.9373177467620373
56970,1.253431886523348
56971,1.357492232289136
56972,0.9326293344814225
56973,1.7412158429013722
56974,1.9461232978564205
56975,2.091102051391605
56976,1.3254341775677325
56977,2.9090762518375506
56978,1.0268471987511596
56979,2.4559873945945334
56980,3.4148946650635743
56981,2.2667749165416105
56982,2.491540643298979
56983,2.404776386808212
56984,1.8668413698320911
56985,1.9109571129546943
56986,1.4201811520083858
56987,1.655301484999118
56988,1.9027691100385233
56989,1.2797481489471387
56990,2.126933930097298
56991,0.47708580834126124
56992,3.9465260448514563
56993,1.4361928830632316
56994,1.9479614067340698
56995,2.3910978972279544
56996,0.9490293192554908
56997,3.332442236294387
56998,1.519880755742495
56999,2.57610718303798
57000,2.3577654277473563
57001,1.7695846552042873
57002,1.5597809396152265
57003,1.7084916155906775
57004,1.1399779777304708
57005,2.785471653833415
57006,3.0200360789145897
57007,1.5351012611101034
57008,2.996440973468655
57009,2.4110937381851762
57010,2.6877662009469567
57011,4.469748747874011
57012,2.1220752030731695
57013,2.8984622750738573
57014,2.171109968478934
57015,1.9848216169537274
57016,1.5851976162828159
57017,3.1539404499762647
57018,1.2170950668614502
57019,0.9657404437010406
57020,1.6774029308368235
57021,2.37245752829347
57022,2.4652900069936017
57023,1.7257259968963616
57024,1.3145490181582922
57025,2.5968913178364836
57026,1.63631220322333
57027,4.035643949217164
57028,1.8844781218482503
57029,4.094931592428768
57030,1.120287827853648
57031,3.303688957316755
57032,3.0299595968454334
57033,2.4094170085195152
57034,2.5304073527559616
57035,0.7909097628511894
57036,1.2829984812528643
57037,1.1266169813207831
57038,1.0093643198868882
57039,1.4681921748132005
57040,1.102770617459445
57041,2.240039317934592
57042,1.8593907921589654
57043,1.9820906658166741
57044,2.105241328398794
57045,1.1144189696194253
57046,1.38647191474519
57047,2.7979557970911664
57048,4.222203574387553
57049,2.0941703469180517
57050,2.2278889901826666
57051,2.271189414033959
57052,1.8343255590250216
57053,1.6926239523431867
57054,2.8139153403468278
57055,2.121964191444224
57056,1.4942063689844254
57057,2.205163431214519
57058,2.421276357479716
57059,2.075377021791244
57060,1.836709718559721
57061,0.7297169269486155
57062,2.440429346745052
57063,4.429034636000214
57064,2.869192907167932
57065,1.5869321513206138
57066,1.424293421592953
57067,1.8803109127139273
57068,1.9055869901800158
57069,1.4332489992744435
57070,2.2264227373385985
57071,4.621343221579227
57072,1.9705845221182052
57073,2.0612580707835697
57074,0.7988627470993528
57075,2.674787926387726
57076,1.2094951248039685
57077,2.5064666073851676
57078,1.8667957833958475
57079,0.7582775183431671
57080,2.881226948434122
57081,1.3412461283763726
57082,2.9082007633358593
57083,1.4377447026801669
57084,1.4330263750193843
57085,2.295976837675628
57086,1.488225406643128
57087,0.6777553158760021
57088,2.5961721998893417
57089,2.232265363642913
57090,1.1790413183991326
57091,1.597696312491511
57092,1.4098283833370466
57093,2.2231717296390094
57094,4.755368096683501
57095,1.2586515995591334
57096,2.143675420728531
57097,1.9911012204715384
57098,1.6728988236889997
57099,4.064643029830595
57100,1.5139523843470535
57101,4.117196448547251
57102,3.0546648859751464
57103,2.973901478085285
57104,0.8008100989423248
57105,2.260209625368166
57106,0.6795377189631076
57107,2.0482718257688965
57108,1.6690547776271423
57109,1.731884696640865
57110,0.6908617290475867
57111,0.572518523827771
57112,3.5099991186755837
57113,2.941075384288016
57114,4.215336429383289
57115,3.396691795391323
57116,2.6521865667975
57117,2.361208570993856
57118,3.3860457397463257
57119,2.029313172653705
57120,2.065335710421639
57121,4.154923110525974
57122,2.4856070608821916
57123,1.8390722546280678
57124,1.0889004098613135
57125,1.3308720630254705
57126,3.5164799829566427
57127,1.1418438194912461
57128,1.572917278155547
57129,2.5560193424783257
57130,2.865630015473247
57131,3.836459415973909
57132,1.3706291960506896
57133,2.444529706564257
57134,1.827716611389807
57135,1.7408007359046884
57136,1.471316759893572
57137,0.5243250832816422
57138,0.8926087373145073
57139,1.1832133401761986
57140,1.6028439579629215
57141,4.109426401249383
57142,2.0936731992057993
57143,0.5178730072120068
57144,2.994416448221333
57145,3.583664910565151
57146,3.6410359208465515
57147,2.941112832853239
57148,2.9093997919475534
57149,0.625598846738999
57150,2.2124397849617914
57151,2.661988051725107
57152,1.5932557205994193
57153,3.8017691476091535
57154,2.8597476528388803
57155,3.0387891997693863
57156,0.8539251704767175
57157,2.5733155972092767
57158,0.7381112476215641
57159,3.3902316590476325
57160,1.1022951692312724
57161,1.3421394231574801
57162,4.615393013197835
57163,0.5979864812491833
57164,2.4491134947341813
57165,1.5710269304932218
57166,1.8872158535196526
57167,3.920557318541544
57168,1.3755283018729791
57169,0.5945479003058871
57170,2.0342834913677486
57171,2.9627234662919513
57172,4.25693374777828
57173,2.0304463045012007
57174,0.6407245482064958
57175,2.984025078689033
57176,0.989334032294412
57177,2.2521266704544054
57178,2.638315046320006
57179,2.4768681445592655
57180,1.2943142659223419
57181,2.5653757242691633
57182,2.5091404297274984
57183,2.7819712066636875
57184,2.6041539932597892
57185,1.3384741628794394
57186,2.2999756031177334
57187,1.0203418108795894
57188,1.5387761963653226
57189,2.42276493924928
57190,3.926196431851171
57191,1.3907043540550355
57192,2.4379594445257204
57193,2.3937285263489834
57194,2.5551956712218704
57195,1.2328683588635876
57196,1.8371686244470062
57197,2.398123245745982
57198,1.4265844269778007
57199,3.26302750822612
57200,1.9167079974822947
57201,1.264818486332846
57202,2.3839829018839147
57203,0.5935278826208084
57204,2.4481998367203666
57205,1.5274116794056916
57206,2.98629023992115
57207,4.682207561710047
57208,2.436549749538788
57209,3.013650622577874
57210,-2.1589200757398395
57211,0.9442812084622325
57212,2.822481027414458
57213,0.9306191325501381
57214,3.4288985190621055
57215,1.5389530660311301
57216,0.5566012595556948
57217,2.473215462140022
57218,2.3020325561513495
57219,4.276092224176754
57220,3.5133938211448346
57221,2.5123506743746056
57222,2.272791626568168
57223,3.8061400209236105
57224,3.0858350405632997
57225,2.903485563843436
57226,0.006883358922724625
57227,1.04104079971734
57228,3.37161828235239
57229,2.710872179962852
57230,2.0291478079094
57231,1.9255712545718815
57232,1.3980861325704588
57233,1.981797035217145
57234,3.786645876018955
57235,2.8717186892496365
57236,2.9279163231851193
57237,2.630277344234745
57238,2.9019448908727874
57239,2.549161919731123
57240,0.8101677261562692
57241,2.6284426970804056
57242,2.5210466959115116
57243,2.764544184249818
57244,2.4024623520581976
57245,0.5847829276835093
57246,3.258429499361828
57247,0.9223759479144213
57248,1.5926221596815573
57249,0.728622889252069
57250,0.9232480008575727
57251,3.395949295337889
57252,0.6836916476940793
57253,3.5640824434889886
57254,2.176938439036494
57255,1.5125201417234315
57256,2.9310528122675272
57257,1.5306752476811347
57258,5.004758642672588
57259,2.225887556212232
57260,1.8205283592443813
57261,1.607018215877961
57262,3.1451884379240234
57263,1.6494971349570768
57264,1.5130581697364711
57265,3.4038782221353507
57266,0.8267053788302441
57267,2.131853915724779
57268,0.4281968749708973
57269,1.922334162875277
57270,1.569757131105039
57271,0.7550787312389424
57272,1.6145621695452697
57273,1.872370041975703
57274,4.452895447002451
57275,1.8273157237356408
57276,3.851638273424985
57277,2.2210013524378702
57278,2.738274723365837
57279,3.502404001340725
57280,3.7308841771806307
57281,2.4457782262505283
57282,0.5942376685452508
57283,3.628645822081129
57284,0.9205029936772213
57285,2.5578972112938096
57286,2.433301664019158
57287,3.2255846744804195
57288,1.2153842493241918
57289,2.1883890317438137
57290,1.3824344497306278
57291,2.3302404968646364
57292,1.4029806886901817
57293,2.7773242646432585
57294,2.2008832216693612
57295,0.47480071329249895
57296,2.358239260389386
57297,1.0792192624161068
57298,2.2343154319302734
57299,2.486187688817072
57300,1.458081650904436
57301,2.8320363099497037
57302,1.6618109801509071
57303,0.8417350330536557
57304,2.6583594795702403
57305,1.5117627844451285
57306,2.2300364741533407
57307,2.4204640079046023
57308,1.8500865972634166
57309,2.3885546771744863
57310,2.0895110783253337
57311,2.0736242008829073
57312,3.644758855505078
57313,1.7308322431019043
57314,0.825874472242365
57315,2.484060357046335
57316,2.9887460987596945
57317,1.9105113084081644
57318,1.8551888774132443
57319,5.293690273084341
57320,1.7439300808065674
57321,1.857433952714505
57322,1.7278158840760547
57323,1.2064951163929187
57324,2.785358992166639
57325,1.0234865199992704
57326,1.5251409689405513
57327,2.6236284065812505
57328,2.051986635800123
57329,0.9911826089728528
57330,1.5325654576698788
57331,2.6624937692035395
57332,2.0267298068596666
57333,2.7973166363300983
57334,1.6396432545301458
57335,3.0229508575494926
57336,2.093837456188627
57337,2.49497638251734
57338,1.0976082516823205
57339,2.2941857133725456
57340,0.8082353581127428
57341,0.8033417324658139
57342,0.6506840849586162
57343,0.9670960225530116
57344,1.6321424586271327
57345,0.600863322284173
57346,1.0307272595924566
57347,1.974108678900084
57348,2.3066755440901865
57349,2.017544934907935
57350,1.313942867307592
57351,2.864356072156543
57352,2.58905839818971
57353,2.768101337387183
57354,2.1582639662202645
57355,2.702263496984532
57356,1.439728110668117
57357,1.452051213925305
57358,3.8066018720074943
57359,0.9932407184807666
57360,2.293996253592642
57361,2.046147414424869
57362,1.7824037485795863
57363,4.0277211699111355
57364,0.5640622521189904
57365,1.8269480380327572
57366,0.8054548247928928
57367,2.0416240481040155
57368,3.4933850033168063
57369,2.276399546429449
57370,1.912015717246593
57371,1.359590785823432
57372,2.110049391451245
57373,2.79140875398463
57374,1.572405792220227
57375,1.1103351122279186
57376,3.171496357019894
57377,0.8844650140832648
57378,1.5002833861034226
57379,1.6572839461615878
57380,2.0303625407312644
57381,3.0021211512709023
57382,1.777050833115684
57383,0.8811460302364829
57384,1.7485691026557824
57385,2.277186284016043
57386,1.6193341210252363
57387,2.8679415489294833
57388,2.5255468574169733
57389,2.2499458838257773
57390,1.1708167884340845
57391,1.0967984511210922
57392,2.714052438309867
57393,1.2742537222557964
57394,1.8732247348296518
57395,2.235428259113693
57396,4.934850456662506
57397,2.3196924482074373
57398,1.2844315653562184
57399,2.74963899772661
57400,2.8728958638911912
57401,4.157406671623509
57402,2.1497036628315165
57403,2.220055476737574
57404,0.9559184297179435
57405,1.0350471122654916
57406,2.3975594691131086
57407,3.7902593036358816
57408,3.446430292680052
57409,1.0487552609392345
57410,2.5300622822001664
57411,1.8050133298491495
57412,2.5389040265193366
57413,2.5991364548439186
57414,2.527485689427781
57415,1.7053117537406912
57416,3.5773011571966187
57417,2.742423962561592
57418,0.8111043175062527
57419,2.8525919311480017
57420,2.519812447829114
57421,0.7863362659810811
57422,3.295875445591893
57423,3.8706352894191163
57424,1.8038398952389976
57425,2.277936944510234
57426,3.629352816994075
57427,2.798956063664182
57428,1.8481058080254549
57429,3.3730191962164078
57430,1.762963954282359
57431,2.2284808375204967
57432,4.34513817885389
57433,2.6255625980012987
57434,0.857233786240247
57435,1.7919094617045381
57436,2.7665906091231456
57437,1.911723475832222
57438,1.2730788487252234
57439,2.812036586268537
57440,1.6798481143860649
57441,2.433133903449093
57442,2.786746761813479
57443,2.826646061026967
57444,2.7438392283604323
57445,1.2428414201881743
57446,4.093494001469882
57447,3.736421313617573
57448,0.9454291532060815
57449,1.2062279677596202
57450,0.8727567926217752
57451,2.946865668387293
57452,1.2725665937206294
57453,3.1100450568006046
57454,1.6880959746555142
57455,1.6319776046316328
57456,1.7239747034911126
57457,1.454023273046861
57458,2.288418452091367
57459,1.1458435937887863
57460,2.396377689535516
57461,2.0858189091803503
57462,2.169597186528083
57463,1.829878179806773
57464,1.4385972136155694
57465,1.6445359931773602
57466,1.815283320201278
57467,0.36321385443202203
57468,1.7286085779495615
57469,1.5637842829233968
57470,5.0914450086907586
57471,2.8464581468465475
57472,2.8154035586190993
57473,1.5133498454013399
57474,0.9096778302352426
57475,0.8050377844103913
57476,2.1178570269691797
57477,0.8091651353229885
57478,2.3644557380209825
57479,1.524196913784781
57480,0.9285916996033485
57481,1.6760994017746533
57482,1.3258154772082413
57483,3.180493025552071
57484,3.0669701984286384
57485,2.3677441535081165
57486,2.4390548242572017
57487,4.4792511735390725
57488,3.435772173217206
57489,3.7093512021240294
57490,1.3376686493491583
57491,0.7439840495394812
57492,2.103043677177485
57493,2.9224831713865207
57494,1.1563018220067285
57495,1.0159522208701794
57496,1.939249521540436
57497,4.0124866190800255
57498,3.2276890996612373
57499,1.6473993333126238
57500,2.472676748432324
57501,2.5322717820094773
57502,1.8463972749456197
57503,2.025818298935409
57504,3.044241283157991
57505,2.25814315739132
57506,1.3591839788359472
57507,2.02347809729304
57508,3.255299760648459
57509,1.8174048846954953
57510,3.047191878127169
57511,2.2119754347236444
57512,1.4058437563326756
57513,2.7988376235746593
57514,1.3176397139026257
57515,2.5559905381358767
57516,1.9757444110994733
57517,3.4596946832494986
57518,2.1924700585333063
57519,0.7154415448063993
57520,2.0839080789383537
57521,1.2861475467329662
57522,1.771267603901439
57523,1.9119001679128225
57524,3.8924375472407213
57525,1.3534831640927827
57526,2.9306134069498775
57527,2.163858408192457
57528,1.4524818583946946
57529,2.9903840436973645
57530,2.6071161038914177
57531,1.0058888396575902
57532,2.1132013974720714
57533,2.488578349809959
57534,2.638840195930616
57535,1.712708354307754
57536,3.3174408120955867
57537,5.386620346395521
57538,1.2318834978908946
57539,0.9409595457722197
57540,1.4443991571894266
57541,1.8700639789173614
57542,1.0547411963092124
57543,1.2173441863920154
57544,1.5117078218183941
57545,2.4513099704530568
57546,1.0378102111146212
57547,1.0992424357102415
57548,0.7290690821297012
57549,1.241510865455897
57550,4.6466906398214896
57551,2.5694379819892994
57552,3.045407398003338
57553,2.007809434617574
57554,1.914684168492773
57555,1.4900282784927903
57556,3.1095830980362713
57557,2.274921641024438
57558,0.6920292554230549
57559,2.098014536171082
57560,1.6564976865731786
57561,2.193840860869276
57562,3.39202039289194
57563,1.7459049057070253
57564,1.6564365520290814
57565,1.570208658975023
57566,2.6752238395728547
57567,1.8482312077030976
57568,0.7634478415866432
57569,1.4983024791841082
57570,2.426228145258907
57571,4.574541512284529
57572,1.6968067677234764
57573,2.2282168446916195
57574,2.775703339456701
57575,3.2901487505458284
57576,1.1362731606543583
57577,2.7400577459420994
57578,2.8346960271879063
57579,0.8974697233999258
57580,1.8241303975563632
57581,1.5218746548561093
57582,4.486298266644102
57583,1.9761007860451834
57584,1.9684130342288064
57585,3.3300489371910125
57586,1.3136709378091105
57587,4.4807025923238974
57588,2.8390704205539556
57589,1.1351463515297873
57590,2.1631566119793355
57591,4.555302777347297
57592,2.0430383842870903
57593,1.6414353473444159
57594,1.422142180520428
57595,1.187427454175353
57596,1.6196753969768203
57597,3.2620490777196984
57598,3.6043765141185453
57599,2.623057336636837
57600,0.8535772408544098
57601,2.0616115751954034
57602,1.2904413193804523
57603,2.1189601243546043
57604,3.3406918696839547
57605,0.7871471487806083
57606,2.4249137967457592
57607,1.743702943379649
57608,0.7916299934362918
57609,2.3438749089269244
57610,1.5928803573177994
57611,2.0618734571697566
57612,3.728366218235184
57613,2.3300532075484206
57614,1.76835167434999
57615,1.5865102187752491
57616,0.6315831623633734
57617,2.3907129878075075
57618,1.8664889419308714
57619,1.2416794566594298
57620,1.3648103527739899
57621,3.3358244358279343
57622,0.5121793694138468
57623,2.17507647566433
57624,2.543581696744159
57625,1.3294870872443774
57626,1.188916274298581
57627,2.1076032633024973
57628,0.6840435223097394
57629,1.2071140996735075
57630,0.5335159571710655
57631,3.2717819265585923
57632,1.4329552749366066
57633,2.388843378366264
57634,2.7430701095893575
57635,3.1058244129548065
57636,3.2212803287637293
57637,2.633105347188323
57638,1.130386371463974
57639,2.5053029087893357
57640,2.283904658024486
57641,2.881501222482374
57642,4.043927691882121
57643,1.5988737039620027
57644,1.6412831952310434
57645,1.555741828862157
57646,0.9417139009072208
57647,3.122998898518606
57648,3.0837015639303083
57649,5.3913833372556645
57650,1.657529717266332
57651,2.641411331948266
57652,2.8812109709742266
57653,1.4480143115748412
57654,1.9485197070870335
57655,3.7811416334008108
57656,0.7176954958606849
57657,2.1350292807072755
57658,1.2125727113175095
57659,3.855080921087339
57660,0.9508140308311432
57661,0.7947146537728749
57662,2.616785074285989
57663,1.8530415024908429
57664,1.785528575199809
57665,0.9418369436984371
57666,0.7373029591239266
57667,1.6324842423327404
57668,1.4007399595052767
57669,2.0161716178904534
57670,1.8963943769840377
57671,2.450342886577264
57672,0.3463315793732171
57673,3.527065741825627
57674,2.223893481564236
57675,1.3102443924884177
57676,2.9185374272866262
57677,1.8930225888645715
57678,2.404263102178337
57679,2.7313760354756518
57680,2.230747177729345
57681,2.869428183541121
57682,2.092702150189016
57683,3.058156357276861
57684,0.7602023545470367
57685,2.291834962783984
57686,0.40290636621142895
57687,2.1468414291305216
57688,1.799365126839863
57689,0.5795939329706847
57690,4.001841504198072
57691,1.8757657617307792
57692,1.4834782424067505
57693,2.5308207249608508
57694,0.8791615424373198
57695,1.3739900019084565
57696,2.4087158533412243
57697,3.6232621622855596
57698,1.777907391067405
57699,1.6242556435050268
57700,1.0193530187879993
57701,2.447521532933454
57702,2.0904842787036877
57703,2.5154542886900835
57704,2.192279462086905
57705,1.1353552051860198
57706,3.553726060977258
57707,3.091947979664983
57708,2.3982464401626267
57709,3.94228858441949
57710,3.221286070827066
57711,1.4668727623823692
57712,3.5636501342617954
57713,5.166563806243634
57714,3.2264615316639187
57715,2.6542614538189504
57716,1.6197487770855084
57717,1.3986992772437112
57718,3.362867389043007
57719,0.9842253462225621
57720,0.3264193275969127
57721,1.721462307409329
57722,1.7825151616312986
57723,1.1972871263442961
57724,2.7670665403906334
57725,2.355041788928279
57726,1.8533302897662942
57727,2.9212397656696716
57728,1.773104146972404
57729,4.776665076762871
57730,0.49263009658404044
57731,2.0583388948071253
57732,1.9737771488550955
57733,1.140759363699832
57734,1.6702729955415272
57735,2.0611241180084825
57736,1.5887827542606807
57737,1.6084561450062473
57738,1.2968567581507422
57739,2.0558552505474275
57740,1.6638385667365903
57741,1.578122369342939
57742,3.1231863292858897
57743,1.2318827339270264
57744,2.3452932853452673
57745,1.508056965846297
57746,1.7757658359841209
57747,1.830566153845698
57748,0.9005380657770594
57749,2.546738221620135
57750,1.619991130098004
57751,1.745645218900112
57752,2.046594338919082
57753,0.9666382670172915
57754,1.2371540599212132
57755,3.2876874862740273
57756,1.7192732102040829
57757,1.2848367965431216
57758,2.388241319301873
57759,1.1588550463545495
57760,2.1538768734446343
57761,2.4929605654624005
57762,2.060160826372769
57763,2.717352667937579
57764,2.550141918170599
57765,1.8494046477192718
57766,1.067158861303941
57767,5.112497371030319
57768,1.1650315393727944
57769,1.322385080930733
57770,4.8910238468705565
57771,1.5855679762720207
57772,2.6850656224372393
57773,3.9327048200131607
57774,1.5753586154914707
57775,0.6237916951898832
57776,2.120821519289027
57777,2.403566679733732
57778,0.9537058437620693
57779,2.1082825412691513
57780,2.7206024402187303
57781,1.4629897768649336
57782,4.574549894598594
57783,1.0759462678012746
57784,3.0516413936570395
57785,1.910468561489953
57786,2.2673838907669257
57787,1.7569783159375199
57788,0.7580825435376575
57789,0.9190024726262926
57790,2.455669170980091
57791,1.6263259257695246
57792,1.744808471476805
57793,1.4158274824526167
57794,1.9731083172573314
57795,3.5224122576903802
57796,4.180707888405838
57797,2.5645275254075877
57798,0.8465620729006993
57799,4.862323789438509
57800,1.6200334869596738
57801,1.7024848393356855
57802,2.497956375929821
57803,1.7895430629038493
57804,1.4527521408846589
57805,0.5716525171379239
57806,1.17111715535356
57807,1.7745426432033788
57808,1.7009746404830857
57809,2.741556878711723
57810,2.771975229912588
57811,1.1353350544912395
57812,0.9568743658626637
57813,1.6342214326552416
57814,0.9470301236469574
57815,1.6539241426613138
57816,3.2189787799079035
57817,1.4352166988788078
57818,1.1149623789421135
57819,0.9589744457854046
57820,1.8778163272592998
57821,2.865140253130736
57822,2.9024077451169354
57823,3.1200514658971805
57824,2.3156054648490603
57825,2.65240225807813
57826,3.05504998068756
57827,1.4189838507614674
57828,1.5998600117508524
57829,1.1117519996716716
57830,2.280508085857978
57831,3.020907241707139
57832,1.231408105760483
57833,2.318195984242582
57834,1.2758640368944647
57835,1.9826908091926931
57836,1.7074265677041218
57837,2.030193008032544
57838,2.5036799788625252
57839,1.608739202292444
57840,2.56390875773943
57841,1.4068766199333176
57842,1.842745296604594
57843,3.3910113636154087
57844,2.051828637507871
57845,2.4550647928245475
57846,1.6395304076338029
57847,2.2216995136260245
57848,0.7736067471000219
57849,2.362106486708914
57850,3.965983025204313
57851,2.686187447347212
57852,1.4315513921922651
57853,2.403155696240564
57854,2.307873309960332
57855,1.306817924347886
57856,2.3342307667372246
57857,1.4185653392851272
57858,2.310000589048432
57859,2.0671919388769915
57860,0.6029296976853153
57861,3.125891458056234
57862,2.8424150805666137
57863,0.8326322763326779
57864,0.8231990621037717
57865,3.331716589418253
57866,3.02655592129236
57867,1.5495916516707133
57868,3.8963352855346933
57869,1.4075651415729773
57870,2.090888300877314
57871,0.9346591937709015
57872,1.8896095998863451
57873,2.6016509635510126
57874,3.951471451501309
57875,2.02640836025677
57876,1.5951198328399165
57877,1.4120264568109384
57878,0.7173054940489045
57879,4.195808797772035
57880,2.047630986086862
57881,1.3299166603518735
57882,1.8686001734829922
57883,5.865302870157624
57884,2.7707626364616296
57885,2.4086559534359004
57886,1.2395850410625293
57887,0.874678024816351
57888,1.769033256525578
57889,2.7730512389462127
57890,2.987860288192312
57891,3.9515806857112388
57892,2.5149198585132844
57893,2.3314396960167336
57894,1.0160828338639796
57895,0.9533746994544607
57896,2.326592997308186
57897,0.8524880872496432
57898,1.4563079146869349
57899,0.8144451818195115
57900,2.653380919712479
57901,2.3504674142936928
57902,1.0727919085690623
57903,1.9943842634491524
57904,2.0017627410313317
57905,2.6010322845568545
57906,0.60862190043213
57907,1.383074206736243
57908,2.2746049647528004
57909,1.1112211918822972
57910,2.9759771228173157
57911,0.5408928402368396
57912,2.005464925534941
57913,3.748147842969903
57914,2.4554818213703733
57915,1.959133545951918
57916,2.167413826607831
57917,1.6134275627985097
57918,3.2774451589877778
57919,0.73009749800406
57920,3.34086402297223
57921,0.720369822599114
57922,2.983554831719804
57923,2.271934351252856
57924,1.5976212123058282
57925,0.9485306268869955
57926,2.021758148935394
57927,1.422913754346414
57928,3.2071842361822327
57929,2.065909373091504
57930,2.2461620137828255
57931,3.145699454985621
57932,1.6715508775443233
57933,3.669965526407484
57934,1.7041492128493338
57935,1.6673567928966726
57936,1.396495109014385
57937,2.988520125453366
57938,1.6691494959064848
57939,3.1159249979617165
57940,1.5829196824056204
57941,0.8541193637268272
57942,3.435576959515263
57943,0.5850813029339612
57944,2.2625585390565597
57945,1.6909621785964966
57946,2.4797591182008922
57947,3.38946421189792
57948,1.7589849631947665
57949,2.165194358435972
57950,2.97480469283477
57951,3.2892797485942005
57952,1.7675063655362386
57953,0.9296003870338474
57954,1.5379139332223595
57955,0.5755334892708994
57956,1.4960000375731148
57957,2.2409066156192843
57958,1.7234288568968772
57959,3.8091701241756972
57960,1.5821578795949485
57961,2.8641226883971207
57962,2.908112063459388
57963,1.9864377516285892
57964,3.0393013747047384
57965,2.7356137157177507
57966,1.5890413678444908
57967,1.221148731729219
57968,1.4102339144263318
57969,3.4714775289359103
57970,2.2606392643269295
57971,1.190726810878747
57972,1.5837019017951697
57973,1.0995734074930432
57974,1.0573507256476127
57975,3.0456356484195943
57976,2.636869272491655
57977,1.8508405963438328
57978,1.4339497659220548
57979,1.4111712035704223
57980,0.810693106583873
57981,2.9981442466229318
57982,1.9613695110706466
57983,2.009150936717763
57984,3.0289739813721646
57985,2.443507028775972
57986,4.013322509053982
57987,1.3009713138548342
57988,2.1008494871020567
57989,1.4854552475954428
57990,1.1717024393987323
57991,1.3032250168003578
57992,2.965397893081988
57993,1.3401803040269478
57994,0.8967017721545609
57995,2.6057002624895667
57996,3.3007549375443013
57997,2.750589888549033
57998,1.1498295109034622
57999,2.6563017765823282
58000,1.462644507376698
58001,2.345839100445975
58002,3.4050286871636537
58003,1.716879489214282
58004,2.430056989080672
58005,2.1979222320999874
58006,2.531368271856369
58007,1.2730490569449309
58008,2.787584691664339
58009,1.5271365565811301
58010,0.7343351082046219
58011,2.0204938053580044
58012,1.178741283765536
58013,1.0597858927740482
58014,1.7020281478272672
58015,0.7798441191683345
58016,1.9331983037706983
58017,2.8515530271853073
58018,0.26933997127210674
58019,2.345841423040415
58020,3.356339596757099
58021,0.9288824414928492
58022,0.7837553437790952
58023,1.4619604681699663
58024,0.7929958469087133
58025,2.039589652287791
58026,2.3722831956548056
58027,0.7727484811365777
58028,4.036959620794935
58029,1.9390256327400301
58030,2.727347776005306
58031,2.3544567753454295
58032,1.8203011044134065
58033,1.8256063836633736
58034,2.1440359117031313
58035,2.4427498812430777
58036,1.5079783939392293
58037,1.5224790425171513
58038,1.1380135179511264
58039,0.8274678531226449
58040,3.3891407785099865
58041,1.4003570318492713
58042,2.9072212165484395
58043,1.3164288298102953
58044,5.381900807398896
58045,3.3591963426945632
58046,2.0369318205044387
58047,1.695823285888114
58048,0.8352455309407851
58049,1.9287213532756802
58050,2.965101986037954
58051,1.0252363722884787
58052,0.9782108565929697
58053,1.651457909441124
58054,1.723699422181003
58055,1.9154246430006516
58056,2.5008549670531046
58057,4.226180271788596
58058,1.7926160301650533
58059,1.1028686945554433
58060,2.1086565346040267
58061,2.6512796809111627
58062,1.646547546672057
58063,1.6488408322435681
58064,2.570246990158953
58065,2.27088817909382
58066,3.7203359348585288
58067,3.2645230718772815
58068,3.299806789689402
58069,1.4985267731191847
58070,1.3627805529126853
58071,0.7921701921898467
58072,1.8365680413259646
58073,2.168958285530355
58074,1.2211775777010736
58075,1.965637149678006
58076,1.2123411958995298
58077,4.0961931939866965
58078,4.016116591088693
58079,0.7466031652151806
58080,2.4199770510442455
58081,4.35883550161515
58082,2.2882885749080835
58083,2.4156464454323476
58084,1.9266727018925032
58085,2.4634447645686954
58086,1.1917894517506262
58087,3.4673584198999414
58088,2.637225153228261
58089,0.8418498327872648
58090,1.2635317122240828
58091,2.020846483921165
58092,1.3731041769445689
58093,0.7591854254730812
58094,2.466912354729832
58095,3.591114764292403
58096,0.9079363019162408
58097,0.5697723523819072
58098,3.383170755298952
58099,1.0252207201668604
58100,3.8061225230713696
58101,1.8312446318346396
58102,3.961146059059846
58103,2.571712052800425
58104,3.0794658076965256
58105,1.7890485218460164
58106,2.575228072423304
58107,2.9575129038364487
58108,0.6082330542938372
58109,1.9727465853985144
58110,1.1878588871888702
58111,2.811588037108809
58112,2.906428241484466
58113,4.0655565268919
58114,1.7212699747031515
58115,1.844516625254787
58116,2.936911126560151
58117,1.6874684395460555
58118,1.5783174267150208
58119,2.716994596327229
58120,0.9532075533825299
58121,0.656741419518827
58122,2.8656612123726752
58123,1.5711419759750278
58124,2.6088575794798636
58125,1.1687065541263344
58126,1.791397064361096
58127,2.0203952307031194
58128,3.2075724591146333
58129,0.39578618214290273
58130,1.678808127083304
58131,0.6997145891532774
58132,2.473077734848548
58133,1.959194964943979
58134,2.4981442766771558
58135,3.035011390306895
58136,0.8947403227063297
58137,1.2520438746846914
58138,1.2389821144898328
58139,2.803184781814654
58140,2.580844629779282
58141,1.411725457519939
58142,2.692961666212401
58143,1.478247216476749
58144,1.0353297968577557
58145,1.4230382051806636
58146,0.7208800731285443
58147,1.2237569532650845
58148,1.6991783915605119
58149,1.8476854596656302
58150,0.15727929961953535
58151,2.104385720136296
58152,2.361564602679099
58153,1.7293387947293049
58154,2.874347584698146
58155,2.0017500867234084
58156,1.8561382875485641
58157,3.951912843118098
58158,1.883831111621081
58159,1.8776488200902612
58160,0.8945269800952111
58161,1.6340492868501464
58162,2.9749803203046135
58163,5.412524513378063
58164,2.403044459806811
58165,1.0791086564160004
58166,1.0419050207513045
58167,2.2615153689600653
58168,1.0698703542076977
58169,2.0177515886984487
58170,2.4985375380664756
58171,2.7668288083059487
58172,2.3608228316532838
58173,2.1841618154136775
58174,1.1225947979976105
58175,1.8708108308819398
58176,2.269103862874804
58177,3.022911592822741
58178,1.1829120907110031
58179,1.2156644833916666
58180,2.3829266155814004
58181,1.004237294430144
58182,3.4703025434021733
58183,2.9739519844608004
58184,0.9650281273829115
58185,1.9794289943191963
58186,0.789532405291542
58187,1.6728220680699373
58188,1.0196582375693346
58189,2.5998443398297617
58190,4.2481657646841064
58191,2.2944915541931756
58192,1.9777143575927632
58193,2.2673927376763494
58194,1.543439121175087
58195,2.5654453944014826
58196,5.300548968198715
58197,2.6219988860489742
58198,2.4289532911379332
58199,1.6246192204126721
58200,1.8036029790183967
58201,1.860787647255254
58202,3.2816767883714455
58203,2.165928525146942
58204,1.1203865125776424
58205,1.0472728977284795
58206,2.8667743692023784
58207,1.875553527571217
58208,2.1578973649775186
58209,1.0007659477163067
58210,1.189880855709763
58211,4.489550884781867
58212,3.1546218909169035
58213,0.6974599107161801
58214,1.5890727512820355
58215,1.9919956535864038
58216,2.4971610312159704
58217,1.1163812020353454
58218,1.95974811675649
58219,1.068823511185176
58220,2.5565264582315343
58221,2.3772433857792556
58222,3.1390507840034765
58223,2.762038728923219
58224,0.6503490054212229
58225,3.2091627105694194
58226,2.3712955769356405
58227,1.9278675115963502
58228,1.6306999344296607
58229,1.0282786698024928
58230,3.069480231043773
58231,1.5506975942770431
58232,2.9557136632971925
58233,1.1834019316167463
58234,1.768227878854507
58235,3.679505402636355
58236,2.9948794652472976
58237,2.5139659925949935
58238,4.235226611711685
58239,0.8056815793845153
58240,1.2682496780083206
58241,1.7669755832820364
58242,1.3247493029799422
58243,3.01884079709453
58244,0.8827532017316493
58245,2.062409893801661
58246,2.2019139417239195
58247,3.690987404214585
58248,3.076079790735836
58249,1.6117707347933425
58250,1.4352726112493777
58251,2.684483659835056
58252,2.172768521708921
58253,0.9790837706496553
58254,2.3319421935157756
58255,2.3265669876526296
58256,2.7448810402627295
58257,1.8612904404564041
58258,0.7393832967175094
58259,2.3359880159890203
58260,2.7493145836606097
58261,3.646612921119303
58262,2.5178592742972548
58263,1.5927524335448773
58264,3.972927554032541
58265,2.192864405008155
58266,1.5358699272158596
58267,3.3735649035456596
58268,1.6128837254873112
58269,1.9350229949751032
58270,2.0995137174209937
58271,2.1041241725548936
58272,2.9387564620096533
58273,2.0483070887247585
58274,1.7055155603360141
58275,1.6331621686619293
58276,2.1347214617848103
58277,1.0930653975352733
58278,1.550588189028506
58279,2.5319683700168163
58280,0.9925706278991733
58281,0.762915472769496
58282,2.653036242525392
58283,1.692480633275185
58284,1.6010609020144422
58285,1.527115642186775
58286,1.1634168947865682
58287,1.1686224954133344
58288,2.618940254187809
58289,1.6557938637297163
58290,3.2979644569323376
58291,1.64065357966469
58292,1.5007595375610698
58293,1.2208117355788808
58294,3.2257654323466376
58295,1.317722181000594
58296,3.3116981586837007
58297,1.862126484628451
58298,2.574331744096927
58299,0.7059238762154543
58300,1.5154846624566893
58301,3.5972440632896827
58302,1.714139687860328
58303,4.844952950271878
58304,1.3469117340977483
58305,1.469625476514043
58306,2.476119125350184
58307,1.204248220440494
58308,1.2797773394712841
58309,2.393112602906374
58310,1.6723010858661134
58311,1.04581980623448
58312,2.831405100162815
58313,0.9981300656674144
58314,1.8830557379241988
58315,2.3313330353104256
58316,0.8917787797972814
58317,2.257661679157966
58318,2.561525908144123
58319,1.4815667857992914
58320,2.1930612203189277
58321,1.867695914352769
58322,2.3040323396272733
58323,2.0851140965567403
58324,1.7737320009051167
58325,2.7389543552323268
58326,2.6493345283113037
58327,2.5537704606123306
58328,1.4558470425144243
58329,2.1826700294683725
58330,2.035967671071294
58331,1.5979194715705525
58332,4.9890433213147425
58333,1.7668615713260785
58334,1.6253827329257184
58335,0.5921480190589286
58336,2.432258946350178
58337,2.0462374259997524
58338,1.953080008839752
58339,2.316042330898515
58340,2.2889931033218467
58341,1.0456269415535395
58342,1.4312242618287065
58343,2.075194983670375
58344,1.4264994541260911
58345,2.089936719159045
58346,2.326136161978699
58347,1.8394708500221988
58348,1.4370772045257958
58349,2.4974981580013242
58350,1.2105306831430376
58351,1.0925948851610237
58352,2.6921175835786393
58353,2.3760238292849785
58354,1.5064826377130522
58355,3.072672978218268
58356,1.2455435526614203
58357,2.05979060137685
58358,3.7974651405473345
58359,2.7570427654632716
58360,2.6553597921999916
58361,2.802747858501082
58362,2.98581057380051
58363,1.7213383534612525
58364,4.431882059582168
58365,3.1094275640652462
58366,2.023171512834015
58367,1.383029948946703
58368,1.5352116836243148
58369,2.0599662005274446
58370,2.122764295448409
58371,0.7528047490679661
58372,1.1552333155979149
58373,2.4098351577043537
58374,0.6147173494828486
58375,1.412828479778657
58376,1.6884845435601825
58377,0.9402968154564526
58378,4.418436571392025
58379,2.023974704513794
58380,0.9485330865887285
58381,2.2118899738478923
58382,1.1709772081082725
58383,1.1485949149004604
58384,2.6809610714021552
58385,4.159877530484156
58386,1.3129968462531316
58387,0.9518946795126944
58388,1.6762795479153318
58389,2.276705585411211
58390,1.0867258558028432
58391,0.7965533500076596
58392,1.791416600104018
58393,2.135285799315813
58394,0.8423113732486947
58395,2.565100852290815
58396,2.4773201480220486
58397,1.8885781314133716
58398,2.1117188570815735
58399,2.878668208079379
58400,2.0065268204037388
58401,2.2011113760613377
58402,2.7211151257154746
58403,2.649150306333585
58404,2.0833857586015405
58405,1.5764295319702093
58406,3.1932970721974563
58407,2.8973679941319723
58408,2.041209129127939
58409,1.5331235462447559
58410,1.79918543988396
58411,1.3452232988746609
58412,2.662519819165656
58413,1.333588319905946
58414,2.79149292712896
58415,2.1239149417014325
58416,2.2360680045387973
58417,0.5739349125893831
58418,5.516569361465205
58419,3.654830186887839
58420,1.8239236970972321
58421,1.3240648138680662
58422,1.8806948715215732
58423,2.5924373818116386
58424,1.7428362984353534
58425,3.203106290405348
58426,1.9317313756221104
58427,3.427819577461211
58428,1.092177233891622
58429,2.642788036790595
58430,2.240454704020298
58431,2.5045886425633377
58432,1.1900003911966657
58433,1.8203635767654909
58434,2.9292752179032426
58435,2.836110948730525
58436,1.5068850892243155
58437,0.9436942706525606
58438,2.1377613569933693
58439,2.609856229597174
58440,2.7009613092375027
58441,1.5228235756653454
58442,1.5637289969250254
58443,1.4633586811754107
58444,0.6735226246769095
58445,1.103407576489193
58446,2.0744845695417986
58447,2.6639136399688574
58448,0.868696924638872
58449,2.3890993700840006
58450,1.515726357833504
58451,0.9990216111123722
58452,2.6429652433101047
58453,1.1828142886882382
58454,0.7619507803064529
58455,3.093758525967221
58456,2.004766910869936
58457,2.328480221175486
58458,2.139405654349904
58459,1.6356442030825953
58460,1.8445191882339351
58461,0.9807513809041701
58462,1.2310410514923298
58463,3.3465058686810245
58464,1.4770014770316244
58465,2.686545707426607
58466,1.652855385727495
58467,2.076309521509007
58468,2.001259809716661
58469,0.40222138557912857
58470,0.9918845384892201
58471,1.4296752689581957
58472,1.1798697568664558
58473,1.048346726718254
58474,2.1590856980656703
58475,1.2137115427341634
58476,2.114278831681492
58477,2.8410248091298946
58478,2.4116393656308652
58479,0.6311044806311692
58480,2.228835525011906
58481,1.4278010383866082
58482,2.2302357838130753
58483,0.935713970741805
58484,3.801039665609384
58485,1.8654404340817656
58486,1.6761398397893323
58487,0.9785775946081721
58488,1.4929997836388829
58489,2.7445009275442978
58490,2.623924891397113
58491,0.9409515248318066
58492,1.7752286356891638
58493,4.727794669794893
58494,2.3368647347800255
58495,2.5814637056308563
58496,5.563495385268997
58497,1.5594804058125113
58498,0.36244703667157196
58499,0.6838783287206986
58500,5.515049309689179
58501,2.7955658405711326
58502,1.2990676702879433
58503,2.072416068922738
58504,2.017202621966849
58505,2.5500047680018874
58506,1.5833830290475284
58507,1.702623623611462
58508,2.422325756436866
58509,3.966205228482412
58510,1.0353207699716087
58511,1.8222177006598805
58512,3.034039955997091
58513,3.959539994371145
58514,1.0744525693519087
58515,2.9820805573398594
58516,2.1596722102930848
58517,1.5410321781887752
58518,2.4543073441258834
58519,1.5221703542717115
58520,0.5958542656821386
58521,1.5266567673102465
58522,1.219517565106802
58523,1.8226366509923402
58524,1.2377247113389878
58525,1.8982413018818
58526,3.8834467116367968
58527,0.7082200727234955
58528,1.8895792669416416
58529,2.8665107609628855
58530,1.1537946097444127
58531,1.1590587948879723
58532,1.6166963924635844
58533,2.7506827527377062
58534,1.2953754238826924
58535,2.465926433746578
58536,2.2930577022332024
58537,2.1230680422392574
58538,1.3084585794946442
58539,2.9738390743947356
58540,0.702719164787144
58541,1.634796862444663
58542,0.44493860822467823
58543,1.7924022405096345
58544,2.2110625137744115
58545,5.25594224208567
58546,2.2297101304254205
58547,5.1558363514585075
58548,3.870475976109365
58549,0.7473776506587662
58550,0.9626024598177629
58551,0.6120484813218106
58552,2.6613782822732084
58553,1.2571964974651202
58554,2.405405120222614
58555,1.618979624260394
58556,2.2735170079156184
58557,1.7457833548226667
58558,1.5253125423722942
58559,2.0321286260857825
58560,3.034461801289215
58561,3.7062983613965663
58562,0.757342486139283
58563,4.074398163540483
58564,2.4852874073689044
58565,2.183453141168915
58566,1.8005349154351258
58567,1.6897874871716887
58568,0.5701513636115045
58569,1.222027021416924
58570,1.2467469686737083
58571,1.9753103477081062
58572,0.8234279978031545
58573,1.3451534440412765
58574,1.1307204111441571
58575,1.4567087512095362
58576,2.3516602142248395
58577,1.1044900341190989
58578,2.513264777809983
58579,0.745841939825457
58580,0.7055158329393159
58581,1.6517633895528867
58582,2.0494267581690657
58583,0.47995525517876914
58584,1.1004708691531881
58585,0.5841848392081097
58586,3.1396575495337267
58587,1.511977858096234
58588,0.957933985767287
58589,1.9824570786241118
58590,1.1769127135141595
58591,1.4460461118218895
58592,2.263733002252909
58593,2.644176555861211
58594,3.6194528685133243
58595,0.8709748621814732
58596,2.3560839760280636
58597,2.392727267974923
58598,0.9987402315758551
58599,3.6748150459837383
58600,2.8305114342641993
58601,2.6981976811144683
58602,2.9107403061962067
58603,1.778379876319125
58604,1.7225959303684597
58605,0.9650739286249781
58606,1.7082603788353232
58607,3.098679306681735
58608,2.870433640132891
58609,1.2502577738241918
58610,2.6431572284893754
58611,1.0013743254416205
58612,1.9886204295370256
58613,2.335704434955293
58614,2.4564092429253925
58615,1.7905606177211588
58616,2.3082006944700773
58617,1.8088701358795767
58618,2.8217628574354343
58619,0.9363579464776457
58620,2.5190763496426634
58621,2.2141267117275483
58622,4.014748619543159
58623,2.6485770924094574
58624,0.6382135095677803
58625,2.6755171688456905
58626,0.7090068445715794
58627,2.1139495141258386
58628,1.0802996484827396
58629,1.3054840305637505
58630,0.9355060717539949
58631,1.8507571454513574
58632,2.0532228177158096
58633,1.8389655317162301
58634,1.7781379507122814
58635,2.246762268950082
58636,2.0934799938698667
58637,1.7244256901037467
58638,1.2830703565649806
58639,2.133178695542913
58640,1.8922074852709478
58641,1.3446889791646903
58642,3.37388170299133
58643,3.169194068313036
58644,2.5555761885241886
58645,1.850113245783863
58646,0.8443601386808304
58647,1.5497401790800076
58648,0.8539814132721553
58649,1.402604166636852
58650,4.408523588728546
58651,3.8835920520714957
58652,3.385970852045947
58653,4.812162359232904
58654,2.559349102422818
58655,1.7650519724587532
58656,3.1729088218389485
58657,3.9318473916242205
58658,2.493496055424007
58659,2.490146674683846
58660,2.0825655614562244
58661,0.963399600715892
58662,3.318083108545043
58663,1.4183957250678851
58664,1.4419478282244462
58665,2.066598470990048
58666,2.8044976544776183
58667,2.8576806296311226
58668,1.501580037377412
58669,3.063903029344946
58670,1.7064362434528597
58671,2.0775957774783116
58672,2.2727109243095107
58673,1.718708984989437
58674,2.6314606658938295
58675,2.040821829551806
58676,2.9999962400297058
58677,3.756936848959416
58678,0.6329803870520756
58679,1.0382603391951797
58680,1.6604735260141759
58681,1.4136536748651203
58682,1.3020344260770322
58683,1.8924183054565482
58684,2.547517156710942
58685,2.367754859922943
58686,2.036914027346402
58687,2.5059866430275726
58688,1.3637155046940883
58689,1.3774425386569682
58690,1.7686659156833606
58691,3.3107321589202208
58692,2.8854921833512357
58693,0.7637072191612084
58694,3.638428159866894
58695,3.0178213617570897
58696,1.3768236622179337
58697,2.424274636482412
58698,1.9876052862840972
58699,1.3504825159088263
58700,3.2229597016149434
58701,2.967267149219712
58702,1.5185165189024339
58703,0.8461216959314903
58704,1.9303487693147794
58705,1.9671499091559816
58706,3.3280968988952715
58707,3.038266421643076
58708,2.3453300262941674
58709,2.129962074336479
58710,3.2482767589625645
58711,1.1587340669635076
58712,3.460613456101388
58713,3.2602926895946247
58714,1.5357324689154588
58715,3.4811810280422755
58716,1.8212366392317314
58717,0.7604749553135584
58718,2.94426320088127
58719,1.0461943657072688
58720,1.6178425657842048
58721,2.0543612947692687
58722,2.1854881886175725
58723,1.9656568996836405
58724,2.6266066655662463
58725,3.476527294401425
58726,3.1789512266675253
58727,1.9810457397201198
58728,2.7274288365130737
58729,2.743093468203117
58730,1.4093056918929427
58731,2.814671550511296
58732,2.6801495736172605
58733,1.7000358253562844
58734,2.860237413064173
58735,1.6168355746858403
58736,1.208236672941215
58737,0.9172742452092315
58738,2.97518958672649
58739,2.280868958467611
58740,1.5846066804938381
58741,2.0376564627063978
58742,3.4382239913934463
58743,3.6838892644901513
58744,1.632571213670051
58745,3.460099320854969
58746,2.7668025796000144
58747,1.9128154710550724
58748,1.8563304044527094
58749,2.076232691924222
58750,2.2599593229972506
58751,1.7558881067095662
58752,0.6311050309629742
58753,1.250108254188408
58754,2.7616887589698855
58755,4.452251654073738
58756,2.9130610968119335
58757,1.7575933267474717
58758,2.743160620621982
58759,0.6142399862136223
58760,3.7156430695263545
58761,2.7619637692897108
58762,2.2077863455633953
58763,2.2546089425826246
58764,1.8401565287800317
58765,1.1658165277214643
58766,1.576260076041823
58767,2.896222713546141
58768,2.132017295809991
58769,1.3977288871660427
58770,1.586369292099338
58771,2.6926618441198436
58772,3.6451230435486117
58773,0.8622458284277208
58774,2.880476224140896
58775,0.8813428932458329
58776,1.8393503222668564
58777,3.2934209875667797
58778,4.3282419350412376
58779,0.8226793272127715
58780,1.6003698016115244
58781,1.6925252745154218
58782,2.021974478105566
58783,1.1164554419341535
58784,4.515765823035171
58785,0.8404167443382597
58786,3.4550016065644265
58787,1.8056561502843955
58788,2.275243863507658
58789,1.3459031764930707
58790,2.6380796065167296
58791,3.2950476340002446
58792,4.617472925241149
58793,1.482983852691465
58794,0.8450480465993486
58795,2.891187464537584
58796,1.5605783710295533
58797,1.416148308668884
58798,1.4125081192625295
58799,1.4655750652217456
58800,2.9643866398666354
58801,2.6485845285118934
58802,2.7441045767917878
58803,1.5713652844058608
58804,2.5467460611541846
58805,0.9575979444574649
58806,2.4515550226278613
58807,4.0053276190814735
58808,3.428422789533304
58809,3.2460598828051026
58810,0.8891064326705624
58811,2.018221963356499
58812,1.883428539001958
58813,1.9093991962131476
58814,2.534589579622324
58815,2.9308938141497585
58816,2.218422674038468
58817,1.0770298593232361
58818,3.152013454175293
58819,2.612986616312501
58820,2.6172322770067957
58821,1.6669541740171248
58822,2.60093634630309
58823,1.0055263586735954
58824,2.8211804228608095
58825,3.2830615212709553
58826,2.518853497509358
58827,3.5423326462287186
58828,3.212630702746967
58829,1.3305335162690177
58830,3.46783601064897
58831,1.7125935508441934
58832,2.4775992745842963
58833,1.1465876192506705
58834,3.6246347388000437
58835,0.9340748756158384
58836,0.9721715661318662
58837,1.229099750767407
58838,2.0292682969786746
58839,2.146588092323956
58840,1.5014928296513723
58841,2.478402509956087
58842,2.2303613404477893
58843,3.186930559214776
58844,1.424101885429284
58845,1.3688733849206791
58846,2.0497096341834755
58847,1.79169685944888
58848,4.357083741357545
58849,5.0057283405846
58850,2.627500517650393
58851,1.9210680286146875
58852,0.8829640191819159
58853,0.9344593906793968
58854,4.287456153573945
58855,2.890154725832108
58856,2.0798172023522774
58857,1.778572428860489
58858,1.4748029609012896
58859,0.6446708446310119
58860,4.02683426614843
58861,1.574025744787864
58862,1.1863370812726863
58863,2.043276236683912
58864,1.964351022348584
58865,3.021299169577137
58866,1.6220872441494727
58867,0.8947705615613337
58868,2.1823357112493262
58869,0.7143486078992716
58870,2.134393563858911
58871,2.257542352648958
58872,0.6291584123482643
58873,3.165877018801101
58874,1.7355742748020226
58875,2.507387885449024
58876,1.8018747841522078
58877,1.5748013506656413
58878,1.0040369564402774
58879,1.5967650467526688
58880,1.3640047789087397
58881,0.7617901361732926
58882,1.3791790003028304
58883,1.3255501629685433
58884,2.5173643656370963
58885,3.5581941854422077
58886,1.9237813648895532
58887,1.086731945413053
58888,1.9548406914034082
58889,3.312599705770456
58890,0.6709096315084686
58891,0.7360045058875393
58892,1.126412834169603
58893,1.6783587125772534
58894,1.7962307553292511
58895,2.980265461559842
58896,0.6502969717639111
58897,2.3169985487080034
58898,0.5801134473682659
58899,3.3213693546229344
58900,2.7338115020818385
58901,4.716905963249221
58902,2.406723408438669
58903,0.5541412388115567
58904,4.5869989878304445
58905,1.9201772591339115
58906,1.6430083187864035
58907,2.8581204762216466
58908,2.963487377433811
58909,2.0113816034519267
58910,0.9102148329304534
58911,0.5746036550596649
58912,1.1554552286295952
58913,3.2720682287995295
58914,3.2416210351162853
58915,4.729696811495561
58916,3.305182489763414
58917,1.8690133562675193
58918,2.7757233638836034
58919,0.7767316168736649
58920,1.3782741886003613
58921,3.2409878804761014
58922,1.6854495799372593
58923,1.837701729730103
58924,2.4979960357050324
58925,2.8322962671913423
58926,2.120628848885989
58927,0.9455565776888228
58928,1.294358199965675
58929,2.4711114535647063
58930,2.8154448709200928
58931,1.9637741254860295
58932,2.2750584463961765
58933,1.0368567059086509
58934,1.1564030764254802
58935,2.939838566091513
58936,1.8947028971909994
58937,2.1922732798964866
58938,1.3650861502301872
58939,1.5262991141199258
58940,2.0553010669543745
58941,2.9316035408023744
58942,0.6078108394164765
58943,1.6384357020958227
58944,1.5233538181711914
58945,4.195268876676554
58946,1.7498743857482033
58947,1.0356734932406688
58948,2.071051272559064
58949,1.446048025759442
58950,1.828347969765904
58951,2.098037629284196
58952,0.23315084717679113
58953,0.20587185452467693
58954,2.131024033219095
58955,2.3066082447248597
58956,2.20719562537872
58957,1.042261523943612
58958,0.9675204176879824
58959,1.360282209493537
58960,0.849598783617612
58961,1.8567261461769569
58962,2.285366157810504
58963,1.5592694468818884
58964,0.7443039808026448
58965,2.836435552085451
58966,2.970061094755213
58967,2.6839370485004714
58968,2.558221246149291
58969,2.5387583708411263
58970,2.5173831668903723
58971,2.338314297245436
58972,1.0033768315903195
58973,1.8673346284442438
58974,4.085732601047798
58975,1.37893259932412
58976,2.3455341107450103
58977,2.463167764203181
58978,2.159182005744359
58979,3.287045175672862
58980,1.6357595342371134
58981,3.5102182665548334
58982,2.5203562472027876
58983,1.365055349351568
58984,2.3573635474633114
58985,1.9687408557155983
58986,1.7457062346888712
58987,0.8079176717706424
58988,2.86109221392417
58989,1.4548288570081134
58990,1.0955542631606399
58991,2.510517498985596
58992,0.6233583099835336
58993,1.0262755142078
58994,1.8518135488978835
58995,3.134853801592133
58996,1.9767322002902041
58997,1.0846248388306812
58998,0.7829072937328796
58999,3.6824378952390227
59000,2.7595316399707066
59001,3.010958251963448
59002,0.8745812804023139
59003,1.2334791134401577
59004,2.7729763733489428
59005,2.354186366232515
59006,0.6023588084579821
59007,0.7238749619517826
59008,2.935768751624753
59009,1.1030783155730184
59010,1.5464863961300956
59011,1.699771122533324
59012,3.125005228605975
59013,2.3098566368553612
59014,2.1381910454411504
59015,1.6700759048727924
59016,1.7239659926536923
59017,1.8548480520645718
59018,3.1492146604543088
59019,3.2662793771365877
59020,4.600230846094892
59021,3.9969525260597187
59022,2.90613662744747
59023,2.106134153680191
59024,1.4556693444627946
59025,2.076190675072045
59026,1.9449645310982824
59027,1.0224675878669736
59028,3.349773191190341
59029,2.6121742885015955
59030,0.44078374861976855
59031,3.2111274368307967
59032,2.032777111140806
59033,2.7858094991632676
59034,3.383175525754215
59035,-1.7234633135716386
59036,1.7617679517599676
59037,1.105861779791443
59038,3.532035193401388
59039,2.7715516914716183
59040,2.8765691121363695
59041,2.9497765045514974
59042,1.019989004343703
59043,1.6434916139147084
59044,1.4137153732683352
59045,1.5723648562368204
59046,2.0877871976001963
59047,1.2574599021469943
59048,0.844384525539855
59049,3.8148520113682345
59050,4.359721785127935
59051,1.1145280691095572
59052,2.8581040947827354
59053,0.8012028119653145
59054,1.2972423938463784
59055,2.7164339037294276
59056,0.8549583912764298
59057,2.170432792103444
59058,0.6256007587881562
59059,2.5429541322623983
59060,1.7667804643681144
59061,2.025923066630785
59062,2.0941606121103895
59063,1.2258011025040823
59064,1.4852854964581788
59065,2.5575536572358466
59066,1.2321589607439059
59067,5.770241661170363
59068,3.3956228282547762
59069,1.7745859677116904
59070,2.420372470694108
59071,1.440009240547088
59072,2.000421273771938
59073,0.6224957480434377
59074,2.8963506073164673
59075,1.936010060626959
59076,2.3188047624975674
59077,2.463512869794503
59078,2.832606329783463
59079,3.0866285651203533
59080,2.576957307593805
59081,1.8715988969081003
59082,2.427795860339817
59083,2.3773856543206797
59084,2.2563659516376653
59085,2.301156681594694
59086,3.969491763216528
59087,3.6420379318962013
59088,2.383935679944532
59089,2.112037046139509
59090,0.8081048998853397
59091,1.491661237979006
59092,1.3568112361995226
59093,2.759120021952075
59094,0.9567667277655154
59095,1.4938687601600158
59096,0.8481329598786864
59097,3.578277790524883
59098,3.70252511071536
59099,2.3685508301695144
59100,0.6349575994430587
59101,5.192389261458121
59102,1.1907089184154565
59103,1.526616430880555
59104,2.5343473471322717
59105,1.1291723433505787
59106,3.0369093722493723
59107,1.6650706137499505
59108,3.2808358524724817
59109,3.3499267131932164
59110,2.739538415215211
59111,2.451395506460816
59112,2.146158390529738
59113,1.8884638625507968
59114,2.9148460312451654
59115,1.438873935967937
59116,3.1161578110912593
59117,1.822701837530193
59118,1.579702267832264
59119,0.8190194129957185
59120,2.043982217019934
59121,1.846955152317296
59122,2.3167455138845163
59123,1.0547805727203787
59124,1.252418820782399
59125,3.0833496795258135
59126,0.813478870925767
59127,2.0389201077138956
59128,0.9083416148139385
59129,5.170620532570016
59130,3.755403276142747
59131,0.9910407600100122
59132,1.578007459873053
59133,1.3850659515784436
59134,2.296051398233889
59135,1.06897958073424
59136,2.297866341576057
59137,4.0515885811073
59138,2.250938478470264
59139,0.6049436215159893
59140,0.6269466511491295
59141,3.2222260375182863
59142,1.6724926548842554
59143,1.432092315571456
59144,1.0156089483088273
59145,0.8956013573198369
59146,2.315859128946588
59147,1.0202941259918283
59148,1.8506521344532452
59149,2.257927644612156
59150,2.1399157008091585
59151,2.0699167496797806
59152,2.597299701146742
59153,2.688055968176972
59154,2.7112380323703213
59155,1.347700082093585
59156,1.946053455488201
59157,2.336532018734946
59158,1.009957915317191
59159,1.2630902197822742
59160,0.9181119973977481
59161,1.979310095478585
59162,2.4233351347120085
59163,0.8410201191096327
59164,0.4178376236201906
59165,2.8663254869795516
59166,1.464340385365066
59167,2.28141033506353
59168,0.8070429729635329
59169,2.135831900037349
59170,1.1600000243231285
59171,1.4928953130514948
59172,4.75994311195652
59173,1.5443439613046088
59174,2.123724813793192
59175,0.7034831056334134
59176,1.1808450917135964
59177,2.2047733757387142
59178,3.083134212844474
59179,3.768010213595719
59180,2.4226499989853814
59181,1.3962068998391182
59182,1.0872142077295202
59183,1.6664664215113625
59184,2.379963600325855
59185,2.8515259711716716
59186,2.270954428299124
59187,2.923009501096974
59188,1.358065447766112
59189,4.354256770790645
59190,1.6355196818884998
59191,2.6844284155391485
59192,1.2307031795164143
59193,2.6335177270676446
59194,3.210168558169901
59195,2.869856344277796
59196,1.4057776208190127
59197,2.236747507570673
59198,1.128785891138964
59199,1.6194394008032909
59200,1.4592307389479835
59201,1.588794087185395
59202,1.3812967303086943
59203,2.580637442175263
59204,1.1638314249118231
59205,4.050551233553168
59206,1.6736278728462288
59207,1.7139605633140214
59208,1.6421440338141373
59209,2.2134445849542352
59210,3.1200142488155826
59211,2.4101739179506616
59212,3.156646057221682
59213,1.400911238514258
59214,3.0543021507534753
59215,1.9574348064470577
59216,0.7179675900655731
59217,2.111097053779705
59218,0.904846772758507
59219,2.284945488389784
59220,1.9513747113940845
59221,1.3904685285269558
59222,2.3251590677201968
59223,1.0417989368041027
59224,1.8241278137426242
59225,2.5938473252153393
59226,0.5773128193620813
59227,2.455571975978362
59228,1.1276269228768605
59229,2.8345083398084547
59230,1.7889103977239564
59231,2.6477965326318476
59232,1.362424245440355
59233,0.49739574553189314
59234,4.5991269006336815
59235,3.3780694337554316
59236,1.827192580897762
59237,2.6825945697999636
59238,1.6846634931356483
59239,2.4742476116694583
59240,1.4603766332162174
59241,3.138591249637958
59242,5.499041046605729
59243,2.0778323640269925
59244,0.9188501674248108
59245,3.6478391073365835
59246,4.543586585761151
59247,2.372201642598416
59248,2.7708441323446245
59249,3.058879205925056
59250,1.2165923950015731
59251,1.958946474857786
59252,0.8149632901044335
59253,2.9859043137676373
59254,0.9366592571884986
59255,2.9320340553502326
59256,3.072257027666243
59257,4.043884820481768
59258,2.870026854637562
59259,2.384752393919374
59260,4.335102052463643
59261,4.76301765832844
59262,1.67158290984489
59263,1.0115035317465022
59264,1.5392468581482355
59265,2.384756209049886
59266,0.9916862641642901
59267,1.7342186354075615
59268,3.378603927061679
59269,3.4300335135116633
59270,2.3522721168341754
59271,3.1821422504027943
59272,2.1462164394307344
59273,2.973696995271471
59274,1.020438247864437
59275,1.0896435986213682
59276,1.3726842326489965
59277,0.8967786699105638
59278,2.5671527661096043
59279,3.8921023829235573
59280,2.200648479334294
59281,2.586110036752732
59282,3.333435519169914
59283,0.9618022025225095
59284,1.245616177873817
59285,1.3713293367790733
59286,2.351786353043284
59287,1.8690003553654755
59288,1.178926981817856
59289,3.448110356411892
59290,2.053026111199504
59291,2.7617784657689732
59292,5.82865263337391
59293,2.3936481196649346
59294,1.8648496043054799
59295,2.48639439427183
59296,0.529071726439529
59297,1.0922631203473294
59298,2.707525275289644
59299,3.1330506694824045
59300,1.49303269235239
59301,2.9181892552977935
59302,2.7676476828789056
59303,0.8608943116695151
59304,2.0012849647675104
59305,2.569453089535049
59306,3.2687293156403463
59307,2.1460064901217812
59308,2.4191931700740135
59309,1.319750372366432
59310,1.1076236421470789
59311,5.403877507724989
59312,2.2098901541526494
59313,1.4233200969193298
59314,2.884638376394893
59315,2.0681200939339455
59316,1.7005005607076704
59317,0.09783354664992672
59318,1.3619276432878884
59319,3.3976243650323035
59320,1.5367083437162457
59321,1.859275161368263
59322,2.8838337770083378
59323,0.9908512145517001
59324,2.173634850921477
59325,2.6763906522613503
59326,2.6064688945786294
59327,1.189029760586525
59328,1.0678328428373227
59329,1.785349157628307
59330,3.083685312993655
59331,1.8135800873090808
59332,1.4260094228818367
59333,0.7493377790036995
59334,0.9458614363806852
59335,1.4914036338174164
59336,2.495077860181855
59337,1.475735882502935
59338,1.4811618443533838
59339,2.0874408760402083
59340,2.977726262903989
59341,3.4551931005456744
59342,1.4363516963102292
59343,2.3184536354842784
59344,2.22520782222961
59345,3.272017505124669
59346,2.6901556327169125
59347,2.8770997880626545
59348,1.8301713997014737
59349,3.227884924220465
59350,1.9930125377232208
59351,5.307813181756476
59352,2.036205367201422
59353,1.6526425825032938
59354,1.4015261389537876
59355,0.9400825647800595
59356,0.9374732216963686
59357,3.1195908616223313
59358,1.9754217064512325
59359,1.7897428344062725
59360,0.5000606613567733
59361,1.167646126110018
59362,1.4760103401262121
59363,1.8870689538329408
59364,3.1602839465483648
59365,3.2386771737087976
59366,2.8398252854995327
59367,1.1352551009534615
59368,3.6783001316674735
59369,1.4396112093955686
59370,2.0784785891384736
59371,3.2021455203731684
59372,0.9062422685157152
59373,2.728204258896401
59374,1.513079437649683
59375,1.2220702434245005
59376,1.6803889809821477
59377,0.572167093885728
59378,1.7825200111505275
59379,0.6126699740824542
59380,1.6580505912672585
59381,2.474903608347123
59382,2.1321757434995483
59383,2.783014059176711
59384,1.3029635727068047
59385,2.086335944677675
59386,1.3453118342127688
59387,3.559628898628066
59388,1.839901865361103
59389,2.684363945384124
59390,3.0997026185073118
59391,0.6360616428540062
59392,2.6244349367207214
59393,2.1777664897705087
59394,3.822323358495826
59395,2.025190446233413
59396,2.4218429779700195
59397,1.5631603402575571
59398,0.7520417435450533
59399,0.7760825845820172
59400,3.7667225268551228
59401,1.6160456898879865
59402,1.758218684291581
59403,0.9854835384763341
59404,1.0717810448237834
59405,0.9934262095799831
59406,2.284252042976849
59407,1.459726984919346
59408,3.0778348469662298
59409,1.7142984732352637
59410,1.9123586352476174
59411,1.5959717714729926
59412,2.3129931872405542
59413,1.8280156644266619
59414,1.7196700509287872
59415,2.815754423716019
59416,1.701929475612875
59417,2.587604410928922
59418,2.6390185118575893
59419,2.8461365874142963
59420,1.4231304420519173
59421,2.9170939222142103
59422,2.704872750200227
59423,1.055282377070828
59424,1.9937343031968773
59425,3.1692765578586695
59426,2.119750772639268
59427,1.9999808231472151
59428,3.3675171841100315
59429,0.907396373778429
59430,1.916276896731123
59431,2.475174688157555
59432,1.2818362020026122
59433,0.8712522959516527
59434,3.2377366867719424
59435,3.122114525793908
59436,1.1229212297154767
59437,0.9278862281113653
59438,5.20281813349499
59439,1.2669712553684782
59440,1.1905198844543499
59441,1.5237816872961254
59442,1.210642026090003
59443,1.6247930518258649
59444,2.454222574918166
59445,1.8910991456192825
59446,1.87550228571914
59447,1.32172281342719
59448,3.047194381739704
59449,0.7042024167106469
59450,2.664959285246855
59451,1.4366198227572262
59452,1.7336939135477714
59453,2.4691808093724923
59454,0.689790423927807
59455,2.1366603295048527
59456,2.2238806778613345
59457,1.9154444429083277
59458,3.9681842692215845
59459,4.050409874506617
59460,2.6940515768254762
59461,0.5586635433217744
59462,3.3208906712985176
59463,2.137272471979376
59464,1.9773382169045455
59465,2.862755613251384
59466,1.9893797266953364
59467,1.5222711246703433
59468,2.0629162624343884
59469,3.6198782401885445
59470,0.7623608615601292
59471,2.3465062365250198
59472,2.0108644345079973
59473,0.45931413580081326
59474,1.446079531256789
59475,0.492720906119974
59476,5.406645029326061
59477,2.2355731545856976
59478,1.1770174857129838
59479,1.9143200988729099
59480,2.088515495983902
59481,1.2397199787431283
59482,3.086200063773223
59483,2.7611846310775015
59484,1.7072683108884839
59485,4.496598204291022
59486,2.742669609747285
59487,2.877195123321915
59488,1.5370201293220909
59489,1.5843285514890262
59490,1.3844663176685152
59491,3.14426248689006
59492,2.487690900395908
59493,2.8634357950116147
59494,2.479130710798703
59495,2.8720806412838478
59496,1.8713100282798543
59497,2.191566505030014
59498,2.6863135910573455
59499,2.5338141160590943
59500,1.3029551886067203
59501,2.519604701920091
59502,1.4539017070044942
59503,0.72272163362965
59504,3.6601676120197943
59505,1.604504971561429
59506,1.5094218706354106
59507,2.397809170651957
59508,2.183641638479944
59509,2.7284025144545048
59510,2.591876264348091
59511,2.304894008116296
59512,1.018825610131163
59513,2.129245935900432
59514,1.8873329600461837
59515,0.9299896583258409
59516,1.654417303819347
59517,2.1274848214682756
59518,0.6912780616963552
59519,1.8348992170849705
59520,1.2538017342879506
59521,2.4434408283418954
59522,1.7783939625424559
59523,2.387104828652074
59524,2.0020323455379447
59525,1.154161724666924
59526,2.48358900303484
59527,2.0840375290024475
59528,1.527501456192713
59529,1.2057458526614688
59530,1.6360513729653725
59531,1.374353616843738
59532,2.5166748560737666
59533,5.666075113344224
59534,3.26485133260039
59535,1.4551225826004703
59536,2.1161602555929484
59537,2.15797841395565
59538,1.3706629989043542
59539,1.7130667821413148
59540,0.88443706706909
59541,3.9071089152314507
59542,1.5050542038497419
59543,2.7458808877581227
59544,2.3488794373047774
59545,3.673737386117981
59546,1.9001167425485939
59547,1.3638069248435194
59548,2.576593613506251
59549,1.4842406632505494
59550,2.342888528040479
59551,2.405517722590364
59552,3.4614875679989474
59553,1.1075573050667948
59554,0.9526952816159486
59555,1.62677594662917
59556,1.220726944203566
59557,1.831101814379398
59558,2.3238201878269003
59559,3.629163420304028
59560,3.1572130184192453
59561,2.6545738855214474
59562,1.805204958509382
59563,1.8514639405644324
59564,2.039992876324309
59565,1.5890130453520648
59566,2.7954966955528313
59567,1.6141289265366403
59568,3.098690142525246
59569,2.378411320893978
59570,2.888930283349996
59571,1.5507572434447674
59572,0.9877772790045505
59573,2.1715400849705624
59574,2.372929042628815
59575,2.301545769297679
59576,1.367724911492818
59577,2.0202653976822127
59578,1.9070020855037662
59579,2.1208603718941994
59580,1.9914727349450665
59581,1.5796997665979156
59582,2.8183516351795994
59583,1.7072668275556317
59584,0.9667132791950941
59585,1.0157924655112573
59586,1.6980237872671786
59587,1.0160629680194724
59588,0.9708205069746363
59589,2.977889252829616
59590,2.8296578547331173
59591,1.8780693458980728
59592,1.4455089142576334
59593,1.4607484965015125
59594,3.593974866461398
59595,3.9501422354683235
59596,1.5554063238832363
59597,3.3448995230501204
59598,3.307228396915807
59599,1.630899041940527
59600,0.6093717737354218
59601,2.0908170229435576
59602,1.3661206063265219
59603,2.3410246488955444
59604,0.6811034439747665
59605,1.2592208782215302
59606,2.2784915521695304
59607,2.880391185669996
59608,2.0099331212141784
59609,0.5764058976691935
59610,1.3334086819353708
59611,0.8130178987508465
59612,0.9930164138758961
59613,2.405439865567306
59614,1.5876541257938221
59615,1.8191791523754155
59616,1.5785589706627015
59617,2.6763353952462445
59618,2.24288562386295
59619,0.8134662753121269
59620,2.025209617671326
59621,1.1520510334739562
59622,2.3556813520211826
59623,0.7521660573160638
59624,1.077269340769238
59625,2.5691429995761474
59626,1.3766144865297925
59627,1.7831215344374023
59628,1.846117676843253
59629,1.4888595759432839
59630,1.9831213841678483
59631,1.935531677107921
59632,3.587342132971404
59633,1.2238040242714625
59634,2.427165531293756
59635,0.6147537958877116
59636,2.061970525815614
59637,2.7285663436730694
59638,1.4164870460388421
59639,1.3354882651674451
59640,3.372190259411841
59641,2.204756846295286
59642,4.639675543154883
59643,1.283973813802536
59644,0.8132762991957954
59645,0.7921609138039436
59646,3.758624341298546
59647,1.7680350963469529
59648,1.589442059650228
59649,2.7753721993169087
59650,2.0390109424838307
59651,1.2990467433324149
59652,0.7019441783959373
59653,1.9841209568139995
59654,1.306331189900309
59655,2.219116611651433
59656,2.0812295786806807
59657,1.1387644119656706
59658,1.5637407036750552
59659,1.5070751802864528
59660,2.171132094027545
59661,1.7805295099794058
59662,1.3366213341764173
59663,1.1656298137595975
59664,1.402071739956515
59665,0.8433595050035798
59666,1.1222452037077097
59667,0.981839421722615
59668,1.739855430382395
59669,3.221251773544342
59670,1.228758042225909
59671,2.091025941270349
59672,2.4384956092622794
59673,2.66331661035699
59674,3.1338989671725734
59675,0.8055300815901809
59676,1.580522081641849
59677,1.2429407006853275
59678,1.3820439939297309
59679,2.5063632611723143
59680,0.5905222094149316
59681,3.2349064999826886
59682,2.7763570842885237
59683,0.9615261902278611
59684,2.1784168591835886
59685,2.687500614575672
59686,2.943851446570253
59687,0.5424692314558719
59688,1.611443879172672
59689,2.7000648354482486
59690,2.375759906169808
59691,3.756264714365958
59692,0.7576284918813236
59693,2.285806741895332
59694,1.4123234042297135
59695,2.3837143325176022
59696,2.7141298196332038
59697,1.780572632022487
59698,3.4418883510488776
59699,1.2920102573088492
59700,2.197937295764266
59701,4.023079387512102
59702,2.4218500290421083
59703,0.8889376733396865
59704,2.0151686646876534
59705,0.974490568028731
59706,1.79548935057716
59707,1.0753407488911684
59708,0.6644614559246271
59709,1.8736379642197427
59710,3.6470742691449836
59711,2.3974931200435528
59712,1.1561296338456977
59713,3.6208009677447173
59714,2.323583719629884
59715,1.8902641185883517
59716,3.4856475347553477
59717,1.7436824428714637
59718,0.6145607220039189
59719,0.07450114190676871
59720,0.7869910008278715
59721,2.3199569190081952
59722,3.2843535703843862
59723,0.7237243165551241
59724,3.1268254385510126
59725,2.640759465852259
59726,3.3428025073655228
59727,0.8494489919102968
59728,1.5778415847735552
59729,2.002009574612007
59730,1.1219639164072852
59731,2.0090954688483613
59732,0.4606600934772622
59733,3.3236086741955013
59734,1.919093455044223
59735,2.2035351164739474
59736,3.436519887198873
59737,1.0523588206679513
59738,1.4836876076735201
59739,2.1908617976500047
59740,1.4102435071703532
59741,0.8430292926499909
59742,1.3360096033642357
59743,0.6810484636301517
59744,1.1172785877601008
59745,1.0810324992234577
59746,2.5362818057108463
59747,2.984814692148465
59748,0.6390585180200681
59749,1.3750350384274306
59750,1.5307724317252713
59751,0.9917918298953943
59752,0.9614637631377185
59753,0.42030099807451293
59754,3.6881414289697467
59755,1.1406451875498966
59756,5.186721450261306
59757,1.5791222161598206
59758,0.6266982282929838
59759,0.6385010005684002
59760,1.1005524117717904
59761,0.6755847769038219
59762,4.44436710926141
59763,2.466610281690695
59764,2.712765413925869
59765,2.1995212493231158
59766,1.9313170869213288
59767,2.148845072909584
59768,3.228882265040628
59769,0.7609761619203574
59770,2.909850501954427
59771,1.6486636294517645
59772,2.024948611819415
59773,1.5027422960910748
59774,2.054365418875168
59775,3.3067314120619393
59776,1.6968827665205914
59777,4.342571711183158
59778,2.8854888990895553
59779,0.7421888514358308
59780,1.158665564785938
59781,2.3911245545275257
59782,2.943075162692825
59783,2.827778668657235
59784,2.1855441969077596
59785,0.9359305852645754
59786,0.9828422316092293
59787,1.7573991130552749
59788,2.8266138758719173
59789,2.1739047912246043
59790,3.242705800998099
59791,3.510868581574588
59792,2.975358974135535
59793,1.730624706845422
59794,2.2274170569774334
59795,2.6345365919254427
59796,1.7948732288481075
59797,3.3366498480340603
59798,2.979667677650273
59799,1.370313984070723
59800,3.2158507149057733
59801,3.0279778512896236
59802,2.0747447936393577
59803,1.2430165546737335
59804,2.8066745634069186
59805,1.697646085865447
59806,0.4443117628545714
59807,1.79180877138484
59808,1.4364328895428464
59809,1.1050401747407115
59810,1.79500023360362
59811,3.102930959992708
59812,2.2266492041519577
59813,0.902000867476378
59814,1.2109372050170215
59815,2.5308467800834684
59816,2.193670177534475
59817,1.2580023430219605
59818,1.6825867040979041
59819,1.2757391146820147
59820,1.0180085677802175
59821,1.5865878097264705
59822,1.2817979157994195
59823,1.9387313608380943
59824,2.1160685065122244
59825,2.7537978196892574
59826,2.721924777756076
59827,1.5476968384222722
59828,0.9011570567585956
59829,5.5797481714302
59830,1.2386352637865663
59831,2.505107145874323
59832,2.518130030206951
59833,1.5999297077775658
59834,1.0264634068156546
59835,1.1418697911291567
59836,1.6464262596731523
59837,2.1357383205264604
59838,2.7010643819703297
59839,3.048684927420201
59840,2.4454997601477864
59841,1.0167656879624793
59842,1.839500140273234
59843,3.12458702417641
59844,2.778240182079035
59845,1.3571037218557969
59846,3.5073952207108654
59847,2.665351974833019
59848,4.9756386350053425
59849,2.5248703928557497
59850,2.1224521535441205
59851,1.144652727287113
59852,2.93494934186943
59853,0.7328433153863365
59854,0.8872047155255736
59855,2.7396999843614687
59856,2.891545143581485
59857,1.657640745910303
59858,1.9806548415806198
59859,2.5925762738660616
59860,1.1763089583358557
59861,1.012802215608989
59862,2.3333807593035694
59863,3.3357694466115255
59864,0.4031862920125242
59865,1.2428465141551364
59866,1.937024878747767
59867,3.310187936853797
59868,1.629621582525406
59869,2.543766626706887
59870,3.4818074264875385
59871,1.327891879777642
59872,0.9630775398873404
59873,1.843041224464347
59874,4.212984762452155
59875,0.86523294608455
59876,2.925766630186107
59877,1.6884446086729987
59878,1.7627130730945488
59879,1.2440994711081466
59880,2.940582477187153
59881,1.9266587192155988
59882,1.7703910507784464
59883,2.7830254137596775
59884,0.49095307566021873
59885,1.7061556869910568
59886,3.903989595441491
59887,2.5973471811879314
59888,3.556659623814344
59889,3.5054895340677525
59890,3.119099393997889
59891,3.04091730040253
59892,0.7457790165454163
59893,1.9356556117035986
59894,1.7185606745013366
59895,2.7384545496488535
59896,1.1734977749858366
59897,2.7271982882696513
59898,2.0342041937515525
59899,1.5335490365135094
59900,1.5719778592841784
59901,3.5161136396602366
59902,1.2165586198523535
59903,1.3221405262939676
59904,1.1498069228944452
59905,1.2166791597797193
59906,3.053002790951755
59907,2.5193833970863047
59908,1.6795352496249087
59909,2.292368470473523
59910,1.1377120942026728
59911,3.395086893322574
59912,2.854108655472036
59913,0.9245051778859228
59914,2.180704478787508
59915,2.2917917578060987
59916,3.549750203498494
59917,1.7208644239840147
59918,2.059962953352997
59919,3.419501312322385
59920,2.41141525551075
59921,1.670741182875748
59922,1.6732321579529845
59923,2.2753777272104436
59924,0.9902026012403589
59925,2.5480873782188986
59926,1.8637253997631298
59927,1.3593087781423527
59928,2.670331727569451
59929,0.7049451878011759
59930,2.0431747568682432
59931,1.8268189116170426
59932,1.0565365385254815
59933,0.9415375717933934
59934,0.8025848995234561
59935,2.884238101129089
59936,1.8334213733113849
59937,1.8562365388107516
59938,3.367235704909209
59939,1.5036419666419967
59940,3.840349918280598
59941,3.0840562915032343
59942,1.6075035043978438
59943,1.5995676615505978
59944,2.6664199773996735
59945,2.9481755867263963
59946,1.6999543316462997
59947,0.9256538189653192
59948,1.2071596656023225
59949,2.5015087593889724
59950,1.9319101290307152
59951,0.558106766748768
59952,1.0676946274654036
59953,1.8050299278850765
59954,0.932844467565392
59955,1.9619487954374542
59956,1.326969801382294
59957,2.1096529127209216
59958,1.9977921555539844
59959,2.061674875341911
59960,2.7084442475923005
59961,3.566819380047722
59962,4.299107273460923
59963,1.848828261186359
59964,2.389324450636966
59965,2.2259397959830416
59966,1.7595647694877279
59967,0.7203992762533495
59968,1.2683832660757766
59969,2.590478282605691
59970,1.130421227687183
59971,2.855415921354993
59972,1.1856178881808468
59973,1.4385998401435849
59974,1.3810292350359
59975,2.3377803239977233
59976,1.828818780254867
59977,3.0519809597344967
59978,1.8714917915973253
59979,4.809129293210109
59980,0.8517237654296856
59981,1.5509287787797383
59982,1.8337758114431075
59983,4.467280289056706
59984,0.3872214936480738
59985,1.3803057798836313
59986,2.4845240902557215
59987,1.8589525315780158
59988,2.704926353384824
59989,5.177516193983369
59990,1.8462374181765746
59991,1.5422731053262204
59992,1.8024885879836496
59993,2.376946960513326
59994,2.35676655228389
59995,3.3405546865597877
59996,1.1988051736704257
59997,1.1791695923203385
59998,1.7777327331991764
59999,2.3335478477794744
60000,0.5440342683334087
60001,0.79083356756502
60002,0.7837864657452123
60003,0.6477815976149408
60004,0.7081381432229001
60005,1.2719440091744083
60006,1.792456430539577
60007,2.2185442556422608
60008,3.928234459296707
60009,2.256208033390582
60010,1.2222465166207606
60011,3.7646892016722866
60012,1.364200458452931
60013,1.760926987257907
60014,0.7000080438376024
60015,1.9407382394671266
60016,3.8760129459540487
60017,3.0348567258986385
60018,3.2941445799079396
60019,1.0070755701583813
60020,0.8003405974489546
60021,2.177167230395529
60022,2.723292790313341
60023,2.070565095263479
60024,0.802892112844436
60025,1.3796897426934187
60026,2.162314929229016
60027,-0.32648171863572983
60028,1.1859891881569844
60029,0.7222661633760232
60030,0.9775856641325653
60031,1.974936207857187
60032,3.1296913030867053
60033,0.7479287957364456
60034,1.9003814944092348
60035,1.1208193550258763
60036,2.98456486955968
60037,3.4691612705757713
60038,3.491988007974019
60039,2.6694545806575185
60040,1.9828723921493498
60041,4.81394793261558
60042,1.6977868132992207
60043,4.041318764340108
60044,1.6502857591998215
60045,0.975746960573364
60046,1.7971981741759784
60047,2.8626095293204834
60048,2.816648210863466
60049,0.7695244347706058
60050,1.359248377810534
60051,2.9618252487419774
60052,1.2320050574634855
60053,4.728464644423614
60054,2.456322310995578
60055,2.249635933953474
60056,1.311499813453171
60057,1.1275603152781493
60058,2.437031104202962
60059,1.6256058519765055
60060,2.079161440857664
60061,1.7867355336754862
60062,1.4425083518412158
60063,1.3419137702305228
60064,3.488475196450228
60065,1.6658994418164106
60066,0.879839545300829
60067,0.9336972839073248
60068,1.096442056350984
60069,2.4433147930001873
60070,2.011617996496131
60071,1.4609380952006212
60072,2.4741275668958203
60073,1.630069431675853
60074,0.8769989989710929
60075,1.025162036760637
60076,2.1739395155640615
60077,0.9325631713895213
60078,2.179996444561713
60079,2.4900994907328062
60080,1.7637537420643845
60081,1.2585929458688305
60082,0.9720337754200763
60083,1.5658896624003127
60084,1.2155820185208235
60085,1.696865100037261
60086,1.7359434873321824
60087,2.591195553524191
60088,2.0641125471734405
60089,3.1666579719274104
60090,2.6546120979569174
60091,1.5704491405382193
60092,2.0496828173844683
60093,1.5516184840014695
60094,0.3716673141169089
60095,2.2594234078940225
60096,2.183774874367348
60097,1.8052753018984085
60098,2.868215276494798
60099,2.2310253058971945
60100,2.7790589724191967
60101,1.3681213126074603
60102,2.9861324865730445
60103,1.3843106647020456
60104,2.8581724323883897
60105,1.0227979471449409
60106,1.3515281501531469
60107,1.472199478790973
60108,2.9560174723950787
60109,2.1599600938460277
60110,2.8310055366866926
60111,1.3779755753758458
60112,2.9080512467804773
60113,2.2298669187606244
60114,2.4296657243896824
60115,2.0967586944677556
60116,1.9640038781458067
60117,2.554020479513671
60118,3.157613858751038
60119,3.188191902108745
60120,1.0430790651129804
60121,2.549424684245853
60122,0.7097311348401014
60123,1.8778554252123776
60124,1.0637784514914053
60125,1.7478918640066219
60126,0.733993705316184
60127,2.031236322240293
60128,3.5036829137738756
60129,3.250843624551809
60130,0.6666824025921336
60131,2.8287784968255245
60132,2.0672893346732373
60133,2.709497115696795
60134,1.1098797956339332
60135,0.7432973954874491
60136,-0.4356261742512366
60137,1.406505254899745
60138,2.822083580327618
60139,1.320089079970959
60140,2.400226171974115
60141,2.533627406751524
60142,1.7291685348484727
60143,2.4688570269612775
60144,1.9627208129288398
60145,4.226515351724007
60146,1.8931494337946653
60147,1.825901793421739
60148,2.450626660936056
60149,1.808146845125723
60150,2.5303417326510704
60151,1.2921987754018325
60152,2.7755533175766836
60153,4.033492232789573
60154,1.5422399532291173
60155,1.8774146570368124
60156,3.533899637030405
60157,3.6031643865326295
60158,2.4029339954906312
60159,2.421498196724176
60160,2.2850244361048375
60161,1.4067727188524408
60162,1.6963124232309248
60163,2.912845304707762
60164,1.1839733301363573
60165,2.559187290411618
60166,1.859692150159649
60167,0.6783096485431379
60168,1.8988183866461021
60169,1.1917823856702832
60170,1.4536581387720595
60171,2.588597400544959
60172,2.046873537769617
60173,0.8025727154470736
60174,1.811277786962254
60175,1.609635238679008
60176,3.1097725578957274
60177,3.549953053566501
60178,1.682669805060815
60179,2.1189735963058673
60180,2.1497891135435374
60181,2.87599739151651
60182,1.776798547140917
60183,2.5387878327473636
60184,1.6567243752847425
60185,1.6844702112149186
60186,2.902958912296757
60187,2.6248795503491387
60188,1.1198761645241326
60189,2.2255910270722303
60190,1.3436777317857356
60191,3.0239694709155778
60192,5.346708916021047
60193,0.7131744344622497
60194,1.8883062849922148
60195,1.9460012038646006
60196,1.7263584253046567
60197,1.0216193049945197
60198,1.1404880061071516
60199,2.7372577793881625
60200,2.5187999656733986
60201,3.3036616632567792
60202,1.7487274355344233
60203,3.6601298744683426
60204,1.8898273402648194
60205,2.91629907422848
60206,1.0321295575489309
60207,1.8253173988849234
60208,1.6648368507797535
60209,2.441598317439773
60210,1.7648856848667016
60211,1.76412765521383
60212,3.235350057911976
60213,0.7619851098133132
60214,2.1523829739904308
60215,2.2497655621470507
60216,4.381212570208707
60217,2.068114760501434
60218,3.2748001980255346
60219,1.8372099209597685
60220,2.3311851583380623
60221,4.766781848494649
60222,1.275036370525104
60223,1.5039136327464213
60224,2.21240781252283
60225,1.63877340814334
60226,1.458854260826886
60227,2.5129511292168196
60228,2.6796881084554265
60229,0.11957496992008387
60230,0.9744595987905633
60231,2.1335275974234698
60232,1.016896107977832
60233,4.675005163307109
60234,0.9081438837706521
60235,3.0942847487789926
60236,3.217576935770044
60237,1.6957137852509483
60238,1.8488150640035492
60239,5.131986948416742
60240,1.3239947177331182
60241,2.032275948876933
60242,1.8443057340146858
60243,3.2072929582884093
60244,1.402656967221251
60245,1.8478572362450656
60246,1.3607890645435852
60247,0.534236949354014
60248,1.1231645946804782
60249,2.294728086693315
60250,2.9751453382827755
60251,1.100158818060951
60252,1.02085892143106
60253,1.2590284014397675
60254,1.2139935427489128
60255,4.186676234357865
60256,1.9129089509064023
60257,2.7890603667177665
60258,1.0640786193500027
60259,2.153506893561687
60260,1.9210674360655169
60261,3.115170401438636
60262,1.3675492760247074
60263,1.0705977305777061
60264,2.7670924131353196
60265,1.540312234893694
60266,1.1963190238893766
60267,0.7957781590232322
60268,0.5712435557429707
60269,2.571334247423696
60270,1.8938327101148822
60271,4.156522359665875
60272,1.4985320031055416
60273,2.631391135253896
60274,0.66647731754367
60275,1.6128565701495496
60276,2.9295724837741695
60277,2.2362852418764056
60278,2.613930421523154
60279,2.5331805413726762
60280,3.0909106977548824
60281,2.5265913237429096
60282,3.455506481677478
60283,3.5387071935175847
60284,0.745786652319115
60285,4.935307075900258
60286,2.6742824485658367
60287,1.296722914114813
60288,1.4216333849650518
60289,1.9844931414488691
60290,0.2003345584862508
60291,2.410652782182641
60292,1.6908782114299221
60293,3.414373522221073
60294,3.0103743247354977
60295,4.029017080068233
60296,0.828873164019658
60297,1.1319384519972608
60298,4.049033253516544
60299,2.649197295198949
60300,2.4591326318951907
60301,2.14337710240412
60302,1.6251777892296424
60303,2.44593308153296
60304,3.756107555420332
60305,1.1197968909439204
60306,1.333525478124276
60307,2.3073909458690345
60308,3.2886952880574576
60309,2.747305698829681
60310,2.1232293468107777
60311,2.0807787359891883
60312,1.3229997491503163
60313,1.099965147317679
60314,0.8968994793339142
60315,3.0940949301363823
60316,1.8447399743693076
60317,4.838589642430552
60318,1.3045546849897995
60319,1.6666043379305826
60320,3.063127045084716
60321,4.222774704011076
60322,2.4667677302774713
60323,0.3872276461588662
60324,2.6131696708584435
60325,2.7471625268713957
60326,1.8441144755678955
60327,2.963303541569818
60328,1.882393294475353
60329,2.8735608865386304
60330,0.9095348383077955
60331,1.449039385866758
60332,1.895654624453332
60333,4.046372889402168
60334,2.8967968639789525
60335,0.14318820710829883
60336,1.7782706406964657
60337,1.2643553471046154
60338,0.48500367844812686
60339,2.6222458965546345
60340,1.9601606179724662
60341,3.0593185412291213
60342,1.5448944346688371
60343,1.3691388982099717
60344,2.46097598801882
60345,2.7047011575581656
60346,1.3760618860909268
60347,1.3260087206371374
60348,1.2958296490092245
60349,2.2754173553923387
60350,1.2565162099245448
60351,2.1134038460639353
60352,1.711390817316758
60353,2.483276381064517
60354,3.6686564002388913
60355,1.9858242849702812
60356,2.976933359576268
60357,2.5455055010634773
60358,1.3906949341274277
60359,3.237562443229681
60360,0.8458936004148008
60361,2.5561725477146275
60362,1.5724150385690088
60363,2.237794076435282
60364,1.4794035406343973
60365,2.274326197430444
60366,1.3841970079328156
60367,0.9852683989167339
60368,3.0901442786650684
60369,1.5439369894391213
60370,3.1774679400344077
60371,3.787987969512276
60372,3.575851924825148
60373,1.5936956703019725
60374,2.054867893879109
60375,3.6268922183545023
60376,0.6746975009779739
60377,2.056799044343709
60378,2.00116448703233
60379,0.7353989733238429
60380,2.117574825758428
60381,1.4462044761767494
60382,3.7879877711874634
60383,2.02290925654194
60384,2.581650765816395
60385,2.2417970021022917
60386,2.236875504814467
60387,1.6482415524995453
60388,1.9690913067826763
60389,4.646691111443378
60390,0.8968328509712684
60391,2.3942405767655295
60392,1.3633031744338133
60393,2.3614664936604903
60394,2.7209041205151756
60395,2.188267728511736
60396,1.010887023722038
60397,4.442837991827563
60398,2.032412749031554
60399,0.9091656582853638
60400,2.492159061550982
60401,2.752078023797427
60402,1.7870554467327544
60403,1.8767221002352734
60404,2.4129827287782213
60405,1.7769615161593357
60406,4.651201551164636
60407,1.7578461481085164
60408,2.787397591113777
60409,1.881344878314767
60410,1.2767782222778585
60411,1.8862790539810455
60412,1.9063063139773568
60413,1.964250395812801
60414,2.544095605689595
60415,1.290870393515977
60416,3.8066868246791365
60417,1.1617145758819767
60418,1.3764197446390405
60419,0.6738828833584911
60420,1.8370610128538694
60421,2.813601014489823
60422,2.162091230222817
60423,0.27005395441921465
60424,1.9890778689059836
60425,1.7033741199211399
60426,1.0831649614295635
60427,1.2416008667033545
60428,1.024560855008506
60429,1.9810829621341703
60430,1.1765448049997964
60431,0.8890380182473656
60432,1.2563523412104338
60433,0.9810727142880786
60434,1.4384092767036272
60435,1.548086011093691
60436,1.910045400000346
60437,2.1750081700322887
60438,1.187464832388347
60439,2.042056030218763
60440,3.5681084351824133
60441,1.946760893092975
60442,0.9832197048773743
60443,3.352699794733187
60444,2.981242855880172
60445,1.1149630810953148
60446,2.5690708679623278
60447,1.164806420456987
60448,0.8062738738187853
60449,1.407564652280488
60450,2.5970237748549643
60451,0.4887490780556085
60452,1.042417373336523
60453,4.732710286564046
60454,2.2048518608963015
60455,1.051576423072266
60456,1.334251265294828
60457,1.4482982636848512
60458,2.330973134788767
60459,2.5858426245166335
60460,1.8302440206902624
60461,2.4167073005974125
60462,1.7255730895107355
60463,2.9404241152583417
60464,2.393760408313458
60465,1.9335480193967705
60466,1.949521666519761
60467,2.1578972941721624
60468,1.6798546747069487
60469,2.808236590265242
60470,2.4367413701142517
60471,1.7563903169188997
60472,0.5335217382115367
60473,0.889727620730671
60474,2.7056055253357876
60475,2.0261529110258074
60476,1.5151736174578652
60477,0.8370959346277722
60478,1.8381617059928352
60479,2.015522502235772
60480,2.9496268407399704
60481,3.1166471859841103
60482,1.2422111601586359
60483,1.832891722005261
60484,3.329059779581403
60485,1.7793076822052605
60486,1.435762900820297
60487,1.368035731649659
60488,2.022089307893399
60489,0.7022049029409381
60490,1.6239132219836883
60491,2.8397515961282274
60492,2.130047371876149
60493,2.314803652431525
60494,2.607384628461407
60495,1.6888024074053511
60496,2.717578331684482
60497,1.6779843095427829
60498,2.9394151474040235
60499,2.5703258968003446
60500,4.136924511247205
60501,2.945853821555321
60502,2.385590088583232
60503,3.1940460691861325
60504,2.3782283682759875
60505,2.1838945637316023
60506,2.8646015777148968
60507,1.1558597132803676
60508,5.591470392305499
60509,2.2873990249373755
60510,1.3812156577349448
60511,0.872498069892206
60512,0.7803212140757871
60513,3.123347632356886
60514,2.798593014613406
60515,1.2187465708677543
60516,0.43264700965579905
60517,1.0663912340329524
60518,1.519194605637498
60519,2.661980265802672
60520,1.8302461255093228
60521,0.7083949949571355
60522,2.756378616960067
60523,2.695652180627807
60524,1.0804625212229588
60525,4.474786748920653
60526,0.5861790216074816
60527,1.4270409223597689
60528,0.9512816391705066
60529,1.1250017492277529
60530,2.1452563402014313
60531,1.3015843307571693
60532,2.5076925395862624
60533,0.5595045326132926
60534,1.9988162252218764
60535,1.585478319021579
60536,2.3488517194301757
60537,1.3965287991498236
60538,1.458696097827815
60539,1.3646178013831936
60540,2.2398491838646954
60541,1.155862283480051
60542,3.867176858733675
60543,2.07773908942929
60544,1.7423979590311411
60545,2.073128894955918
60546,2.3951995383143334
60547,2.77177365359103
60548,1.6503615433049994
60549,0.7707074172994943
60550,2.465974197012091
60551,1.6198455638136444
60552,3.4931140878106284
60553,1.4055153037599304
60554,1.92541965539289
60555,2.790740990602476
60556,1.8425518764278515
60557,1.4630513836851584
60558,0.32576721372635475
60559,0.7894073200085678
60560,2.813659821212074
60561,1.0342504429215786
60562,2.512564462126594
60563,0.9777306387574676
60564,2.8724034878777083
60565,1.4001284280860524
60566,3.012877806234318
60567,2.113075555395998
60568,2.8839003953601754
60569,1.4265094067317285
60570,1.7700091410831398
60571,2.038691409050845
60572,2.460994245380494
60573,2.2614939000840515
60574,2.202570071294506
60575,1.3559511653474807
60576,2.779633139443124
60577,1.4693561425675945
60578,2.5526696710414036
60579,2.0573431795750743
60580,0.7747971198139432
60581,2.8983654829519345
60582,2.5670620550453727
60583,1.08862221922951
60584,4.337007098580731
60585,2.6615563794520405
60586,2.5833734795276406
60587,3.421993445700881
60588,2.8619052064839288
60589,0.7423450062389954
60590,1.6043486606786566
60591,1.4614211884331816
60592,2.2863473345203467
60593,2.4837435819139593
60594,2.767311107570638
60595,1.6631176185353986
60596,1.5213545596440419
60597,1.4969102953915616
60598,2.1675918423028158
60599,3.3384475859873
60600,1.1763764045509824
60601,3.0471994111744927
60602,0.5741614559715948
60603,1.912008384264002
60604,2.282604778461039
60605,0.7098208699733171
60606,1.5401593274239538
60607,2.112499089339483
60608,1.9237401102358014
60609,0.31002220075004416
60610,1.3268262484329547
60611,1.2463484117000725
60612,2.966743347370656
60613,3.504750880951054
60614,1.3250770443270632
60615,3.2042656470881674
60616,2.3769201206715174
60617,1.7875609162859583
60618,1.789703028127466
60619,2.4301339884694677
60620,2.711166532424219
60621,2.0865285459907206
60622,2.93616335984078
60623,1.6787520429383598
60624,1.1520602926756318
60625,2.586246898466076
60626,2.4270351497542357
60627,0.8502955429328303
60628,2.7836894932536644
60629,2.8149102023610943
60630,1.5078036435309237
60631,2.0525487314394333
60632,3.4115385472360664
60633,1.735778710157124
60634,1.1179682255803733
60635,2.395028187013029
60636,1.4685409214020275
60637,0.9640193652748259
60638,2.99664729092655
60639,2.668463538376617
60640,1.7972728105004627
60641,1.2487655162565865
60642,2.8533490154650316
60643,2.3611234983919083
60644,0.7973089342154402
60645,1.9468055408281693
60646,1.6332517965228739
60647,0.9874824256809269
60648,3.853593909579221
60649,1.5032345641803637
60650,1.915579716374797
60651,2.1283855436754813
60652,2.845923272767724
60653,1.9158551086878255
60654,2.637035614092273
60655,1.9817853572964204
60656,1.6076972880462428
60657,2.1169622269333708
60658,2.7458055497706972
60659,1.875579732048724
60660,2.409041637643899
60661,2.800842175484579
60662,2.2556340696654082
60663,3.5405385272816297
60664,2.9854269905480955
60665,1.6247225966762677
60666,2.2862767354284053
60667,1.7182928813709886
60668,1.0027013053414215
60669,2.907293571024983
60670,3.9973525435793
60671,3.048879441470323
60672,2.333524970555178
60673,2.6817280270694006
60674,2.72339930594541
60675,1.178434427646156
60676,2.158773649847806
60677,2.286942282306658
60678,2.0619883062029523
60679,3.034801679715148
60680,1.5567828810854145
60681,1.9581781104492144
60682,1.4857427991206045
60683,0.9302125194900022
60684,0.9878739937030083
60685,2.383150054437042
60686,2.634167194370267
60687,2.142237115820425
60688,0.6359887259042445
60689,3.3923222822342076
60690,4.684289130358426
60691,2.2205300277635196
60692,2.8233166202387316
60693,2.0328356371355234
60694,2.63627749813816
60695,0.45236188571971425
60696,1.2209276531122022
60697,1.3700607424755766
60698,0.8200952181738934
60699,2.141308936674907
60700,1.7071653834863874
60701,2.769712301393387
60702,2.1640723267850355
60703,1.7283034098976522
60704,2.488991821131382
60705,2.617897566913033
60706,2.240225475412675
60707,1.6155353432214987
60708,2.3050684030419895
60709,1.4851141894794075
60710,1.7388494583743785
60711,1.2246711856464323
60712,2.2530553104837203
60713,0.6540393955159836
60714,1.6784893941891461
60715,3.580556717549147
60716,0.9356086848639542
60717,3.439132205743366
60718,2.3139308014696702
60719,0.9314653849921548
60720,0.7406121129049872
60721,1.7426539472914762
60722,2.9865115821090775
60723,3.418561651755912
60724,3.059881525617616
60725,1.2813500104280457
60726,1.2131825115225219
60727,2.2611862868986385
60728,2.244802874113393
60729,0.5912217889929288
60730,2.822976665152229
60731,1.976952477205348
60732,3.083492017406801
60733,2.675950929609062
60734,3.058602485549134
60735,2.1269466378748554
60736,2.9214335889950043
60737,2.1194882879208343
60738,1.8345906732025448
60739,1.590121509984133
60740,3.3125360625427085
60741,3.1670777396263112
60742,3.850470722448197
60743,3.1525778664606072
60744,2.3267164716483
60745,1.680858990520111
60746,2.54246316557337
60747,2.6104414451800757
60748,1.9265729397163263
60749,1.189544154462883
60750,4.904190775204942
60751,2.0269719143732097
60752,2.567117525936741
60753,3.116804207024021
60754,3.5619177995031954
60755,2.7974850701493814
60756,3.1517869700357473
60757,4.796884796035219
60758,1.426758317472295
60759,2.6471789907419954
60760,3.5518550779347073
60761,1.6290815604450621
60762,1.3891728133201333
60763,1.9339246306199165
60764,2.1537429239377026
60765,2.314810814623801
60766,2.6666461742740957
60767,2.72314916092245
60768,2.680374743713802
60769,3.585929370854533
60770,2.6610850295788033
60771,2.717310112005041
60772,0.6129028189717083
60773,1.8413306899281885
60774,1.6151277968286912
60775,1.32669938877331
60776,1.4688122590329762
60777,4.086189272051232
60778,1.418236894985771
60779,4.331160446639107
60780,1.4462936690493713
60781,2.5323261211782757
60782,1.0650363321361205
60783,2.161695131403011
60784,1.8076361320635819
60785,1.4314535956407646
60786,1.9480577047074554
60787,1.378039399624928
60788,3.03652485503898
60789,4.694682770679439
60790,1.4992457319716017
60791,1.8844800259581724
60792,3.2147971354670553
60793,1.2203087094490321
60794,5.422956037809232
60795,2.134130909932285
60796,2.6390253832132125
60797,1.036752964785311
60798,0.6278311133113199
60799,1.0245053157246709
60800,1.4182676043829225
60801,1.8179012291337848
60802,4.226580465354122
60803,1.6286932595173802
60804,1.6280041070404003
60805,1.1406394169236798
60806,4.245412718478978
60807,1.748493214561794
60808,1.9038325099769828
60809,1.5390008456304862
60810,1.2370316891876065
60811,2.1104285957512197
60812,2.73029271447459
60813,2.4226326903231588
60814,1.3303521843871415
60815,1.4983428970751653
60816,3.6907856256940796
60817,1.426016425224848
60818,1.9264332392030248
60819,1.4609465939627633
60820,3.7228535830919363
60821,2.2047077473963874
60822,0.43086778730355846
60823,1.5072522927056902
60824,2.674991293233436
60825,1.924375209367927
60826,1.8546922319386034
60827,1.2454256973804867
60828,4.0807992342636545
60829,1.1145389532474645
60830,2.018226824549547
60831,1.8754599580916569
60832,1.2477041639132018
60833,1.0832919165582133
60834,1.8706513020814874
60835,4.351576371650683
60836,3.518347442605407
60837,2.5187242373402263
60838,1.1022181193212113
60839,3.0321232987905127
60840,2.8903638583357782
60841,0.9802085403756031
60842,1.1363024425400603
60843,1.7218386548877938
60844,1.257368389700705
60845,2.711553761924055
60846,1.744888958272984
60847,1.5369744336685223
60848,2.4485325469561623
60849,3.7920262776370954
60850,3.324912673307896
60851,2.2008146100840555
60852,1.8708025709946163
60853,2.021573818979082
60854,1.0235990907172017
60855,1.7211050730670117
60856,2.667678749483205
60857,1.5525862137128321
60858,2.576601380609791
60859,2.604069187870909
60860,2.816752924234269
60861,2.5782644989033123
60862,1.8699823133243036
60863,2.1178284535283503
60864,1.861074991893421
60865,1.5673233467885304
60866,1.7569731803977824
60867,3.1058097170079044
60868,2.236502318077246
60869,2.1583484740074574
60870,0.7235757204697144
60871,1.0832276840790236
60872,0.9347909429087089
60873,1.3855149036320462
60874,2.3112703779425523
60875,1.575188271523448
60876,2.541374544026784
60877,2.9987837646037896
60878,0.9697814712454864
60879,1.9110691584357973
60880,3.350161726718941
60881,1.4313337290461199
60882,1.8999956609588118
60883,1.3877615507976238
60884,3.00738608960069
60885,3.9154239232562453
60886,1.5673910961605237
60887,1.116043351265862
60888,2.172792528642166
60889,2.7455939635695508
60890,4.981884567687818
60891,2.270684279588128
60892,1.6461119210949882
60893,2.2746120965760532
60894,0.7015579450539384
60895,2.773813607997429
60896,0.7637410319689799
60897,3.2344689821926274
60898,1.1505081783504956
60899,2.145151487136051
60900,2.9640586616260727
60901,3.4614841791874973
60902,2.1008984446705234
60903,1.887610842711613
60904,0.569149221795815
60905,5.083517328413965
60906,2.3164169253012155
60907,2.446672603279101
60908,2.209605968426704
60909,0.797465165715753
60910,0.6612081023810994
60911,2.140610079684567
60912,1.2872389079836957
60913,3.0310976773270433
60914,1.7562411803078994
60915,1.289286909561529
60916,2.564641864445097
60917,1.8708808077768744
60918,1.5417197692185631
60919,3.7061405484615797
60920,1.32101456934274
60921,1.3814220022835606
60922,1.2317737170900251
60923,1.8307150170275897
60924,2.2064154996354297
60925,1.3767625836482331
60926,1.7850035961704442
60927,2.2449990428015987
60928,2.011222709131463
60929,1.4814614405636384
60930,1.3901303936279739
60931,0.7393552036194571
60932,5.6001920041326265
60933,2.6584838187778566
60934,3.355514693066457
60935,2.5052332969447697
60936,2.7277038704797896
60937,0.08239970856149981
60938,1.5489599959967144
60939,1.4456874997383444
60940,1.5510480232599697
60941,1.6701162028578302
60942,2.0982898869242526
60943,1.5088835543508061
60944,2.147844704911112
60945,1.6956837655532162
60946,0.9543270546646205
60947,1.0870066044477689
60948,5.751449277156272
60949,2.2589220465690723
60950,3.091016448483092
60951,1.8173137082015138
60952,2.710025906813687
60953,2.2784174881250614
60954,1.78336956298185
60955,2.7161071927205036
60956,1.0139524138939215
60957,1.7788954233412007
60958,2.6623228503311545
60959,2.2180670807331673
60960,3.49360319480812
60961,1.1282284160917335
60962,2.3229470521319264
60963,2.796583890043596
60964,2.9957696553462405
60965,1.407894184175209
60966,4.461659456141778
60967,2.691471622109507
60968,1.7095276126823968
60969,1.7436300824070692
60970,2.3447518752528573
60971,1.981803696211049
60972,0.5890562175837353
60973,1.8831856266650142
60974,1.5226678778466898
60975,2.6461806519249116
60976,3.961857322002917
60977,3.7720772620656113
60978,1.3140693453685834
60979,2.566724292445574
60980,2.6353594059812373
60981,1.5691836227385103
60982,2.4758483579659334
60983,0.5247866071446801
60984,2.824414278332288
60985,5.205351951171341
60986,2.880559399628172
60987,1.6283484540922366
60988,0.42489671607117785
60989,0.854196205352654
60990,2.2216131964040677
60991,1.5845879071736455
60992,0.4232361859982525
60993,1.011734765444121
60994,2.2944291016117155
60995,2.448400501990367
60996,1.7449079723581953
60997,1.2130417365866926
60998,1.459456953258556
60999,1.4343826249976566
61000,1.3212680513175918
61001,1.0904428666870594
61002,4.810325291776568
61003,2.3820966272082877
61004,4.187000392054589
61005,2.640478007635611
61006,0.7738872247055362
61007,4.328572690417733
61008,0.6409022632771872
61009,2.4087810461616677
61010,2.218795791286059
61011,0.9828589819959213
61012,3.2055095976239194
61013,0.27810098512907544
61014,0.8340094616730518
61015,3.697940278885884
61016,5.119805682542168
61017,1.6278141272008817
61018,3.055313944217378
61019,2.2049307595571044
61020,3.1617372895652274
61021,2.12666737828852
61022,2.2142063062727892
61023,0.6398411366788572
61024,3.2655494744525164
61025,2.3954874028137034
61026,1.8410574739646144
61027,2.397978676431851
61028,4.00634982696511
61029,3.233117646147239
61030,2.669563254769006
61031,2.6411394941806385
61032,3.0765629881040617
61033,0.9108125913427934
61034,2.9239156239985995
61035,1.9158451053591854
61036,2.770108686561091
61037,0.6463465593502669
61038,3.2497534511867663
61039,1.370880674727463
61040,1.8799585312584703
61041,2.673180804309741
61042,1.1745950058458199
61043,2.3996012642733184
61044,3.0301305800795184
61045,2.938246387263778
61046,1.1925292957748788
61047,0.9147714282725765
61048,2.8048508677679855
61049,1.0884909045925504
61050,3.0048473227373655
61051,1.5524281565665667
61052,3.5483410543210745
61053,1.809599849504739
61054,3.385558912376613
61055,3.4075344831977965
61056,0.8713452256048164
61057,1.0153370563008117
61058,2.250576258564511
61059,1.7096176587870993
61060,1.8038427314574257
61061,2.9944625395131403
61062,1.7379143602691478
61063,0.7037719653820353
61064,0.7047697830580582
61065,3.5483190062320524
61066,2.0091942894958414
61067,2.1669676151532578
61068,2.8126179809272607
61069,2.845855736530158
61070,2.2528009363359196
61071,0.7679535865004574
61072,1.9401854122869544
61073,3.3404929828054755
61074,2.5028105530922495
61075,1.7815300216404673
61076,3.52682593074147
61077,1.8611392595137808
61078,1.3334518328363778
61079,0.6693666253868606
61080,0.7924821921597562
61081,1.945065190704188
61082,1.8363424910190567
61083,0.8422939337018853
61084,1.1836565400172425
61085,2.396298324315527
61086,1.7530917181445353
61087,1.1064685732238537
61088,1.751772561330828
61089,1.4265701082003694
61090,2.7119856008019987
61091,1.7764463421106065
61092,3.0590262537190576
61093,4.103911678615308
61094,2.0828230982570552
61095,1.1847608253984596
61096,1.4260028532000923
61097,2.497017757924116
61098,1.300385630214496
61099,1.3734673182715689
61100,1.6919712777919393
61101,2.6140411924380977
61102,2.368512401874032
61103,1.535052185300433
61104,2.2752707163773813
61105,0.7377698476274226
61106,2.4306263635640484
61107,1.2046943985897407
61108,1.184155220712146
61109,2.8161952779646278
61110,2.3013726472237614
61111,1.153473847551684
61112,1.3210418342956451
61113,0.7510768809754076
61114,2.7407908236032235
61115,1.7026336473222194
61116,3.6507412340265013
61117,1.2336616633315067
61118,2.801769097134443
61119,1.6551303625858544
61120,1.5359706322545215
61121,1.6305684725722962
61122,3.573565458541058
61123,1.7422100265507403
61124,1.4190523299676308
61125,2.851955729445482
61126,2.4840494138809994
61127,2.8267286390367907
61128,1.6476530841165449
61129,1.9124862032540229
61130,1.9895970070284967
61131,2.2337766243897796
61132,1.0221414319308373
61133,0.6215574190958257
61134,1.9099235543092767
61135,3.2942951312250024
61136,1.7101848477137516
61137,3.248628544144882
61138,2.171777593160389
61139,1.041681477565735
61140,2.069618413068188
61141,2.884738680921462
61142,1.7400737794279486
61143,2.5283941731063386
61144,1.2845595007351882
61145,0.7902727055494303
61146,4.5545313606113815
61147,2.900842021470087
61148,1.104815604793064
61149,2.589243746296436
61150,3.4591509269815255
61151,3.5287828457498485
61152,1.772229521726846
61153,2.5032844912437646
61154,2.003646209136864
61155,2.672816623613418
61156,1.8894030075516959
61157,2.8410736675741397
61158,1.3352142921409076
61159,1.7056651339604407
61160,2.7512415822700156
61161,1.0207097571184
61162,2.2974119034254876
61163,2.566981405261348
61164,1.7302450957110729
61165,2.2779394807027167
61166,2.134155507890828
61167,0.9978507329937294
61168,2.2017297873193264
61169,1.9138317280845492
61170,1.957454883513325
61171,2.9371335635129334
61172,5.689426250105843
61173,3.7551785451180457
61174,1.9569648701620146
61175,2.121809091009073
61176,1.4549570945071402
61177,2.1134077190313896
61178,1.662820130578897
61179,2.241174033348475
61180,1.548710040827931
61181,3.5296903284717622
61182,2.5893424155376046
61183,2.168790085700099
61184,2.4979732099751892
61185,1.2262190473536556
61186,1.4868881385095882
61187,1.1478124075663096
61188,4.4435222808693915
61189,4.0027829387009355
61190,1.8364922313862202
61191,1.48779152840115
61192,3.879567680704131
61193,1.128207784356622
61194,1.2259479808344516
61195,3.911959727166309
61196,2.6044518237638137
61197,0.685402526893629
61198,1.0265079311145122
61199,1.4335156370882522
61200,3.089628962521065
61201,2.310367221473175
61202,2.518515475993926
61203,3.4625788341328736
61204,0.9560021712748359
61205,5.457350188335344
61206,1.5578454039176712
61207,2.247757016446972
61208,1.2594002737578798
61209,2.7040684986451176
61210,2.8991865008479216
61211,1.939386327275347
61212,4.259139834234933
61213,1.3045966255021746
61214,2.2725043151670015
61215,1.4094992729562286
61216,3.3211912178624097
61217,1.8673545635563222
61218,2.749816374391063
61219,2.8030782806240815
61220,3.9467591155404342
61221,1.7750652494879695
61222,3.9931029573591026
61223,2.2066564758408482
61224,2.0792442970093
61225,1.722797369084109
61226,3.0373815222525913
61227,1.105293688898545
61228,1.5497520833096736
61229,0.7005073653079741
61230,3.2789474088171495
61231,1.9940760559995319
61232,0.9986572965129064
61233,3.451020927456458
61234,0.45883374899758067
61235,0.7559645561742094
61236,1.879466829656085
61237,1.8261615284955646
61238,1.5256260888891156
61239,3.999662866320964
61240,2.7137352564091124
61241,2.5156025862151274
61242,0.2533243386608923
61243,1.7317291817599063
61244,3.1610854263245507
61245,1.9103692148829516
61246,1.258946584681727
61247,4.7318080556818
61248,2.3351664409601405
61249,0.6235609118608956
61250,2.4275727578764794
61251,2.6550379121801946
61252,0.9677861446588487
61253,2.139047079409412
61254,1.4759806450906332
61255,3.276509007564872
61256,1.4051401126960776
61257,1.4252879066533843
61258,1.375136719221306
61259,4.516546517353223
61260,1.9214089090070026
61261,1.3197127008662086
61262,2.3661427778880757
61263,2.555146650612958
61264,1.5098516598955918
61265,1.1944659892013227
61266,4.030502157189662
61267,3.0310829107206736
61268,1.8039240077627632
61269,0.7665802965128172
61270,1.3759613846932588
61271,3.8455387011513302
61272,2.198157561999299
61273,1.493116111472606
61274,1.733120884906274
61275,4.143857812169873
61276,2.384204643827534
61277,3.754780052095274
61278,1.4442444365989253
61279,2.6560638344872167
61280,1.969633234401872
61281,2.239252956012539
61282,3.702489377787405
61283,2.0195788337510727
61284,2.3493913362896457
61285,2.1569819810216906
61286,2.071349145533592
61287,0.8511708602306136
61288,0.5294567916444244
61289,2.739662898219283
61290,0.9737385010221296
61291,0.5997376206478044
61292,1.8358552614589918
61293,2.641276119103228
61294,2.1879006201994606
61295,1.6856732636993037
61296,1.975221682682875
61297,2.964550486587175
61298,1.3774359148544058
61299,1.5274531398431783
61300,2.903394699277076
61301,2.0430280315085305
61302,3.3652033369110974
61303,3.170613817714244
61304,1.987348455665714
61305,1.1068637669709496
61306,2.255876074816232
61307,0.6544218794813794
61308,1.6739428788154136
61309,2.2024483700092254
61310,2.1112216565407813
61311,1.8658039357976328
61312,2.304335490528789
61313,1.36290626087035
61314,2.1890153114221143
61315,0.9683209305041238
61316,2.117656861889163
61317,3.134302103038383
61318,2.056689341654991
61319,1.2243416049523184
61320,0.883150217023914
61321,3.774044388460883
61322,1.8299597837288708
61323,2.5696620032836996
61324,1.2469966210923396
61325,2.578343022424807
61326,2.063251586851468
61327,1.4761822741186315
61328,1.980273448261162
61329,1.1836252346649054
61330,2.0403412846245637
61331,0.5670840585760892
61332,0.6807273070957969
61333,1.4656902565778047
61334,1.4076404701954779
61335,1.6596769239023423
61336,2.376160735284916
61337,1.6598363789934503
61338,1.7815402627452563
61339,2.074718299254844
61340,3.9931222017105235
61341,0.9183820016822075
61342,1.0348148190498172
61343,2.2277526689431433
61344,4.2313589815956085
61345,2.6033314314372014
61346,4.554614242358188
61347,0.8787194389374839
61348,1.522877579954443
61349,1.2830761371647021
61350,1.7693934235139785
61351,1.6064127523603169
61352,3.860449577240903
61353,2.297645619629737
61354,3.0615372460359858
61355,2.3098789581644077
61356,3.8197202466969067
61357,1.6858985153177208
61358,1.105793815839153
61359,0.9637202617523748
61360,3.911673159043321
61361,1.7305199991026008
61362,2.742894504343301
61363,1.9957324210817298
61364,2.5542073028862013
61365,0.9835169226326492
61366,3.039664327020464
61367,1.7551459774545357
61368,2.337462232703306
61369,1.6409104499906597
61370,0.8649914039702118
61371,1.5674639853296846
61372,1.4263008506542612
61373,0.9437969471507621
61374,1.5164248203697674
61375,2.0219458202779244
61376,0.9363692542036723
61377,0.6546183321822845
61378,2.1307146787401656
61379,2.228294501676036
61380,1.0406409815345263
61381,1.7673991545153491
61382,1.4241789290288303
61383,1.081682104846923
61384,3.219554567820186
61385,1.8745422696787024
61386,2.801121860014323
61387,1.4245888677149061
61388,2.106158214253302
61389,3.706661861898514
61390,0.9427378000877731
61391,0.6559074436506656
61392,2.512723400771822
61393,2.2647606762027728
61394,2.232729211315931
61395,3.024270210523671
61396,1.5110433026565921
61397,0.9747057406892772
61398,3.6883414389311078
61399,4.226804579242074
61400,2.850107966695706
61401,2.1900146658098016
61402,1.5338579869310571
61403,2.3030492759452024
61404,1.89051168971341
61405,1.5206065109730709
61406,2.546072011389729
61407,3.666573179844452
61408,2.028695419752811
61409,1.1707608342812001
61410,1.7705877608420373
61411,1.8806966153198381
61412,1.642913967456085
61413,1.1005525673935814
61414,3.661547317084146
61415,1.0627515058492953
61416,2.4152894250441683
61417,1.2825782130682093
61418,0.8348609960843625
61419,2.751907445369117
61420,1.652243593288663
61421,3.500126671433609
61422,2.4538348641295364
61423,2.380768872989538
61424,1.4660641076969263
61425,1.2979994908574248
61426,1.7642102820313177
61427,2.684354132834475
61428,1.9112882348829068
61429,1.2564526559900777
61430,2.0701080130827485
61431,4.957528243480855
61432,1.2823715665425972
61433,1.813659298172869
61434,3.6842902171334266
61435,1.1821766205316528
61436,1.9838041105840354
61437,1.8704532767021114
61438,1.1362145125624217
61439,1.9348608962352962
61440,1.5270894755429971
61441,3.3725514916966155
61442,1.317557396492223
61443,3.311110144942919
61444,1.5445569067010503
61445,1.175135801050775
61446,1.8690492568086974
61447,0.7976693033293749
61448,2.27783312402261
61449,2.7307100348078883
61450,1.597641555599811
61451,4.565605754960078
61452,3.049444061019873
61453,0.8168292939247159
61454,2.239524140381608
61455,2.241396852605508
61456,1.3135192952271986
61457,1.032684686867217
61458,1.1947376860866008
61459,0.767889869766325
61460,2.4170297693181375
61461,1.242519996340011
61462,1.5145189939456323
61463,1.021616946402279
61464,0.9167716267080017
61465,2.567565918048306
61466,2.3958509731795097
61467,1.556836858460347
61468,3.3140466326988225
61469,1.6754566366514076
61470,1.942877593813055
61471,1.6943729586564054
61472,3.1985822834255977
61473,2.297174919079712
61474,2.968867221272294
61475,2.621458832373751
61476,2.1914452782000673
61477,0.9720769866517038
61478,2.207918259744421
61479,2.435044111810388
61480,3.0903538935756707
61481,1.3894678179959818
61482,0.3573974455022757
61483,1.4359722254773182
61484,1.3177785360649956
61485,2.222596319676004
61486,1.5203390112239141
61487,2.709297083250167
61488,2.6811144020046846
61489,0.5668868902870408
61490,2.7280193151996777
61491,2.1989749826260585
61492,2.4028565610154864
61493,2.486998395253284
61494,2.518705912250514
61495,3.3337008316088976
61496,1.0998078337898143
61497,1.8278270483729422
61498,3.368900242697837
61499,1.1820990184907352
61500,2.4197707574545326
61501,1.60962420558565
61502,1.851458808765873
61503,1.1504683558132491
61504,2.6833217251167163
61505,1.9330729825509003
61506,2.155392972205224
61507,3.5761224487505423
61508,1.1448852672732563
61509,1.5393421714250088
61510,1.7075462402967823
61511,1.9277175166182623
61512,1.6129549135699826
61513,1.4419021855917187
61514,1.639901452159112
61515,2.983023113041302
61516,1.7463772551560943
61517,2.8579784236084187
61518,2.855083326769151
61519,1.9968032230197856
61520,2.8182256187170402
61521,1.2498908242922404
61522,3.7073047854896153
61523,1.8409985167732295
61524,2.5736347459986497
61525,2.2320760220179388
61526,0.5089363705342329
61527,1.4086719135734747
61528,1.525103062868542
61529,2.273386390590165
61530,1.306303198007786
61531,0.5858056960893556
61532,1.6077924222206015
61533,2.5601751953148586
61534,1.9710329395904616
61535,1.1832679895109415
61536,2.3492166959389102
61537,2.396122030438111
61538,2.751684065152208
61539,2.1366908341796353
61540,3.14935711877769
61541,3.242543557171789
61542,1.9998823876912049
61543,1.6956152631387944
61544,1.4539415388192118
61545,1.8448176279788733
61546,1.8366053020429867
61547,2.4790354338493934
61548,1.8369189251815818
61549,2.753014467253454
61550,2.5875162332707795
61551,1.5460166102462871
61552,0.8700820352431187
61553,1.3091776671455797
61554,1.1513590466037193
61555,2.128580357372332
61556,1.58458961877486
61557,3.550251476600611
61558,2.0645333697418415
61559,4.64075274637398
61560,2.914302873513723
61561,2.5397064498854185
61562,3.0103738563005358
61563,2.0965176571579356
61564,1.6807013339622507
61565,1.7917997989946493
61566,2.113834186368397
61567,0.5988148099575348
61568,1.9867800548088077
61569,2.693195460114513
61570,2.3059903492428795
61571,0.7002197130227366
61572,2.122311400980241
61573,1.371176183114077
61574,1.53154679791675
61575,0.7755138382987674
61576,0.3937031546138918
61577,3.207372471618445
61578,0.8718789881050704
61579,1.8727893982238335
61580,1.762648151702141
61581,2.031433584460249
61582,1.593518682955338
61583,1.5827204529985615
61584,1.7487336514289247
61585,1.9323230723061933
61586,2.1095957331965884
61587,2.3170763093009192
61588,2.9916348704291558
61589,1.1634765798078526
61590,2.2823133499658788
61591,1.8482999480149864
61592,1.7222269698739474
61593,2.2880059255697667
61594,2.099171216677181
61595,1.4472041527101887
61596,2.0825895321109478
61597,2.935686206056946
61598,1.6874190748443745
61599,0.5902393864294346
61600,1.447711361219394
61601,0.7329909901166083
61602,2.3624062953374825
61603,1.132764296675365
61604,1.1046738651381283
61605,2.7049391483606975
61606,1.2348669114912845
61607,1.4241723323109774
61608,0.5381766688937297
61609,2.7253488827670687
61610,1.1772856943100898
61611,1.1157885273968908
61612,3.188820696765621
61613,0.7537551138995049
61614,2.2283138286031523
61615,1.818548279033056
61616,1.3722199899987153
61617,2.8599687792499573
61618,1.8516133809089048
61619,2.4033732190299624
61620,0.9610281072198497
61621,1.544593258406767
61622,2.9471210026458756
61623,1.8674668852199012
61624,1.0722212931862636
61625,2.9564639310192753
61626,2.6041155724438205
61627,3.6500974512565882
61628,1.5898968606780848
61629,1.5404959570461791
61630,4.367650370575607
61631,2.592881817737183
61632,0.5603137753390435
61633,2.6079739300990674
61634,1.54428498326536
61635,1.7490353056790333
61636,2.2069769715568306
61637,2.7591176853667925
61638,2.603323186179498
61639,2.580373821647516
61640,2.9298243090591747
61641,2.112873011884634
61642,2.1770274258714757
61643,2.163225986307939
61644,1.886617609500579
61645,4.097712311782519
61646,2.920893593267042
61647,3.029190386425345
61648,3.3333986122519015
61649,2.3290217558234794
61650,2.5437926433507165
61651,2.93593548998496
61652,1.8768748515095162
61653,2.1627994178280154
61654,3.273856203153745
61655,1.3475394482782157
61656,1.993722876770537
61657,1.935653927484541
61658,1.9675042823061268
61659,1.1644996911680643
61660,2.032590356615291
61661,2.0452472713925864
61662,1.6224388627499629
61663,1.6493969967159536
61664,1.5307726548469454
61665,2.2557675299927418
61666,2.2921868571368726
61667,2.1250424733504794
61668,1.8954567517053853
61669,1.2135992877267405
61670,2.1764457019127725
61671,1.018594711459091
61672,2.1371941609641603
61673,0.8701652599365026
61674,2.064654952644222
61675,2.3253778176851405
61676,1.8547393361288336
61677,5.831156217568836
61678,0.7805526744233795
61679,1.2362697853591875
61680,3.1633854314283703
61681,1.8532399702226634
61682,4.875595426287024
61683,1.554883317949848
61684,1.8662132175752255
61685,0.8508075589132353
61686,0.008098091572154686
61687,1.2150017183651052
61688,1.2225423338671
61689,2.3828580710009
61690,4.5556042846612606
61691,1.2173075634260648
61692,2.5407784145965344
61693,0.8831870352368902
61694,1.0558043995604045
61695,2.670406920005693
61696,2.924769205546969
61697,2.2096216059872837
61698,2.624586808514014
61699,1.4641457551889268
61700,1.9442096400251536
61701,2.050950267975825
61702,3.7428855846291107
61703,1.6817215761818467
61704,2.500712706986352
61705,1.14194023543482
61706,1.9141753539729258
61707,2.2081720056876897
61708,1.3838569451198488
61709,0.7523746913914273
61710,0.5370595056508058
61711,1.164753134612159
61712,2.0552676552560207
61713,3.040362575826382
61714,2.227741949111479
61715,3.297135518204474
61716,0.8736330370669556
61717,2.405514862715794
61718,1.2772096809599738
61719,1.871362983235489
61720,0.6455616549556318
61721,2.6265544793532776
61722,2.453251146707945
61723,2.14710210517595
61724,1.1458257664735392
61725,2.796934373657624
61726,1.3304542146051723
61727,1.4862313934765474
61728,0.6698621385003243
61729,2.8104705098504077
61730,1.3580310298469023
61731,1.7950028975145393
61732,1.5070507787726548
61733,0.5368930647702292
61734,2.975092715112911
61735,1.8353638752048518
61736,2.5572931801338292
61737,2.2540766380799973
61738,3.291144554829547
61739,1.380143886311405
61740,2.222787986671822
61741,1.9833770815940035
61742,1.7766568626526045
61743,0.2314727532729286
61744,2.4932441221872104
61745,0.7690219927093587
61746,2.8521116466728564
61747,2.2691651777915673
61748,1.971179660764907
61749,1.8491126820704586
61750,1.9586962269037294
61751,2.459702519486374
61752,1.5439750674666506
61753,2.3966205751504823
61754,0.15406026487865532
61755,1.9630774371293036
61756,0.542216236395948
61757,0.6136290026579765
61758,2.6867440948485104
61759,2.8192275153214474
61760,3.066968916877986
61761,2.775333385674603
61762,3.6400329083158205
61763,1.8454931341200087
61764,1.5608787865022613
61765,1.250129991954399
61766,2.410366513191722
61767,2.061495033630653
61768,2.3039536813672647
61769,2.1907298078318753
61770,3.3231084965880235
61771,3.851302549859671
61772,2.626017560682161
61773,1.8099265983243846
61774,3.130373124692003
61775,2.6106121114607994
61776,1.3456165268618214
61777,2.974540135201355
61778,1.4241998521985018
61779,2.277679348685016
61780,2.6743415753546778
61781,1.9673332138533546
61782,2.4971472689277654
61783,1.920157007822727
61784,2.11541924637584
61785,1.3222011017980186
61786,1.3945458888615896
61787,0.7402127842428037
61788,1.3653150361650752
61789,1.6504044637717676
61790,1.7019389585934483
61791,0.9646915265759652
61792,1.6205553653843516
61793,3.8149784529055673
61794,3.6509843853539827
61795,2.428191440210501
61796,1.8566139866058542
61797,0.500981074076126
61798,2.57252371701043
61799,0.6906249864652274
61800,2.0836258786736757
61801,1.137316081484503
61802,0.7039979200529878
61803,1.373955296750001
61804,4.9346557041222106
61805,3.155397524036008
61806,2.5158200466753193
61807,1.7584505649926747
61808,2.5049729484284207
61809,0.7380834225853086
61810,1.2660211803887513
61811,1.6293626304960789
61812,2.046806573887128
61813,2.677257060923555
61814,2.0546956317780065
61815,1.6207043225195754
61816,1.051378524749115
61817,2.681207695735342
61818,3.389776144180477
61819,3.506794099665914
61820,2.43660085450583
61821,2.2533450902576284
61822,2.5741635318474643
61823,1.8739072353402584
61824,1.4722670690273993
61825,2.526488695664032
61826,2.68568430560585
61827,1.5032891372360986
61828,1.4030422924999506
61829,3.447558430769906
61830,1.4910050200305456
61831,3.822111290885946
61832,1.3684260382042375
61833,2.443777572479835
61834,2.765413974051686
61835,1.8723878388432276
61836,4.519740013117943
61837,2.731184066340635
61838,2.393486615514778
61839,3.903942446285985
61840,1.1603632122605383
61841,4.093394041717037
61842,2.0070126712862795
61843,2.4361702737323903
61844,2.01924884989754
61845,1.4393629292159922
61846,2.6674980316641133
61847,3.0974001352205427
61848,2.2314481078966004
61849,2.2180714986966485
61850,4.321362158541437
61851,2.6708018859449147
61852,2.153058049502821
61853,2.031082101998525
61854,2.1749738791069753
61855,2.877019308938433
61856,1.4560862085840292
61857,2.023690021111239
61858,3.2376321615886106
61859,1.1897790620021205
61860,2.397038932387378
61861,1.8049747024473142
61862,0.8227301994519003
61863,1.1796958046394401
61864,2.2279481935785306
61865,1.663943095884239
61866,0.8310250519252271
61867,2.0413328003637368
61868,2.0574453751170303
61869,2.6004708503285237
61870,2.2861765111997876
61871,2.601914930386304
61872,3.9678863431634035
61873,2.485257686796192
61874,2.202602264857692
61875,2.455325518413222
61876,2.763884889446903
61877,2.1258648237964657
61878,2.053928970372173
61879,4.71751322260025
61880,3.685960305035511
61881,3.1174067855312195
61882,0.9994101608744508
61883,1.926792745902052
61884,2.157731140532892
61885,1.6906234322719662
61886,1.1277604834196673
61887,2.13022752157946
61888,2.949548124885556
61889,1.0137117152504551
61890,2.0142157770017697
61891,2.6162788623256326
61892,1.8143123608238376
61893,1.4031063202667475
61894,3.582034503657102
61895,3.2213193574138224
